{"credit": "Made with Blockbench","texture_size": [32, 32],"textures": {"0": "minecraft:item/grimdark/netherite_halberd","particle": "minecraft:grimdark/netherite_halberd"},"elements": [{"name": "netherite_halberd_0","from": [22, 0, -8],"to": [24, 1, -6],"rotation": { "angle": 0, "axis": "y", "origin": [-8, 0, -8] },"faces": {"north": { "uv": [16, 0, 15, 0.5], "texture": "#0" },"east": {"uv": [15.5, 0, 16, 1],"rotation": 90,"texture": "#0"},"south": { "uv": [15, 0.5, 16, 1], "texture": "#0" },"west": {"uv": [15, 0, 15.5, 1],"rotation": 270,"texture": "#0"},"up": { "uv": [15, 0, 16, 1], "texture": "#0" },"down": { "uv": [15, 1, 16, 0], "texture": "#0" }}},{"name": "netherite_halberd_1","from": [21, 0, -7],"to": [22, 1, -4],"rotation": { "angle": 0, "axis": "y", "origin": [-8, 0, -8] },"faces": {"north": { "uv": [15, 0.5, 14.5, 1], "texture": "#0" },"east": {"uv": [14.5, 0.5, 15, 2],"rotation": 90,"texture": "#0"},"south": { "uv": [14.5, 1.5, 15, 2], "texture": "#0" },"west": {"uv": [14.5, 0.5, 15, 2],"rotation": 270,"texture": "#0"},"up": { "uv": [14.5, 0.5, 15, 2], "texture": "#0" },"down": { "uv": [14.5, 2, 15, 0.5], "texture": "#0" }}},{"name": "netherite_halberd_2","from": [14, 0, -6],"to": [16, 1, -4],"rotation": { "angle": 0, "axis": "y", "origin": [-8, 0, -8] },"faces": {"north": { "uv": [12, 1, 11, 1.5], "texture": "#0" },"east": {"uv": [11.5, 1, 12, 2],"rotation": 90,"texture": "#0"},"south": { "uv": [11, 1.5, 12, 2], "texture": "#0" },"west": {"uv": [11, 1, 11.5, 2],"rotation": 270,"texture": "#0"},"up": { "uv": [11, 1, 12, 2], "texture": "#0" },"down": { "uv": [11, 2, 12, 1], "texture": "#0" }}},{"name": "netherite_halberd_3","from": [20, 0, -6],"to": [21, 1, -3],"rotation": { "angle": 0, "axis": "y", "origin": [-8, 0, -8] },"faces": {"north": { "uv": [14.5, 1, 14, 1.5], "texture": "#0" },"east": {"uv": [14, 1, 14.5, 2.5],"rotation": 90,"texture": "#0"},"south": { "uv": [14, 2, 14.5, 2.5], "texture": "#0" },"west": {"uv": [14, 1, 14.5, 2.5],"rotation": 270,"texture": "#0"},"up": { "uv": [14, 1, 14.5, 2.5], "texture": "#0" },"down": { "uv": [14, 2.5, 14.5, 1], "texture": "#0" }}},{"name": "netherite_halberd_4","from": [22, 0, -6],"to": [23, 1, -5],"rotation": { "angle": 0, "axis": "y", "origin": [-8, 0, -8] },"faces": {"north": { "uv": [15.5, 1, 15, 1.5], "texture": "#0" },"east": {"uv": [15, 1, 15.5, 1.5],"rotation": 90,"texture": "#0"},"south": { "uv": [15, 1, 15.5, 1.5], "texture": "#0" },"west": {"uv": [15, 1, 15.5, 1.5],"rotation": 270,"texture": "#0"},"up": { "uv": [15, 1, 15.5, 1.5], "texture": "#0" },"down": { "uv": [15, 1.5, 15.5, 1], "texture": "#0" }}},{"name": "netherite_halberd_5","from": [16, 0, -5],"to": [17, 1, 1],"rotation": { "angle": 0, "axis": "y", "origin": [-8, 0, -8] },"faces": {"north": { "uv": [12.5, 1.5, 12, 2], "texture": "#0" },"east": {"uv": [12, 1.5, 12.5, 4.5],"rotation": 90,"texture": "#0"},"south": { "uv": [12, 4, 12.5, 4.5], "texture": "#0" },"west": {"uv": [12, 1.5, 12.5, 4.5],"rotation": 270,"texture": "#0"},"up": { "uv": [12, 1.5, 12.5, 4.5], "texture": "#0" },"down": { "uv": [12, 4.5, 12.5, 1.5], "texture": "#0" }}},{"name": "netherite_halberd_6","from": [19, 0, -5],"to": [20, 1, 4],"rotation": { "angle": 0, "axis": "y", "origin": [-8, 0, -8] },"faces": {"north": { "uv": [14, 1.5, 13.5, 2], "texture": "#0" },"east": {"uv": [13.5, 1.5, 14, 6],"rotation": 90,"texture": "#0"},"south": { "uv": [13.5, 5.5, 14, 6], "texture": "#0" },"west": {"uv": [13.5, 1.5, 14, 6],"rotation": 270,"texture": "#0"},"up": { "uv": [13.5, 1.5, 14, 6], "texture": "#0" },"down": { "uv": [13.5, 6, 14, 1.5], "texture": "#0" }}},{"name": "netherite_halberd_7","from": [15, 0, -4],"to": [16, 1, -3],"rotation": { "angle": 0, "axis": "y", "origin": [-8, 0, -8] },"faces": {"north": { "uv": [12, 2, 11.5, 2.5], "texture": "#0" },"east": {"uv": [11.5, 2, 12, 2.5],"rotation": 90,"texture": "#0"},"south": { "uv": [11.5, 2, 12, 2.5], "texture": "#0" },"west": {"uv": [11.5, 2, 12, 2.5],"rotation": 270,"texture": "#0"},"up": { "uv": [11.5, 2, 12, 2.5], "texture": "#0" },"down": { "uv": [11.5, 2.5, 12, 2], "texture": "#0" }}},{"name": "netherite_halberd_8","from": [17, 0, -4],"to": [19, 1, 0],"rotation": { "angle": 0, "axis": "y", "origin": [-8, 0, -8] },"faces": {"north": { "uv": [13.5, 2, 12.5, 2.5], "texture": "#0" },"east": {"uv": [13, 2, 13.5, 4],"rotation": 90,"texture": "#0"},"south": { "uv": [12.5, 3.5, 13.5, 4], "texture": "#0" },"west": {"uv": [12.5, 2, 13, 4],"rotation": 270,"texture": "#0"},"up": { "uv": [12.5, 2, 13.5, 4], "texture": "#0" },"down": { "uv": [12.5, 4, 13.5, 2], "texture": "#0" }}},{"name": "netherite_halberd_9","from": [22, 0, -3],"to": [24, 1, 1],"rotation": { "angle": 0, "axis": "y", "origin": [-8, 0, -8] },"faces": {"north": { "uv": [16, 2.5, 15, 3], "texture": "#0" },"east": {"uv": [15.5, 2.5, 16, 4.5],"rotation": 90,"texture": "#0"},"south": { "uv": [15, 4, 16, 4.5], "texture": "#0" },"west": {"uv": [15, 2.5, 15.5, 4.5],"rotation": 270,"texture": "#0"},"up": { "uv": [15, 2.5, 16, 4.5], "texture": "#0" },"down": { "uv": [15, 4.5, 16, 2.5], "texture": "#0" }}},{"name": "netherite_halberd_10","from": [20, 0, -2],"to": [22, 1, 4],"rotation": { "angle": 0, "axis": "y", "origin": [-8, 0, -8] },"faces": {"north": { "uv": [15, 3, 14, 3.5], "texture": "#0" },"east": {"uv": [14.5, 3, 15, 6],"rotation": 90,"texture": "#0"},"south": { "uv": [14, 5.5, 15, 6], "texture": "#0" },"west": {"uv": [14, 3, 14.5, 6],"rotation": 270,"texture": "#0"},"up": { "uv": [14, 3, 15, 6], "texture": "#0" },"down": { "uv": [14, 6, 15, 3], "texture": "#0" }}},{"name": "netherite_halberd_11","from": [15, 0, -1],"to": [16, 1, 2],"rotation": { "angle": 0, "axis": "y", "origin": [-8, 0, -8] },"faces": {"north": { "uv": [12, 3.5, 11.5, 4], "texture": "#0" },"east": {"uv": [11.5, 3.5, 12, 5],"rotation": 90,"texture": "#0"},"south": { "uv": [11.5, 4.5, 12, 5], "texture": "#0" },"west": {"uv": [11.5, 3.5, 12, 5],"rotation": 270,"texture": "#0"},"up": { "uv": [11.5, 3.5, 12, 5], "texture": "#0" },"down": { "uv": [11.5, 5, 12, 3.5], "texture": "#0" }}},{"name": "netherite_halberd_12","from": [14, 0, 0],"to": [15, 1, 3],"rotation": { "angle": 0, "axis": "y", "origin": [-8, 0, -8] },"faces": {"north": { "uv": [11.5, 4, 11, 4.5], "texture": "#0" },"east": {"uv": [11, 4, 11.5, 5.5],"rotation": 90,"texture": "#0"},"south": { "uv": [11, 5, 11.5, 5.5], "texture": "#0" },"west": {"uv": [11, 4, 11.5, 5.5],"rotation": 270,"texture": "#0"},"up": { "uv": [11, 4, 11.5, 5.5], "texture": "#0" },"down": { "uv": [11, 5.5, 11.5, 4], "texture": "#0" }}},{"name": "netherite_halberd_13","from": [18, 0, 0],"to": [19, 1, 5],"rotation": { "angle": 0, "axis": "y", "origin": [-8, 0, -8] },"faces": {"north": { "uv": [13.5, 4, 13, 4.5], "texture": "#0" },"east": {"uv": [13, 4, 13.5, 6.5],"rotation": 90,"texture": "#0"},"south": { "uv": [13, 6, 13.5, 6.5], "texture": "#0" },"west": {"uv": [13, 4, 13.5, 6.5],"rotation": 270,"texture": "#0"},"up": { "uv": [13, 4, 13.5, 6.5], "texture": "#0" },"down": { "uv": [13, 6.5, 13.5, 4], "texture": "#0" }}},{"name": "netherite_halberd_14","from": [13, 0, 1],"to": [14, 1, 4],"rotation": { "angle": 0, "axis": "y", "origin": [-8, 0, -8] },"faces": {"north": { "uv": [11, 4.5, 10.5, 5], "texture": "#0" },"east": {"uv": [10.5, 4.5, 11, 6],"rotation": 90,"texture": "#0"},"south": { "uv": [10.5, 5.5, 11, 6], "texture": "#0" },"west": {"uv": [10.5, 4.5, 11, 6],"rotation": 270,"texture": "#0"},"up": { "uv": [10.5, 4.5, 11, 6], "texture": "#0" },"down": { "uv": [10.5, 6, 11, 4.5], "texture": "#0" }}},{"name": "netherite_halberd_15","from": [22, 0, 1],"to": [23, 1, 3],"rotation": { "angle": 0, "axis": "y", "origin": [-8, 0, -8] },"faces": {"north": { "uv": [15.5, 4.5, 15, 5], "texture": "#0" },"east": {"uv": [15, 4.5, 15.5, 5.5],"rotation": 90,"texture": "#0"},"south": { "uv": [15, 5, 15.5, 5.5], "texture": "#0" },"west": {"uv": [15, 4.5, 15.5, 5.5],"rotation": 270,"texture": "#0"},"up": { "uv": [15, 4.5, 15.5, 5.5], "texture": "#0" },"down": { "uv": [15, 5.5, 15.5, 4.5], "texture": "#0" }}},{"name": "netherite_halberd_16","from": [12, 0, 2],"to": [13, 1, 5],"rotation": { "angle": 0, "axis": "y", "origin": [-8, 0, -8] },"faces": {"north": { "uv": [10.5, 5, 10, 5.5], "texture": "#0" },"east": {"uv": [10, 5, 10.5, 6.5],"rotation": 90,"texture": "#0"},"south": { "uv": [10, 6, 10.5, 6.5], "texture": "#0" },"west": {"uv": [10, 5, 10.5, 6.5],"rotation": 270,"texture": "#0"},"up": { "uv": [10, 5, 10.5, 6.5], "texture": "#0" },"down": { "uv": [10, 6.5, 10.5, 5], "texture": "#0" }}},{"name": "netherite_halberd_17","from": [17, 0, 2],"to": [18, 1, 5],"rotation": { "angle": 0, "axis": "y", "origin": [-8, 0, -8] },"faces": {"north": { "uv": [13, 5, 12.5, 5.5], "texture": "#0" },"east": {"uv": [12.5, 5, 13, 6.5],"rotation": 90,"texture": "#0"},"south": { "uv": [12.5, 6, 13, 6.5], "texture": "#0" },"west": {"uv": [12.5, 5, 13, 6.5],"rotation": 270,"texture": "#0"},"up": { "uv": [12.5, 5, 13, 6.5], "texture": "#0" },"down": { "uv": [12.5, 6.5, 13, 5], "texture": "#0" }}},{"name": "netherite_halberd_18","from": [11, 0, 3],"to": [12, 1, 6],"rotation": { "angle": 0, "axis": "y", "origin": [-8, 0, -8] },"faces": {"north": { "uv": [10, 5.5, 9.5, 6], "texture": "#0" },"east": {"uv": [9.5, 5.5, 10, 7],"rotation": 90,"texture": "#0"},"south": { "uv": [9.5, 6.5, 10, 7], "texture": "#0" },"west": {"uv": [9.5, 5.5, 10, 7],"rotation": 270,"texture": "#0"},"up": { "uv": [9.5, 5.5, 10, 7], "texture": "#0" },"down": { "uv": [9.5, 7, 10, 5.5], "texture": "#0" }}},{"name": "netherite_halberd_19","from": [16, 0, 3],"to": [17, 1, 6],"rotation": { "angle": 0, "axis": "y", "origin": [-8, 0, -8] },"faces": {"north": { "uv": [12.5, 5.5, 12, 6], "texture": "#0" },"east": {"uv": [12, 5.5, 12.5, 7],"rotation": 90,"texture": "#0"},"south": { "uv": [12, 6.5, 12.5, 7], "texture": "#0" },"west": {"uv": [12, 5.5, 12.5, 7],"rotation": 270,"texture": "#0"},"up": { "uv": [12, 5.5, 12.5, 7], "texture": "#0" },"down": { "uv": [12, 7, 12.5, 5.5], "texture": "#0" }}},{"name": "netherite_halberd_20","from": [10, 0, 4],"to": [11, 1, 7],"rotation": { "angle": 0, "axis": "y", "origin": [-8, 0, -8] },"faces": {"north": { "uv": [9.5, 6, 9, 6.5], "texture": "#0" },"east": {"uv": [9, 6, 9.5, 7.5],"rotation": 90,"texture": "#0"},"south": { "uv": [9, 7, 9.5, 7.5], "texture": "#0" },"west": {"uv": [9, 6, 9.5, 7.5],"rotation": 270,"texture": "#0"},"up": { "uv": [9, 6, 9.5, 7.5], "texture": "#0" },"down": { "uv": [9, 7.5, 9.5, 6], "texture": "#0" }}},{"name": "netherite_halberd_21","from": [9, 0, 5],"to": [10, 1, 8],"rotation": { "angle": 0, "axis": "y", "origin": [-8, 0, -8] },"faces": {"north": { "uv": [9, 6.5, 8.5, 7], "texture": "#0" },"east": {"uv": [8.5, 6.5, 9, 8],"rotation": 90,"texture": "#0"},"south": { "uv": [8.5, 7.5, 9, 8], "texture": "#0" },"west": {"uv": [8.5, 6.5, 9, 8],"rotation": 270,"texture": "#0"},"up": { "uv": [8.5, 6.5, 9, 8], "texture": "#0" },"down": { "uv": [8.5, 8, 9, 6.5], "texture": "#0" }}},{"name": "netherite_halberd_22","from": [8, 0, 6],"to": [9, 1, 9],"rotation": { "angle": 0, "axis": "y", "origin": [-8, 0, -8] },"faces": {"north": { "uv": [8.5, 7, 8, 7.5], "texture": "#0" },"east": {"uv": [8, 7, 8.5, 8.5],"rotation": 90,"texture": "#0"},"south": { "uv": [8, 8, 8.5, 8.5], "texture": "#0" },"west": {"uv": [8, 7, 8.5, 8.5],"rotation": 270,"texture": "#0"},"up": { "uv": [8, 7, 8.5, 8.5], "texture": "#0" },"down": { "uv": [8, 8.5, 8.5, 7], "texture": "#0" }}},{"name": "netherite_halberd_23","from": [7, 0, 7],"to": [8, 1, 10],"rotation": { "angle": 0, "axis": "y", "origin": [-8, 0, -8] },"faces": {"north": { "uv": [8, 7.5, 7.5, 8], "texture": "#0" },"east": {"uv": [7.5, 7.5, 8, 9],"rotation": 90,"texture": "#0"},"south": { "uv": [7.5, 8.5, 8, 9], "texture": "#0" },"west": {"uv": [7.5, 7.5, 8, 9],"rotation": 270,"texture": "#0"},"up": { "uv": [7.5, 7.5, 8, 9], "texture": "#0" },"down": { "uv": [7.5, 9, 8, 7.5], "texture": "#0" }}},{"name": "netherite_halberd_24","from": [6, 0, 8],"to": [7, 1, 11],"rotation": { "angle": 0, "axis": "y", "origin": [-8, 0, -8] },"faces": {"north": { "uv": [7.5, 8, 7, 8.5], "texture": "#0" },"east": {"uv": [7, 8, 7.5, 9.5],"rotation": 90,"texture": "#0"},"south": { "uv": [7, 9, 7.5, 9.5], "texture": "#0" },"west": {"uv": [7, 8, 7.5, 9.5],"rotation": 270,"texture": "#0"},"up": { "uv": [7, 8, 7.5, 9.5], "texture": "#0" },"down": { "uv": [7, 9.5, 7.5, 8], "texture": "#0" }}},{"name": "netherite_halberd_25","from": [5, 0, 9],"to": [6, 1, 12],"rotation": { "angle": 0, "axis": "y", "origin": [-8, 0, -8] },"faces": {"north": { "uv": [7, 8.5, 6.5, 9], "texture": "#0" },"east": {"uv": [6.5, 8.5, 7, 10],"rotation": 90,"texture": "#0"},"south": { "uv": [6.5, 9.5, 7, 10], "texture": "#0" },"west": {"uv": [6.5, 8.5, 7, 10],"rotation": 270,"texture": "#0"},"up": { "uv": [6.5, 8.5, 7, 10], "texture": "#0" },"down": { "uv": [6.5, 10, 7, 8.5], "texture": "#0" }}},{"name": "netherite_halberd_26","from": [4, 0, 10],"to": [5, 1, 13],"rotation": { "angle": 0, "axis": "y", "origin": [-8, 0, -8] },"faces": {"north": { "uv": [6.5, 9, 6, 9.5], "texture": "#0" },"east": {"uv": [6, 9, 6.5, 10.5],"rotation": 90,"texture": "#0"},"south": { "uv": [6, 10, 6.5, 10.5], "texture": "#0" },"west": {"uv": [6, 9, 6.5, 10.5],"rotation": 270,"texture": "#0"},"up": { "uv": [6, 9, 6.5, 10.5], "texture": "#0" },"down": { "uv": [6, 10.5, 6.5, 9], "texture": "#0" }}},{"name": "netherite_halberd_27","from": [3, 0, 11],"to": [4, 1, 14],"rotation": { "angle": 0, "axis": "y", "origin": [-8, 0, -8] },"faces": {"north": { "uv": [6, 9.5, 5.5, 10], "texture": "#0" },"east": {"uv": [5.5, 9.5, 6, 11],"rotation": 90,"texture": "#0"},"south": { "uv": [5.5, 10.5, 6, 11], "texture": "#0" },"west": {"uv": [5.5, 9.5, 6, 11],"rotation": 270,"texture": "#0"},"up": { "uv": [5.5, 9.5, 6, 11], "texture": "#0" },"down": { "uv": [5.5, 11, 6, 9.5], "texture": "#0" }}},{"name": "netherite_halberd_28","from": [2, 0, 12],"to": [3, 1, 15],"rotation": { "angle": 0, "axis": "y", "origin": [-8, 0, -8] },"faces": {"north": { "uv": [5.5, 10, 5, 10.5], "texture": "#0" },"east": {"uv": [5, 10, 5.5, 11.5],"rotation": 90,"texture": "#0"},"south": { "uv": [5, 11, 5.5, 11.5], "texture": "#0" },"west": {"uv": [5, 10, 5.5, 11.5],"rotation": 270,"texture": "#0"},"up": { "uv": [5, 10, 5.5, 11.5], "texture": "#0" },"down": { "uv": [5, 11.5, 5.5, 10], "texture": "#0" }}},{"name": "netherite_halberd_29","from": [1, 0, 13],"to": [2, 1, 16],"rotation": { "angle": 0, "axis": "y", "origin": [-8, 0, -8] },"faces": {"north": { "uv": [5, 10.5, 4.5, 11], "texture": "#0" },"east": {"uv": [4.5, 10.5, 5, 12],"rotation": 90,"texture": "#0"},"south": { "uv": [4.5, 11.5, 5, 12], "texture": "#0" },"west": {"uv": [4.5, 10.5, 5, 12],"rotation": 270,"texture": "#0"},"up": { "uv": [4.5, 10.5, 5, 12], "texture": "#0" },"down": { "uv": [4.5, 12, 5, 10.5], "texture": "#0" }}},{"name": "netherite_halberd_30","from": [0, 0, 14],"to": [1, 1, 17],"rotation": { "angle": 0, "axis": "y", "origin": [-8, 0, -8] },"faces": {"north": { "uv": [4.5, 11, 4, 11.5], "texture": "#0" },"east": {"uv": [4, 11, 4.5, 12.5],"rotation": 90,"texture": "#0"},"south": { "uv": [4, 12, 4.5, 12.5], "texture": "#0" },"west": {"uv": [4, 11, 4.5, 12.5],"rotation": 270,"texture": "#0"},"up": { "uv": [4, 11, 4.5, 12.5], "texture": "#0" },"down": { "uv": [4, 12.5, 4.5, 11], "texture": "#0" }}},{"name": "netherite_halberd_31","from": [-1, 0, 15],"to": [0, 1, 18],"rotation": { "angle": 0, "axis": "y", "origin": [-8, 0, -8] },"faces": {"north": { "uv": [4, 11.5, 3.5, 12], "texture": "#0" },"east": {"uv": [3.5, 11.5, 4, 13],"rotation": 90,"texture": "#0"},"south": { "uv": [3.5, 12.5, 4, 13], "texture": "#0" },"west": {"uv": [3.5, 11.5, 4, 13],"rotation": 270,"texture": "#0"},"up": { "uv": [3.5, 11.5, 4, 13], "texture": "#0" },"down": { "uv": [3.5, 13, 4, 11.5], "texture": "#0" }}},{"name": "netherite_halberd_32","from": [-2, 0, 16],"to": [-1, 1, 19],"rotation": { "angle": 0, "axis": "y", "origin": [-8, 0, -8] },"faces": {"north": { "uv": [3.5, 12, 3, 12.5], "texture": "#0" },"east": {"uv": [3, 12, 3.5, 13.5],"rotation": 90,"texture": "#0"},"south": { "uv": [3, 13, 3.5, 13.5], "texture": "#0" },"west": {"uv": [3, 12, 3.5, 13.5],"rotation": 270,"texture": "#0"},"up": { "uv": [3, 12, 3.5, 13.5], "texture": "#0" },"down": { "uv": [3, 13.5, 3.5, 12], "texture": "#0" }}},{"name": "netherite_halberd_33","from": [-3, 0, 17],"to": [-2, 1, 20],"rotation": { "angle": 0, "axis": "y", "origin": [-8, 0, -8] },"faces": {"north": { "uv": [3, 12.5, 2.5, 13], "texture": "#0" },"east": {"uv": [2.5, 12.5, 3, 14],"rotation": 90,"texture": "#0"},"south": { "uv": [2.5, 13.5, 3, 14], "texture": "#0" },"west": {"uv": [2.5, 12.5, 3, 14],"rotation": 270,"texture": "#0"},"up": { "uv": [2.5, 12.5, 3, 14], "texture": "#0" },"down": { "uv": [2.5, 14, 3, 12.5], "texture": "#0" }}},{"name": "netherite_halberd_34","from": [-4, 0, 18],"to": [-3, 1, 21],"rotation": { "angle": 0, "axis": "y", "origin": [-8, 0, -8] },"faces": {"north": { "uv": [2.5, 13, 2, 13.5], "texture": "#0" },"east": {"uv": [2, 13, 2.5, 14.5],"rotation": 90,"texture": "#0"},"south": { "uv": [2, 14, 2.5, 14.5], "texture": "#0" },"west": {"uv": [2, 13, 2.5, 14.5],"rotation": 270,"texture": "#0"},"up": { "uv": [2, 13, 2.5, 14.5], "texture": "#0" },"down": { "uv": [2, 14.5, 2.5, 13], "texture": "#0" }}},{"name": "netherite_halberd_35","from": [-5, 0, 19],"to": [-4, 1, 22],"rotation": { "angle": 0, "axis": "y", "origin": [-8, 0, -8] },"faces": {"north": { "uv": [2, 13.5, 1.5, 14], "texture": "#0" },"east": {"uv": [1.5, 13.5, 2, 15],"rotation": 90,"texture": "#0"},"south": { "uv": [1.5, 14.5, 2, 15], "texture": "#0" },"west": {"uv": [1.5, 13.5, 2, 15],"rotation": 270,"texture": "#0"},"up": { "uv": [1.5, 13.5, 2, 15], "texture": "#0" },"down": { "uv": [1.5, 15, 2, 13.5], "texture": "#0" }}},{"name": "netherite_halberd_36","from": [-6, 0, 20],"to": [-5, 1, 24],"rotation": { "angle": 0, "axis": "y", "origin": [-8, 0, -8] },"faces": {"north": { "uv": [1.5, 14, 1, 14.5], "texture": "#0" },"east": {"uv": [1, 14, 1.5, 16],"rotation": 90,"texture": "#0"},"south": { "uv": [1, 15.5, 1.5, 16], "texture": "#0" },"west": {"uv": [1, 14, 1.5, 16],"rotation": 270,"texture": "#0"},"up": { "uv": [1, 14, 1.5, 16], "texture": "#0" },"down": { "uv": [1, 16, 1.5, 14], "texture": "#0" }}},{"name": "netherite_halberd_37","from": [-8, 0, 21],"to": [-6, 1, 24],"rotation": { "angle": 0, "axis": "y", "origin": [-8, 0, -8] },"faces": {"north": { "uv": [1, 14.5, 0, 15], "texture": "#0" },"east": {"uv": [0.5, 14.5, 1, 16],"rotation": 90,"texture": "#0"},"south": { "uv": [0, 15.5, 1, 16], "texture": "#0" },"west": {"uv": [0, 14.5, 0.5, 16],"rotation": 270,"texture": "#0"},"up": { "uv": [0, 14.5, 1, 16], "texture": "#0" },"down": { "uv": [0, 16, 1, 14.5], "texture": "#0" }}}],"gui_light": "front","display": {"thirdperson_righthand": {"rotation": [125, 0, -90],"translation": [6.5, 6.25, 0],"scale": [0.85, 0.85, 0.85]},"thirdperson_lefthand": {"rotation": [125, 0, 90],"translation": [-6.25, 6.25, 0],"scale": [0.85, 0.85, 0.85]},"firstperson_righthand": {"rotation": [90, 0, -75],"translation": [12, 2, 0]},"firstperson_lefthand": {"rotation": [90, 0, 105],"translation": [-6, 2, 0]},"ground": {"rotation": [90, 15, 0],"translation": [0, 5.5, 0],"scale": [0.5, 0.5, 0.5]},"gui": {"rotation": [90, 0, 0],"scale": [0.5, 0.5, 0.5]},"head": {"rotation": [90, 0, 0],"translation": [5, -9.5, 14],"scale": [1.25, 1.25, 1.25]},"fixed": {"rotation": [90, 0, -180],"translation": [0, 0, -6],"scale": [0.75, 0.75, 0.75]}},"groups": [{"name": "netherite_halberd","origin": [8, 8, 8],"color": 0,"children": [0, 1, 2, 3, 4, 5, 6, 7, 8, 9, 10, 11, 12, 13, 14, 15, 16, 17,18, 19, 20, 21, 22, 23, 24, 25, 26, 27, 28, 29, 30, 31, 32, 33,34, 35, 36, 37]}]}