{"credit": "Made with Blockbench","texture_size": [64, 64],"textures": {"0": "minecraft:item/tristenlosey/enderman_hide_hat","particle": "minecraft:item/tristenlosey/enderman_hide_hat"},"elements": [{"from": [4, 14, 4],"to": [4, 19, 13],"faces": {"north": { "uv": [8.75, 4.5, 11, 5.75], "texture": "#0" },"east": { "uv": [8.75, 4.5, 11, 5.75], "texture": "#0" },"south": { "uv": [8.75, 4.5, 11, 5.75], "texture": "#0" },"west": { "uv": [8.75, 4.5, 11, 5.75], "texture": "#0" },"up": { "uv": [8.75, 4.5, 11, 5.75], "texture": "#0" },"down": { "uv": [8.75, 4.5, 11, 5.75], "texture": "#0" }}},{"name": "face","from": [4, 15, 4],"to": [13, 19, 4],"faces": {"north": { "uv": [8.75, 8.25, 10.75, 9.25], "texture": "#0" },"east": { "uv": [0, 0, 0, 1], "texture": "#0" },"south": { "uv": [9, 0, 11.25, 1], "texture": "#0" },"west": { "uv": [0, 0, 0, 1], "texture": "#0" },"up": { "uv": [2.25, 0, 0, 0], "texture": "#0" },"down": { "uv": [2.25, 0, 0, 0], "texture": "#0" }}},{"from": [3.75, 18, 3.75],"to": [13.25, 19.25, 3.75],"faces": {"north": { "uv": [9, 4, 11.5, 4.375], "texture": "#0" },"east": { "uv": [0, 0, 0, 0.25], "texture": "#0" },"south": { "uv": [9, 4.25, 11.5, 4.5], "texture": "#0" },"west": { "uv": [0, 0, 0, 0.25], "texture": "#0" },"up": { "uv": [2.5, 0, 0, 0], "texture": "#0" },"down": { "uv": [2.5, 0, 0, 0], "texture": "#0" }}},{"from": [3.75, 15, 3.75],"to": [13.25, 16.25, 3.75],"faces": {"north": { "uv": [8.75, 9.25, 11.25, 9.5], "texture": "#0" },"east": { "uv": [8.75, 9.25, 11.25, 9.5], "texture": "#0" },"south": { "uv": [8.75, 9.25, 11.25, 9.5], "texture": "#0" },"west": { "uv": [8.75, 9.25, 11.25, 9.5], "texture": "#0" },"up": { "uv": [8.75, 9.25, 11.25, 9.5], "texture": "#0" },"down": { "uv": [8.75, 9.25, 11.25, 9.5], "texture": "#0" }}},{"from": [3.75, 18, 13.25],"to": [13.25, 19.25, 13.25],"faces": {"north": { "uv": [0, 9.75, 2.5, 10], "texture": "#0" },"east": { "uv": [0, 0, 0, 0.25], "texture": "#0" },"south": { "uv": [2.5, 9.75, 5, 10.125], "texture": "#0" },"west": { "uv": [0, 0, 0, 0.25], "texture": "#0" },"up": { "uv": [2.5, 0, 0, 0], "texture": "#0" },"down": { "uv": [2.5, 0, 0, 0], "texture": "#0" }}},{"from": [3.75, 15, 13.25],"to": [13.25, 16.25, 13.25],"faces": {"north": { "uv": [7.5, 9.75, 10, 10], "texture": "#0" },"east": { "uv": [7.5, 9.75, 10, 10], "texture": "#0" },"south": { "uv": [7.5, 9.75, 10, 10], "texture": "#0" },"west": { "uv": [7.5, 9.75, 10, 10], "texture": "#0" },"up": { "uv": [7.5, 9.75, 10, 10], "texture": "#0" },"down": { "uv": [7.5, 9.75, 10, 10], "texture": "#0" }}},{"from": [13.25, 18, 3.75],"to": [13.25, 19.25, 13.25],"rotation": {"angle": 0,"axis": "y","origin": [13.25, 18.75, 13]},"faces": {"north": { "uv": [0, 0, 0, 0.25], "texture": "#0" },"east": { "uv": [0, 10, 2.5, 10.375], "texture": "#0" },"south": { "uv": [0, 0, 0, 0.25], "texture": "#0" },"west": { "uv": [2.5, 10, 5, 10.25], "texture": "#0" },"up": { "uv": [0, 2.5, 0, 0], "texture": "#0" },"down": { "uv": [0, 0, 0, 2.5], "texture": "#0" }}},{"from": [13.25, 15, 3.75],"to": [13.25, 16.25, 13.25],"rotation": {"angle": 0,"axis": "y","origin": [13.25, 18.75, 13]},"faces": {"north": { "uv": [5, 10, 7.5, 10.25], "texture": "#0" },"east": { "uv": [5, 10, 7.5, 10.25], "texture": "#0" },"south": { "uv": [5, 10, 7.5, 10.25], "texture": "#0" },"west": { "uv": [5, 10, 7.5, 10.25], "texture": "#0" },"up": { "uv": [5, 10, 7.5, 10.25], "texture": "#0" },"down": { "uv": [5, 10, 7.5, 10.25], "texture": "#0" }}},{"from": [3.75, 18, 3.75],"to": [3.75, 19.25, 13.25],"rotation": {"angle": 0,"axis": "y","origin": [13.25, 18.75, 13]},"faces": {"north": { "uv": [0, 0, 0, 0.25], "texture": "#0" },"east": { "uv": [10, 9.75, 12.5, 10], "texture": "#0" },"south": { "uv": [0, 0, 0, 0.25], "texture": "#0" },"west": { "uv": [10, 10, 12.5, 10.375], "texture": "#0" },"up": { "uv": [0, 2.5, 0, 0], "texture": "#0" },"down": { "uv": [0, 0, 0, 2.5], "texture": "#0" }}},{"from": [3.75, 15, 3.75],"to": [3.75, 16.25, 13.25],"rotation": {"angle": 0,"axis": "y","origin": [13.25, 18.75, 13]},"faces": {"north": { "uv": [2.5, 10.25, 5, 10.5], "texture": "#0" },"east": { "uv": [2.5, 10.25, 5, 10.5], "texture": "#0" },"south": { "uv": [2.5, 10.25, 5, 10.5], "texture": "#0" },"west": { "uv": [2.5, 10.25, 5, 10.5], "texture": "#0" },"up": { "uv": [2.5, 10.25, 5, 10.5], "texture": "#0" },"down": { "uv": [2.5, 10.25, 5, 10.5], "texture": "#0" }}},{"from": [12, 14, 4],"to": [13, 15, 4],"faces": {"north": { "uv": [7.25, 4.5, 7.5, 4.75], "texture": "#0" },"east": { "uv": [0, 0, 0, 0.25], "texture": "#0" },"south": { "uv": [7.25, 4.75, 7.5, 5], "texture": "#0" },"west": { "uv": [0, 0, 0, 0.25], "texture": "#0" },"up": { "uv": [0.25, 0, 0, 0], "texture": "#0" },"down": { "uv": [0.25, 0, 0, 0], "texture": "#0" }}},{"from": [4, 14, 4],"to": [5, 15, 4],"faces": {"north": { "uv": [7.5, 4.5, 7.75, 4.75], "texture": "#0" },"east": { "uv": [0, 0, 0, 0.25], "texture": "#0" },"south": { "uv": [7.5, 4.75, 7.75, 5], "texture": "#0" },"west": { "uv": [0, 0, 0, 0.25], "texture": "#0" },"up": { "uv": [0.25, 0, 0, 0], "texture": "#0" },"down": { "uv": [0.25, 0, 0, 0], "texture": "#0" }}},{"from": [14, 14, 1],"to": [15, 15, 1],"faces": {"north": { "uv": [8, 4.5, 8.25, 4.75], "texture": "#0" },"east": { "uv": [8, 4.5, 8.25, 4.75], "texture": "#0" },"south": { "uv": [8, 4.5, 8.25, 4.75], "texture": "#0" },"west": { "uv": [8, 4.5, 8.25, 4.75], "texture": "#0" },"up": { "uv": [8, 4.5, 8.25, 4.75], "texture": "#0" },"down": { "uv": [8, 4.5, 8.25, 4.75], "texture": "#0" }}},{"from": [11, 14, 0],"to": [12, 15, 0],"faces": {"north": { "uv": [8.5, 4.5, 8.75, 4.75], "texture": "#0" },"east": { "uv": [8.5, 4.5, 8.75, 4.75], "texture": "#0" },"south": { "uv": [8.5, 4.5, 8.75, 4.75], "texture": "#0" },"west": { "uv": [8.5, 4.5, 8.75, 4.75], "texture": "#0" },"up": { "uv": [8.5, 4.5, 8.75, 4.75], "texture": "#0" },"down": { "uv": [8.5, 4.5, 8.75, 4.75], "texture": "#0" }}},{"from": [8, 14, 0],"to": [9, 15, 0],"faces": {"north": { "uv": [2.25, 9.25, 2.5, 9.5], "texture": "#0" },"east": { "uv": [2.25, 9.25, 2.5, 9.5], "texture": "#0" },"south": { "uv": [2.25, 9.25, 2.5, 9.5], "texture": "#0" },"west": { "uv": [2.25, 9.25, 2.5, 9.5], "texture": "#0" },"up": { "uv": [2.25, 9.25, 2.5, 9.5], "texture": "#0" },"down": { "uv": [2.25, 9.25, 2.5, 9.5], "texture": "#0" }}},{"from": [6, 14, 0],"to": [7, 15, 0],"faces": {"north": { "uv": [2.75, 9.25, 3, 9.5], "texture": "#0" },"east": { "uv": [2.75, 9.25, 3, 9.5], "texture": "#0" },"south": { "uv": [2.75, 9.25, 3, 9.5], "texture": "#0" },"west": { "uv": [2.75, 9.25, 3, 9.5], "texture": "#0" },"up": { "uv": [2.75, 9.25, 3, 9.5], "texture": "#0" },"down": { "uv": [2.75, 9.25, 3, 9.5], "texture": "#0" }}},{"from": [5, 14, 0],"to": [6, 15, 0],"faces": {"north": { "uv": [3.25, 9.25, 3.5, 9.5], "texture": "#0" },"east": { "uv": [3.25, 9.25, 3.5, 9.5], "texture": "#0" },"south": { "uv": [3.25, 9.25, 3.5, 9.5], "texture": "#0" },"west": { "uv": [3.25, 9.25, 3.5, 9.5], "texture": "#0" },"up": { "uv": [3.25, 9.25, 3.5, 9.5], "texture": "#0" },"down": { "uv": [3.25, 9.25, 3.5, 9.5], "texture": "#0" }}},{"from": [3, 14, 1],"to": [4, 15, 1],"faces": {"north": { "uv": [3.75, 9.25, 4, 9.5], "texture": "#0" },"east": { "uv": [3.75, 9.25, 4, 9.5], "texture": "#0" },"south": { "uv": [3.75, 9.25, 4, 9.5], "texture": "#0" },"west": { "uv": [3.75, 9.25, 4, 9.5], "texture": "#0" },"up": { "uv": [3.75, 9.25, 4, 9.5], "texture": "#0" },"down": { "uv": [3.75, 9.25, 4, 9.5], "texture": "#0" }}},{"from": [2, 14, 1],"to": [2, 15, 2],"faces": {"north": { "uv": [2.5, 9.5, 2.75, 9.75], "texture": "#0" },"east": { "uv": [2.5, 9.5, 2.75, 9.75], "texture": "#0" },"south": { "uv": [2.5, 9.5, 2.75, 9.75], "texture": "#0" },"west": { "uv": [2.5, 9.5, 2.75, 9.75], "texture": "#0" },"up": { "uv": [2.5, 9.5, 2.75, 9.75], "texture": "#0" },"down": { "uv": [2.5, 9.5, 2.75, 9.75], "texture": "#0" }}},{"from": [1, 14, 2],"to": [1, 15, 3],"faces": {"north": { "uv": [3.5, 9.5, 3.75, 9.75], "texture": "#0" },"east": { "uv": [3.5, 9.5, 3.75, 9.75], "texture": "#0" },"south": { "uv": [3.5, 9.5, 3.75, 9.75], "texture": "#0" },"west": { "uv": [3.5, 9.5, 3.75, 9.75], "texture": "#0" },"up": { "uv": [3.5, 9.5, 3.75, 9.75], "texture": "#0" },"down": { "uv": [3.5, 9.5, 3.75, 9.75], "texture": "#0" }}},{"from": [1, 14, 3],"to": [1, 15, 4],"faces": {"north": { "uv": [4, 9.5, 4.25, 9.75], "texture": "#0" },"east": { "uv": [4, 9.5, 4.25, 9.75], "texture": "#0" },"south": { "uv": [4, 9.5, 4.25, 9.75], "texture": "#0" },"west": { "uv": [4, 9.5, 4.25, 9.75], "texture": "#0" },"up": { "uv": [4, 9.5, 4.25, 9.75], "texture": "#0" },"down": { "uv": [4, 9.5, 4.25, 9.75], "texture": "#0" }}},{"from": [0, 14, 6],"to": [0, 15, 7],"faces": {"north": { "uv": [7.25, 10.25, 7.5, 10.5], "texture": "#0" },"east": { "uv": [7.25, 10.25, 7.5, 10.5], "texture": "#0" },"south": { "uv": [7.25, 10.25, 7.5, 10.5], "texture": "#0" },"west": { "uv": [7.25, 10.25, 7.5, 10.5], "texture": "#0" },"up": { "uv": [7.25, 10.25, 7.5, 10.5], "texture": "#0" },"down": { "uv": [7.25, 10.25, 7.5, 10.5], "texture": "#0" }}},{"from": [0, 14, 10],"to": [0, 15, 11],"faces": {"north": { "uv": [7.75, 10.25, 8, 10.5], "texture": "#0" },"east": { "uv": [7.75, 10.25, 8, 10.5], "texture": "#0" },"south": { "uv": [7.75, 10.25, 8, 10.5], "texture": "#0" },"west": { "uv": [7.75, 10.25, 8, 10.5], "texture": "#0" },"up": { "uv": [7.75, 10.25, 8, 10.5], "texture": "#0" },"down": { "uv": [7.75, 10.25, 8, 10.5], "texture": "#0" }}},{"from": [0, 14, 11],"to": [0, 15, 12],"faces": {"north": { "uv": [8.25, 10.25, 8.5, 10.5], "texture": "#0" },"east": { "uv": [8.25, 10.25, 8.5, 10.5], "texture": "#0" },"south": { "uv": [8.25, 10.25, 8.5, 10.5], "texture": "#0" },"west": { "uv": [8.25, 10.25, 8.5, 10.5], "texture": "#0" },"up": { "uv": [8.25, 10.25, 8.5, 10.5], "texture": "#0" },"down": { "uv": [8.25, 10.25, 8.5, 10.5], "texture": "#0" }}},{"from": [2, 14, 16],"to": [3, 15, 16],"faces": {"north": { "uv": [9.25, 10.25, 9.5, 10.5], "texture": "#0" },"east": { "uv": [9.25, 10.25, 9.5, 10.5], "texture": "#0" },"south": { "uv": [9.25, 10.25, 9.5, 10.5], "texture": "#0" },"west": { "uv": [9.25, 10.25, 9.5, 10.5], "texture": "#0" },"up": { "uv": [9.25, 10.25, 9.5, 10.5], "texture": "#0" },"down": { "uv": [9.25, 10.25, 9.5, 10.5], "texture": "#0" }}},{"from": [6, 14, 17],"to": [7, 15, 17],"faces": {"north": { "uv": [9.75, 10.25, 10, 10.5], "texture": "#0" },"east": { "uv": [9.75, 10.25, 10, 10.5], "texture": "#0" },"south": { "uv": [9.75, 10.25, 10, 10.5], "texture": "#0" },"west": { "uv": [9.75, 10.25, 10, 10.5], "texture": "#0" },"up": { "uv": [9.75, 10.25, 10, 10.5], "texture": "#0" },"down": { "uv": [9.75, 10.25, 10, 10.5], "texture": "#0" }}},{"from": [7, 14, 17],"to": [8, 15, 17],"faces": {"north": { "uv": [10, 10.25, 10.25, 10.5], "texture": "#0" },"east": { "uv": [0, 0, 0, 0.25], "texture": "#0" },"south": { "uv": [10.25, 10.25, 10.5, 10.5], "texture": "#0" },"west": { "uv": [0, 0, 0, 0.25], "texture": "#0" },"up": { "uv": [0.25, 0, 0, 0], "texture": "#0" },"down": { "uv": [0.25, 0, 0, 0], "texture": "#0" }}},{"from": [10, 14, 17],"to": [11, 15, 17],"faces": {"north": { "uv": [0.25, 10.5, 0.5, 10.75], "texture": "#0" },"east": { "uv": [0.25, 10.5, 0.5, 10.75], "texture": "#0" },"south": { "uv": [0.25, 10.5, 0.5, 10.75], "texture": "#0" },"west": { "uv": [0.25, 10.5, 0.5, 10.75], "texture": "#0" },"up": { "uv": [0.25, 10.5, 0.5, 10.75], "texture": "#0" },"down": { "uv": [0.25, 10.5, 0.5, 10.75], "texture": "#0" }}},{"from": [12, 14, 17],"to": [13, 15, 17],"faces": {"north": { "uv": [0.75, 10.5, 1, 10.75], "texture": "#0" },"east": { "uv": [0.75, 10.5, 1, 10.75], "texture": "#0" },"south": { "uv": [0.75, 10.5, 1, 10.75], "texture": "#0" },"west": { "uv": [0.75, 10.5, 1, 10.75], "texture": "#0" },"up": { "uv": [0.75, 10.5, 1, 10.75], "texture": "#0" },"down": { "uv": [0.75, 10.5, 1, 10.75], "texture": "#0" }}},{"from": [15, 14, 15],"to": [16, 15, 15],"faces": {"north": { "uv": [1.25, 10.5, 1.5, 10.75], "texture": "#0" },"east": { "uv": [1.25, 10.5, 1.5, 10.75], "texture": "#0" },"south": { "uv": [1.25, 10.5, 1.5, 10.75], "texture": "#0" },"west": { "uv": [1.25, 10.5, 1.5, 10.75], "texture": "#0" },"up": { "uv": [1.25, 10.5, 1.5, 10.75], "texture": "#0" },"down": { "uv": [1.25, 10.5, 1.5, 10.75], "texture": "#0" }}},{"from": [16, 14, 14],"to": [16, 15, 15],"faces": {"north": { "uv": [1.5, 10.5, 1.75, 10.75], "texture": "#0" },"east": { "uv": [1.5, 10.5, 1.75, 10.75], "texture": "#0" },"south": { "uv": [1.5, 10.5, 1.75, 10.75], "texture": "#0" },"west": { "uv": [1.5, 10.5, 1.75, 10.75], "texture": "#0" },"up": { "uv": [1.5, 10.5, 1.75, 10.75], "texture": "#0" },"down": { "uv": [1.5, 10.5, 1.75, 10.75], "texture": "#0" }}},{"from": [17, 14, 11],"to": [17, 15, 12],"faces": {"north": { "uv": [2, 10.5, 2.25, 10.75], "texture": "#0" },"east": { "uv": [2, 10.5, 2.25, 10.75], "texture": "#0" },"south": { "uv": [2, 10.5, 2.25, 10.75], "texture": "#0" },"west": { "uv": [2, 10.5, 2.25, 10.75], "texture": "#0" },"up": { "uv": [2, 10.5, 2.25, 10.75], "texture": "#0" },"down": { "uv": [2, 10.5, 2.25, 10.75], "texture": "#0" }}},{"from": [17, 14, 9],"to": [17, 15, 10],"faces": {"north": { "uv": [2.5, 10.5, 2.75, 10.75], "texture": "#0" },"east": { "uv": [2.5, 10.5, 2.75, 10.75], "texture": "#0" },"south": { "uv": [2.5, 10.5, 2.75, 10.75], "texture": "#0" },"west": { "uv": [2.5, 10.5, 2.75, 10.75], "texture": "#0" },"up": { "uv": [2.5, 10.5, 2.75, 10.75], "texture": "#0" },"down": { "uv": [2.5, 10.5, 2.75, 10.75], "texture": "#0" }}},{"from": [17, 14, 6],"to": [17, 15, 7],"faces": {"north": { "uv": [3, 10.5, 3.25, 10.75], "texture": "#0" },"east": { "uv": [3, 10.5, 3.25, 10.75], "texture": "#0" },"south": { "uv": [3, 10.5, 3.25, 10.75], "texture": "#0" },"west": { "uv": [3, 10.5, 3.25, 10.75], "texture": "#0" },"up": { "uv": [3, 10.5, 3.25, 10.75], "texture": "#0" },"down": { "uv": [3, 10.5, 3.25, 10.75], "texture": "#0" }}},{"from": [17, 14, 5],"to": [17, 15, 6],"faces": {"north": { "uv": [3.5, 10.5, 3.75, 10.75], "texture": "#0" },"east": { "uv": [3.5, 10.5, 3.75, 10.75], "texture": "#0" },"south": { "uv": [3.5, 10.5, 3.75, 10.75], "texture": "#0" },"west": { "uv": [3.5, 10.5, 3.75, 10.75], "texture": "#0" },"up": { "uv": [3.5, 10.5, 3.75, 10.75], "texture": "#0" },"down": { "uv": [3.5, 10.5, 3.75, 10.75], "texture": "#0" }}},{"from": [16, 14, 3],"to": [16, 15, 4],"faces": {"north": { "uv": [4, 10.5, 4.25, 10.75], "texture": "#0" },"east": { "uv": [4, 10.5, 4.25, 10.75], "texture": "#0" },"south": { "uv": [4, 10.5, 4.25, 10.75], "texture": "#0" },"west": { "uv": [4, 10.5, 4.25, 10.75], "texture": "#0" },"up": { "uv": [4, 10.5, 4.25, 10.75], "texture": "#0" },"down": { "uv": [4, 10.5, 4.25, 10.75], "texture": "#0" }}},{"from": [15, 14, 1],"to": [15, 15, 2],"faces": {"north": { "uv": [4.5, 10.5, 4.75, 10.75], "texture": "#0" },"east": { "uv": [4.5, 10.5, 4.75, 10.75], "texture": "#0" },"south": { "uv": [4.5, 10.5, 4.75, 10.75], "texture": "#0" },"west": { "uv": [4.5, 10.5, 4.75, 10.75], "texture": "#0" },"up": { "uv": [4.5, 10.5, 4.75, 10.75], "texture": "#0" },"down": { "uv": [4.5, 10.5, 4.75, 10.75], "texture": "#0" }}},{"from": [13, 14, 0],"to": [13, 15, 1],"faces": {"north": { "uv": [4.5, 10.5, 4.75, 10.75], "texture": "#0" },"east": { "uv": [4.5, 10.5, 4.75, 10.75], "texture": "#0" },"south": { "uv": [4.5, 10.5, 4.75, 10.75], "texture": "#0" },"west": { "uv": [4.5, 10.5, 4.75, 10.75], "texture": "#0" },"up": { "uv": [4.5, 10.5, 4.75, 10.75], "texture": "#0" },"down": { "uv": [4.5, 10.5, 4.75, 10.75], "texture": "#0" }}},{"from": [1, 14, 14],"to": [1, 15, 15],"faces": {"north": { "uv": [7.25, 10.5, 7.5, 10.75], "texture": "#0" },"east": { "uv": [7.25, 10.5, 7.5, 10.75], "texture": "#0" },"south": { "uv": [7.25, 10.5, 7.5, 10.75], "texture": "#0" },"west": { "uv": [7.25, 10.5, 7.5, 10.75], "texture": "#0" },"up": { "uv": [7.25, 10.5, 7.5, 10.75], "texture": "#0" },"down": { "uv": [7.25, 10.5, 7.5, 10.75], "texture": "#0" }}},{"from": [13, 14, 4],"to": [13, 19, 13],"faces": {"north": { "uv": [8.75, 5.75, 11, 7], "texture": "#0" },"east": { "uv": [8.75, 5.75, 11, 7], "texture": "#0" },"south": { "uv": [8.75, 5.75, 11, 7], "texture": "#0" },"west": { "uv": [8.75, 5.75, 11, 7], "texture": "#0" },"up": { "uv": [8.75, 5.75, 11, 7], "texture": "#0" },"down": { "uv": [8.75, 5.75, 11, 7], "texture": "#0" }}},{"from": [4, 19, 4],"to": [13, 19, 13],"faces": {"north": { "uv": [9, 2.25, 6.75, 0], "texture": "#0" },"east": { "uv": [9, 2.25, 6.75, 0], "texture": "#0" },"south": { "uv": [9, 2.25, 6.75, 0], "texture": "#0" },"west": { "uv": [9, 2.25, 6.75, 0], "texture": "#0" },"up": { "uv": [8.75, 2.25, 6.75, 0], "texture": "#0" },"down": { "uv": [9, 2.25, 6.75, 0], "texture": "#0" }}},{"from": [3.75, 19.25, 3.75],"to": [13.25, 19.25, 13.25],"faces": {"north": { "uv": [6.75, 2.5, 4.25, 0], "texture": "#0" },"east": { "uv": [6.75, 2.5, 4.25, 0], "texture": "#0" },"south": { "uv": [6.75, 2.5, 4.25, 0], "texture": "#0" },"west": { "uv": [6.75, 2.5, 4.25, 0], "texture": "#0" },"up": { "uv": [6.75, 2.5, 4.25, 0], "texture": "#0" },"down": { "uv": [6.75, 2.5, 4.25, 0], "texture": "#0" }}},{"from": [4, 9, 4],"to": [4, 11, 13],"faces": {"north": { "uv": [9, 1.5, 11.25, 2], "texture": "#0" },"east": { "uv": [9, 1.5, 11.25, 2], "texture": "#0" },"south": { "uv": [9, 1.5, 11.25, 2], "texture": "#0" },"west": { "uv": [9, 1.5, 11.25, 2], "texture": "#0" },"up": { "uv": [9, 1.5, 11.25, 2], "texture": "#0" },"down": { "uv": [9, 1.5, 11.25, 2], "texture": "#0" }}},{"from": [13, 9, 4],"to": [13, 11, 13],"faces": {"north": { "uv": [9, 2, 11.25, 2.5], "texture": "#0" },"east": { "uv": [9, 2, 11.25, 2.5], "texture": "#0" },"south": { "uv": [9, 2, 11.25, 2.5], "texture": "#0" },"west": { "uv": [9, 2, 11.25, 2.5], "texture": "#0" },"up": { "uv": [9, 2, 11.25, 2.5], "texture": "#0" },"down": { "uv": [9, 2, 11.25, 2.5], "texture": "#0" }}},{"from": [13, 11, 10],"to": [13, 14, 13],"faces": {"north": { "uv": [2.25, 8.5, 3, 9.25], "texture": "#0" },"east": { "uv": [2.25, 8.5, 3, 9.25], "texture": "#0" },"south": { "uv": [2.25, 8.5, 3, 9.25], "texture": "#0" },"west": { "uv": [2.25, 8.5, 3, 9.25], "texture": "#0" },"up": { "uv": [2.25, 8.5, 3, 9.25], "texture": "#0" },"down": { "uv": [2.25, 8.5, 3, 9.25], "texture": "#0" }}},{"from": [4, 11, 10],"to": [4, 14, 13],"faces": {"north": { "uv": [5.75, 10.25, 6.5, 11], "texture": "#0" },"east": { "uv": [5.75, 10.25, 6.5, 11], "texture": "#0" },"south": { "uv": [5.75, 10.25, 6.5, 11], "texture": "#0" },"west": { "uv": [5.75, 10.25, 6.5, 11], "texture": "#0" },"up": { "uv": [5.75, 10.25, 6.5, 11], "texture": "#0" },"down": { "uv": [5.75, 10.25, 6.5, 11], "texture": "#0" }}},{"from": [4, 11, 6],"to": [4, 14, 7],"faces": {"north": { "uv": [4, 8.5, 4.25, 9.25], "texture": "#0" },"east": { "uv": [4, 8.5, 4.25, 9.25], "texture": "#0" },"south": { "uv": [4, 8.5, 4.25, 9.25], "texture": "#0" },"west": { "uv": [4, 8.5, 4.25, 9.25], "texture": "#0" },"up": { "uv": [4, 8.5, 4.25, 9.25], "texture": "#0" },"down": { "uv": [4, 8.5, 4.25, 9.25], "texture": "#0" }}},{"from": [13, 11, 6],"to": [13, 14, 7],"faces": {"north": { "uv": [6.5, 10.25, 6.75, 11], "texture": "#0" },"east": { "uv": [6.5, 10.25, 6.75, 11], "texture": "#0" },"south": { "uv": [6.5, 10.25, 6.75, 11], "texture": "#0" },"west": { "uv": [6.5, 10.25, 6.75, 11], "texture": "#0" },"up": { "uv": [6.5, 10.25, 6.75, 11], "texture": "#0" },"down": { "uv": [6.5, 10.25, 6.75, 11], "texture": "#0" }}},{"from": [4, 9, 4],"to": [13, 11, 4],"faces": {"north": { "uv": [9, 3, 11, 3.5], "texture": "#0" },"east": { "uv": [9, 3, 11.25, 3.5], "texture": "#0" },"south": { "uv": [9, 3, 11.25, 3.5], "texture": "#0" },"west": { "uv": [9, 3, 11.25, 3.5], "texture": "#0" },"up": { "uv": [9, 3, 11.25, 3.5], "texture": "#0" },"down": { "uv": [9, 3, 11.25, 3.5], "texture": "#0" }}},{"from": [4, 9, 4],"to": [13, 9, 13],"faces": {"north": { "uv": [8.75, 7.5, 6.5, 9.75], "texture": "#0" },"east": { "uv": [8.75, 7.5, 6.5, 9.75], "texture": "#0" },"south": { "uv": [8.75, 7.5, 6.5, 9.75], "texture": "#0" },"west": { "uv": [8.75, 7.5, 6.5, 9.75], "texture": "#0" },"up": { "uv": [8.75, 7.5, 6.5, 9.75], "texture": "#0" },"down": { "uv": [8.75, 7.5, 6.5, 9.75], "texture": "#0" }}},{"from": [4, 9, 13],"to": [13, 19, 13],"faces": {"north": { "uv": [6.5, 5, 8.75, 7.5], "texture": "#0" },"east": { "uv": [6.5, 5, 8.75, 7.5], "texture": "#0" },"south": { "uv": [6.5, 5, 8.5, 7.5], "texture": "#0" },"west": { "uv": [6.5, 5, 8.75, 7.5], "texture": "#0" },"up": { "uv": [6.5, 5, 8.75, 7.5], "texture": "#0" },"down": { "uv": [6.5, 5, 8.75, 7.5], "texture": "#0" }}},{"from": [5, 8, 13],"to": [6, 9, 13],"faces": {"north": { "uv": [7.5, 10.5, 7.75, 10.75], "texture": "#0" },"east": { "uv": [0, 0, 0, 0.25], "texture": "#0" },"south": { "uv": [7.75, 10.5, 8, 10.75], "texture": "#0" },"west": { "uv": [0, 0, 0, 0.25], "texture": "#0" },"up": { "uv": [0.25, 0, 0, 0], "texture": "#0" },"down": { "uv": [0.25, 0, 0, 0], "texture": "#0" }}},{"from": [9, 8, 13],"to": [10, 9, 13],"faces": {"north": { "uv": [8, 10.5, 8.25, 10.75], "texture": "#0" },"east": { "uv": [0, 0, 0, 0.25], "texture": "#0" },"south": { "uv": [8.25, 10.5, 8.5, 10.75], "texture": "#0" },"west": { "uv": [0, 0, 0, 0.25], "texture": "#0" },"up": { "uv": [0.25, 0, 0, 0], "texture": "#0" },"down": { "uv": [0.25, 0, 0, 0], "texture": "#0" }}},{"from": [11, 8, 13],"to": [12, 9, 13],"faces": {"north": { "uv": [8.5, 10.5, 8.75, 10.75], "texture": "#0" },"east": { "uv": [0, 0, 0, 0.25], "texture": "#0" },"south": { "uv": [8.75, 10.5, 9, 10.75], "texture": "#0" },"west": { "uv": [0, 0, 0, 0.25], "texture": "#0" },"up": { "uv": [0.25, 0, 0, 0], "texture": "#0" },"down": { "uv": [0.25, 0, 0, 0], "texture": "#0" }}},{"from": [6, 8, 13],"to": [7, 9, 13],"faces": {"north": { "uv": [9, 10.5, 9.25, 10.75], "texture": "#0" },"east": { "uv": [0, 0, 0, 0.25], "texture": "#0" },"south": { "uv": [9.25, 10.5, 9.5, 10.75], "texture": "#0" },"west": { "uv": [0, 0, 0, 0.25], "texture": "#0" },"up": { "uv": [0.25, 0, 0, 0], "texture": "#0" },"down": { "uv": [0.25, 0, 0, 0], "texture": "#0" }}},{"from": [0, 15, 0],"to": [17, 15, 17],"faces": {"north": { "uv": [4.25, 4.25, 0, 0], "texture": "#0" },"east": { "uv": [4.25, 4.25, 0, 0], "texture": "#0" },"south": { "uv": [4.25, 4.25, 0, 0], "texture": "#0" },"west": { "uv": [4.25, 4.25, 0, 0], "texture": "#0" },"up": { "uv": [4.25, 4.25, 0, 0], "texture": "#0" },"down": { "uv": [4.25, 4.25, 0, 0], "texture": "#0" }}}],"display": {"thirdperson_righthand": {"translation": [-0.25, -3.25, -1],"scale": [0.57, 0.57, 0.57]},"thirdperson_lefthand": {"translation": [-0.25, -3.25, -1],"scale": [0.57, 0.57, 0.57]},"firstperson_righthand": {"translation": [1.5, -5.75, 0]},"firstperson_lefthand": {"translation": [1.5, -5.75, 0]},"ground": {"translation": [0, -4.25, 0],"scale": [0.72, 0.72, 0.72]},"gui": {"rotation": [2, -180, 0],"translation": [0.5, -6, 0.75],"scale": [0.89, 0.89, 0.89]},"head": {"translation": [-1, -10, -1],"scale": [1.67, 1.73, 1.7]},"fixed": {"rotation": [-89, 0, 0],"translation": [0, 0, 1.25]}},"groups": [{"name": "hat","origin": [0, 0, 0],"color": 0,"children": [0, 1, 2, 3, 4, 5, 6, 7, 8, 9, 10, 11, 12, 13, 14, 15, 16, 17,18, 19, 20, 21, 22, 23, 24, 25, 26, 27, 28, 29, 30, 31, 32, 33,34, 35, 36, 37, 38, 39, 40, 41, 42, 43, 44, 45, 46, 47, 48, 49,50, 51, 52, 53, 54, 55]}]}