{"credit": "Made with Blockbench","texture_size": [32, 32],"textures": {"1": "minecraft:item/tristenlosey/guardian_eye_mask","2": "minecraft:item/tristenlosey/guardian_fin","3": "minecraft:item/tristenlosey/guardian_beam","particle": "minecraft:item/tristenlosey/guardian_beam"},"elements": [{"from": [8, 7.5, 1.25],"to": [9, 8.5, 1.5],"rotation": { "angle": 0, "axis": "y", "origin": [8, 7, 1.25] },"faces": {"north": { "uv": [1.5, 7, 2, 7.5], "texture": "#1" },"east": { "uv": [1.5, 7, 2, 7.5], "texture": "#1" },"south": { "uv": [1.5, 7, 2, 7.5], "texture": "#1" },"west": { "uv": [1.5, 7, 2, 7.5], "texture": "#1" },"up": { "uv": [1.5, 7, 2, 7.5], "texture": "#1" },"down": { "uv": [1.5, 7, 2, 7.5], "texture": "#1" }}},{"from": [10.5, 7.25, 2],"to": [10.75, 7.75, 3],"rotation": { "angle": 0, "axis": "y", "origin": [11.25, 6.75, 2] },"faces": {"north": { "uv": [5.5, 7, 6, 7.5], "texture": "#1" },"east": { "uv": [3, 7.5, 4, 8], "texture": "#1" },"south": { "uv": [7, 5.5, 7.5, 6], "texture": "#1" },"west": { "uv": [5, 5.5, 6, 6], "texture": "#1" },"up": { "uv": [4.5, 6.5, 4, 5.5], "texture": "#1" },"down": { "uv": [0.5, 6, 0, 7], "texture": "#1" }}},{"from": [10.5, 8.3, 2],"to": [10.75, 8.8, 3],"rotation": {"angle": 0,"axis": "y","origin": [3.25, -5.4, -6.25]},"faces": {"north": { "uv": [6, 7, 6.5, 7.5], "texture": "#1" },"east": { "uv": [3, 7.5, 4, 8], "texture": "#1" },"south": { "uv": [7, 6, 7.5, 6.5], "texture": "#1" },"west": { "uv": [5, 6, 6, 6.5], "texture": "#1" },"up": { "uv": [2, 7, 1.5, 6], "texture": "#1" },"down": { "uv": [6.5, 5, 6, 6], "texture": "#1" }}},{"from": [6.25, 7.25, 2],"to": [6.5, 7.75, 3],"rotation": { "angle": 0, "axis": "y", "origin": [6, 6.75, 2] },"faces": {"north": { "uv": [6.5, 7, 7, 7.5], "texture": "#1" },"east": { "uv": [6, 6, 7, 6.5], "texture": "#1" },"south": { "uv": [7, 7, 7.5, 7.5], "texture": "#1" },"west": { "uv": [2.5, 7.5, 2, 8], "texture": "#1" },"up": { "uv": [7, 2, 6.5, 1], "texture": "#1" },"down": { "uv": [3, 6.5, 2.5, 7.5], "texture": "#1" }}},{"from": [9.5, 7.25, 1.75],"to": [10.75, 7.75, 2],"rotation": { "angle": 0, "axis": "y", "origin": [4.75, -1.25, 0] },"faces": {"north": { "uv": [4, 8, 2.5, 8.5], "texture": "#1" },"east": { "uv": [1.5, 7.5, 2, 8], "texture": "#1" },"south": { "uv": [7.5, 1.5, 8, 2], "texture": "#1" },"west": { "uv": [2, 7.5, 2.5, 8], "texture": "#1" },"up": { "uv": [3, 8, 2.5, 7.5], "texture": "#1" },"down": { "uv": [3.5, 7.5, 3, 8], "texture": "#1" }}},{"from": [9.5, 8.3, 1.75],"to": [10.75, 8.8, 2],"rotation": { "angle": 0, "axis": "y", "origin": [4.75, -0.2, 0] },"faces": {"north": { "uv": [4, 8, 2.5, 8.5], "texture": "#1" },"east": { "uv": [4, 7.5, 4.5, 8], "texture": "#1" },"south": { "uv": [4.5, 7.5, 5, 8], "texture": "#1" },"west": { "uv": [5, 7.5, 5.5, 8], "texture": "#1" },"up": { "uv": [8, 5.5, 7.5, 5], "texture": "#1" },"down": { "uv": [6, 7.5, 5.5, 8], "texture": "#1" }}},{"from": [8.25, 6, 1.75],"to": [8.75, 6.25, 2.25],"rotation": { "angle": 0, "axis": "y", "origin": [8.75, 3.25, 2] },"faces": {"north": { "uv": [7.5, 5.5, 8, 6], "texture": "#1" },"east": { "uv": [6, 7.5, 6.5, 8], "texture": "#1" },"south": { "uv": [7.5, 6, 8, 6.5], "texture": "#1" },"west": { "uv": [6.5, 7.5, 7, 8], "texture": "#1" },"up": { "uv": [8, 7, 7.5, 6.5], "texture": "#1" },"down": { "uv": [7.5, 7.5, 7, 8], "texture": "#1" }}},{"from": [8.25, 6.25, 1.75],"to": [8.75, 6.75, 2],"rotation": { "angle": 0, "axis": "y", "origin": [8.75, 4.25, 2] },"faces": {"north": { "uv": [7.5, 7, 8, 7.5], "texture": "#1" },"east": { "uv": [7.5, 7.5, 8, 8], "texture": "#1" },"south": { "uv": [0, 8, 0.5, 8.5], "texture": "#1" },"west": { "uv": [0.5, 8, 1, 8.5], "texture": "#1" },"up": { "uv": [1.5, 8.5, 1, 8], "texture": "#1" },"down": { "uv": [8.5, 1, 8, 1.5], "texture": "#1" }}},{"from": [6.25, 7.25, 1.75],"to": [7.5, 7.75, 2],"rotation": { "angle": 0, "axis": "y", "origin": [0.5, -1.25, 0] },"faces": {"north": { "uv": [2.5, 8, 4, 8.5], "texture": "#1" },"east": { "uv": [8, 1.5, 8.5, 2], "texture": "#1" },"south": { "uv": [2, 8, 2.5, 8.5], "texture": "#1" },"west": { "uv": [8, 2, 8.5, 2.5], "texture": "#1" },"up": { "uv": [3, 8.5, 2.5, 8], "texture": "#1" },"down": { "uv": [8.5, 2.5, 8, 3], "texture": "#1" }}},{"from": [6.25, 8.3, 2],"to": [6.5, 8.8, 3],"rotation": { "angle": 0, "axis": "y", "origin": [6, 7.8, 2] },"faces": {"north": { "uv": [3.5, 8, 3, 8.5], "texture": "#1" },"east": { "uv": [3, 6.5, 4, 7], "texture": "#1" },"south": { "uv": [8, 3, 8.5, 3.5], "texture": "#1" },"west": { "uv": [3, 7.5, 2, 8], "texture": "#1" },"up": { "uv": [5.5, 7.5, 5, 6.5], "texture": "#1" },"down": { "uv": [7, 5, 6.5, 6], "texture": "#1" }}},{"from": [6.25, 8.3, 1.75],"to": [7.5, 8.8, 2],"rotation": { "angle": 0, "axis": "y", "origin": [0.5, -0.2, 0] },"faces": {"north": { "uv": [2.5, 8, 4, 8.5], "texture": "#1" },"east": { "uv": [8, 3.5, 8.5, 4], "texture": "#1" },"south": { "uv": [4, 8, 4.5, 8.5], "texture": "#1" },"west": { "uv": [8, 4, 8.5, 4.5], "texture": "#1" },"up": { "uv": [5, 8.5, 4.5, 8], "texture": "#1" },"down": { "uv": [8.5, 4.5, 8, 5], "texture": "#1" }}},{"from": [7.25, 6.75, 1.5],"to": [9.75, 9.25, 2],"faces": {"north": { "uv": [12.5, 12.5, 16, 16], "texture": "#1" },"east": { "uv": [15.5, 9, 16, 12.5], "texture": "#1" },"south": { "uv": [12.5, 12.5, 16, 16], "texture": "#1" },"west": { "uv": [15.5, 9, 16, 12.5], "texture": "#1" },"up": { "uv": [12.5, 8.5, 16, 9], "texture": "#1" },"down": { "uv": [15.5, 9, 16, 12.5], "texture": "#1" }}},{"from": [8, 5.75, 2.25],"to": [9, 6.25, 3],"rotation": { "angle": 0, "axis": "y", "origin": [0, -4.5, -0.25] },"faces": {"north": { "uv": [0, 9.5, 1, 10], "texture": "#1" },"east": { "uv": [0, 9.5, 1.375, 10], "texture": "#1" },"south": { "uv": [8, 5, 8.5, 5.5], "texture": "#1" },"west": { "uv": [0, 9.5, 1.5, 10], "texture": "#1" },"up": { "uv": [1, 11, 0, 9.5], "texture": "#1" },"down": { "uv": [1, 9.5, 0, 11], "texture": "#1" }}},{"name": "eye","from": [6.5, 6.25, 2],"to": [10.5, 9.75, 3],"faces": {"north": { "uv": [11, 0, 16, 4.5], "texture": "#1" },"east": { "uv": [11, 0, 9, 4.5], "texture": "#1" },"south": { "uv": [11, 0, 16, 4.5], "texture": "#1" },"west": { "uv": [9, 0, 11, 4.5], "texture": "#1" },"up": { "uv": [9, 5, 11, 0], "rotation": 90, "texture": "#1" },"down": { "uv": [11, 5, 9, 0], "rotation": 90, "texture": "#1" }}},{"from": [6.25, 8.2, -1.75],"to": [8.75, 8.2, 1.5],"rotation": { "angle": -45, "axis": "z", "origin": [8, 7, 1.25] },"faces": {"north": { "uv": [0, 0, 7.75, 16], "texture": "#3" },"east": { "uv": [0, 0, 7.75, 16], "texture": "#3" },"south": { "uv": [0, 0, 7.75, 16], "texture": "#3" },"west": { "uv": [0, 0, 7.75, 16], "texture": "#3" },"up": { "uv": [7.65, 0, 0, 16], "texture": "#3" },"down": { "uv": [0, 16, 7.75, 0], "texture": "#3" }}},{"from": [7.5, 7, -2],"to": [7.5, 9.25, 1.5],"rotation": { "angle": -45, "axis": "z", "origin": [8, 7, 1.25] },"faces": {"north": {"uv": [0, 0, 7.5625, 16],"rotation": 90,"texture": "#3"},"east": {"uv": [0, 0, 7.8125, 16],"rotation": 90,"texture": "#3"},"south": {"uv": [0, 0, 7.5625, 16],"rotation": 90,"texture": "#3"},"west": {"uv": [7.5625, 16, 0, 0],"rotation": 90,"texture": "#3"},"up": {"uv": [0, 0, 7.5625, 16],"rotation": 270,"texture": "#3"},"down": {"uv": [0, 0, 7.5625, 16],"rotation": 270,"texture": "#3"}}},{"from": [11.45, 7.5, 2.602],"to": [11.45, 8.5, 8.502],"faces": {"north": { "uv": [0, 13, 2.95, 13.5], "texture": "#1" },"east": { "uv": [0, 13, 2.95, 13.5], "texture": "#1" },"south": { "uv": [0, 13, 2.95, 13.5], "texture": "#1" },"west": { "uv": [0, 13, 2.95, 13.5], "texture": "#1" },"up": { "uv": [0, 13, 2.95, 13.5], "texture": "#1" },"down": { "uv": [0, 13, 2.95, 13.5], "texture": "#1" }}},{"from": [5.5, 7.5, 2.602],"to": [5.5, 8.5, 8.502],"faces": {"north": { "uv": [0, 12, 2.95, 12.5], "texture": "#1" },"east": { "uv": [0, 12, 2.95, 12.5], "texture": "#1" },"south": { "uv": [0, 12, 2.95, 12.5], "texture": "#1" },"west": { "uv": [0, 12, 2.95, 12.5], "texture": "#1" },"up": { "uv": [0, 12, 2.95, 12.5], "texture": "#1" },"down": { "uv": [0, 12, 2.95, 12.5], "texture": "#1" }}},{"from": [8, 9.5, 2.602],"to": [9, 11.15, 2.602],"rotation": { "angle": 0, "axis": "y", "origin": [9, 11.25, 2.5] },"faces": {"north": { "uv": [5, 14.5, 5.5, 15.325], "texture": "#1" },"east": { "uv": [5, 14.5, 5.5, 15.325], "texture": "#1" },"south": { "uv": [5, 14.5, 5.5, 15.325], "texture": "#1" },"west": { "uv": [5, 14.5, 5.5, 15.325], "texture": "#1" },"up": { "uv": [5, 14.5, 5.5, 15.325], "texture": "#1" },"down": { "uv": [5, 14.5, 5.5, 15.325], "texture": "#1" }}},{"from": [8, 11.149, 2.602],"to": [9, 11.149, 8.502],"rotation": {"angle": 0,"axis": "x","origin": [8, 10.251, 2.602]},"faces": {"north": {"uv": [5, 12, 5.5, 14.95],"rotation": 180,"texture": "#1"},"east": {"uv": [5, 12, 5.5, 14.95],"rotation": 180,"texture": "#1"},"south": {"uv": [5, 12, 5.5, 14.95],"rotation": 180,"texture": "#1"},"west": {"uv": [5, 12, 5.5, 14.95],"rotation": 180,"texture": "#1"},"up": {"uv": [5, 12, 5.5, 14.95],"rotation": 180,"texture": "#1"},"down": {"uv": [5, 12, 5.5, 14.95],"rotation": 180,"texture": "#1"}}},{"from": [8, 8.5, 8.501],"to": [9, 11.15, 8.501],"rotation": {"angle": 0,"axis": "x","origin": [8, 11.15, 7.603]},"faces": {"north": {"uv": [3.5, 12, 4, 13.325],"rotation": 180,"texture": "#1"},"east": {"uv": [3.5, 12, 4, 13.325],"rotation": 180,"texture": "#1"},"south": {"uv": [3.5, 12, 4, 13.325],"rotation": 180,"texture": "#1"},"west": {"uv": [3.5, 12, 4, 13.325],"rotation": 180,"texture": "#1"},"up": {"uv": [3.5, 12, 4, 13.325],"rotation": 180,"texture": "#1"},"down": {"uv": [3.5, 12, 4, 13.325],"rotation": 180,"texture": "#1"}}},{"from": [5.5, 7.5, 2.602],"to": [11.45, 8.5, 2.602],"faces": {"north": { "uv": [0, 13.5, 2.975, 14], "texture": "#1" },"east": { "uv": [0, 13.5, 2.975, 14], "texture": "#1" },"south": { "uv": [0, 13.5, 2.975, 14], "texture": "#1" },"west": { "uv": [0, 13.5, 2.975, 14], "texture": "#1" },"up": { "uv": [0, 13.5, 2.975, 14], "texture": "#1" },"down": { "uv": [0, 13.5, 2.975, 14], "texture": "#1" }}},{"from": [5.5, 7.5, 8.501],"to": [11.45, 8.5, 8.501],"rotation": { "angle": 0, "axis": "y", "origin": [0, 0, -0.101] },"faces": {"north": { "uv": [0, 12.5, 2.975, 13], "texture": "#1" },"east": { "uv": [0, 12.5, 2.975, 13], "texture": "#1" },"south": { "uv": [0, 12.5, 2.975, 13], "texture": "#1" },"west": { "uv": [0, 12.5, 2.975, 13], "texture": "#1" },"up": { "uv": [0, 12.5, 2.975, 13], "texture": "#1" },"down": { "uv": [0, 12.5, 2.975, 13], "texture": "#1" }}},{"from": [6.5, 5.55, 8.501],"to": [7.5, 7.5, 8.501],"rotation": {"angle": 0,"axis": "z","origin": [5.5, 7.5, 8.399]},"faces": {"north": {"uv": [11.5, 15.5, 12.475, 16],"rotation": 90,"texture": "#1"},"east": {"uv": [11.5, 15.5, 12.475, 16],"rotation": 90,"texture": "#1"},"south": {"uv": [11.5, 15.5, 12.475, 16],"rotation": 90,"texture": "#1"},"west": {"uv": [11.5, 15.5, 12.475, 16],"rotation": 90,"texture": "#1"},"up": {"uv": [11.5, 15.5, 12.475, 16],"rotation": 90,"texture": "#1"},"down": {"uv": [11.5, 15.5, 12.475, 16],"rotation": 90,"texture": "#1"}}},{"name": "fin","from": [8.5, 6.5, 8.5],"to": [8.5, 9.5, 12.5],"faces": {"north": { "uv": [6.25, 7, 8.5, 9.25], "texture": "#2" },"east": { "uv": [6.25, 7, 8.5, 9.25], "texture": "#2" },"south": { "uv": [6.25, 7, 8.5, 9.25], "texture": "#2" },"west": { "uv": [8.5, 7, 6.25, 9.25], "texture": "#2" },"up": { "uv": [6.25, 7, 8.5, 9.25], "texture": "#2" },"down": { "uv": [6.25, 7, 8.5, 9.25], "texture": "#2" }}}],"display": {"thirdperson_righthand": {"translation": [-0.25, 0, 0.25],"scale": [0.57, 0.57, 0.57]},"thirdperson_lefthand": {"translation": [-0.25, 0, 0.25],"scale": [0.57, 0.57, 0.57]},"firstperson_righthand": {"translation": [0, 3.5, 5.5],"scale": [1.34, 1.34, 0.94]},"firstperson_lefthand": {"translation": [0, 3.5, 5.5],"scale": [1.34, 1.34, 0.94]},"ground": {"translation": [-0.25, 0.5, 2.5]},"gui": {"rotation": [16, 145, 0],"translation": [2.75, 0.75, 0],"scale": [1.51, 1.51, 1.51]},"head": {"translation": [-1.25, -0.65, 6.25],"scale": [2.53, 2.53, 2.53]},"fixed": {"rotation": [-90, 0, 0],"translation": [-0.5, 3.25, -4.5],"scale": [1.51, 1.51, 1.51]}},"groups": [{"name": "group","origin": [0, -5, -0.25],"color": 0,"children": [0, 1, 2, 3, 4, 5, 6, 7, 8, 9, 10, 11, 12, 13]},{"name": "eye beam","origin": [8, 7, 1.25],"color": 0,"children": [14, 15]},{"name": "group","origin": [0, 0, 0],"color": 0,"children": [16, 17, 18, 19, 20, 21, 22, 23]},24]}