{"credit": "Made with Blockbench","texture_size": [64, 64],"textures": {"0": "minecraft:item/tristenlosey/mining_helmet","particle": "minecraft:item/tristenlosey/mining_helmet"},"elements": [{"from": [13, 7, 4],"to": [13, 11, 13],"faces": {"north": { "uv": [2.5, 4.5, 4.75, 5.5], "texture": "#0" },"east": { "uv": [2.5, 4.5, 4.75, 5.5], "texture": "#0" },"south": { "uv": [2.5, 4.5, 4.75, 5.5], "texture": "#0" },"west": { "uv": [2.5, 4.5, 4.75, 5.5], "texture": "#0" },"up": { "uv": [2.5, 4.5, 4.75, 5.5], "texture": "#0" },"down": { "uv": [2.5, 4.5, 4.75, 5.5], "texture": "#0" }}},{"from": [4, 7, 4],"to": [4, 11, 13],"faces": {"north": { "uv": [4.75, 2, 7, 3], "texture": "#0" },"east": { "uv": [4.75, 2, 7, 3], "texture": "#0" },"south": { "uv": [4.75, 2, 7, 3], "texture": "#0" },"west": { "uv": [4.75, 2, 7, 3], "texture": "#0" },"up": { "uv": [4.75, 2, 7, 3], "texture": "#0" },"down": { "uv": [4.75, 2, 7, 3], "texture": "#0" }}},{"from": [4, 7, 13],"to": [13, 11, 13],"faces": {"north": { "uv": [4.75, 4, 7, 5], "texture": "#0" },"east": { "uv": [4.75, 4, 7, 5], "texture": "#0" },"south": { "uv": [4.75, 4, 7, 5], "texture": "#0" },"west": { "uv": [4.75, 4, 7, 5], "texture": "#0" },"up": { "uv": [4.75, 4, 7, 5], "texture": "#0" },"down": { "uv": [4.75, 4, 7, 5], "texture": "#0" }}},{"from": [4, 7, 4],"to": [13, 11, 4],"faces": {"north": { "uv": [0, 5, 2.25, 6], "texture": "#0" },"east": { "uv": [0, 5, 2.25, 6], "texture": "#0" },"south": { "uv": [0, 5, 2.25, 6], "texture": "#0" },"west": { "uv": [0, 5, 2.25, 6], "texture": "#0" },"up": { "uv": [0, 5, 2.25, 6], "texture": "#0" },"down": { "uv": [0, 5, 2.25, 6], "texture": "#0" }}},{"from": [4, 11, 4],"to": [13, 11, 13],"faces": {"north": { "uv": [4.75, 2.25, 2.5, 0], "texture": "#0" },"east": { "uv": [4.75, 2.25, 2.5, 0], "texture": "#0" },"south": { "uv": [4.75, 2.25, 2.5, 0], "texture": "#0" },"west": { "uv": [4.75, 2.25, 2.5, 0], "texture": "#0" },"up": { "uv": [4.75, 2.25, 2.5, 0], "texture": "#0" },"down": { "uv": [4.75, 2.25, 2.5, 0], "texture": "#0" }}},{"from": [3, 7, 3],"to": [4, 7, 4],"faces": {"north": { "uv": [0, 0, 0.25, 0], "texture": "#0" },"east": { "uv": [0, 0, 0.25, 0], "texture": "#0" },"south": { "uv": [0, 0, 0.25, 0], "texture": "#0" },"west": { "uv": [0, 0, 0.25, 0], "texture": "#0" },"up": { "uv": [2.5, 5.25, 2.25, 5], "texture": "#0" },"down": { "uv": [2.5, 5.25, 2.25, 5.5], "texture": "#0" }}},{"from": [3.75, 7, 3.75],"to": [13.25, 8, 3.75],"faces": {"north": { "uv": [0, 7, 2.5, 7.25], "texture": "#0" },"east": { "uv": [0, 7, 2.5, 7.25], "texture": "#0" },"south": { "uv": [0, 7, 2.5, 7.25], "texture": "#0" },"west": { "uv": [0, 7, 2.5, 7.25], "texture": "#0" },"up": { "uv": [0, 7, 2.5, 7.25], "texture": "#0" },"down": { "uv": [0, 7, 2.5, 7.25], "texture": "#0" }}},{"from": [3.75, 8, 3.75],"to": [13.25, 11.25, 3.75],"faces": {"north": { "uv": [2.25, 5.5, 4.75, 6.25], "texture": "#0" },"east": { "uv": [2.25, 5.5, 4.75, 6.25], "texture": "#0" },"south": { "uv": [2.25, 5.5, 4.75, 6.25], "texture": "#0" },"west": { "uv": [2.25, 5.5, 4.75, 6.25], "texture": "#0" },"up": { "uv": [2.25, 5.5, 4.75, 6.25], "texture": "#0" },"down": { "uv": [2.25, 5.5, 4.75, 6.25], "texture": "#0" }}},{"from": [3.75, 8, 13.25],"to": [13.25, 11.25, 13.25],"faces": {"north": { "uv": [2.5, 6.75, 5, 7.5], "texture": "#0" },"east": { "uv": [2.5, 6.75, 5, 7.5], "texture": "#0" },"south": { "uv": [2.5, 6.75, 5, 7.5], "texture": "#0" },"west": { "uv": [2.5, 6.75, 5, 7.5], "texture": "#0" },"up": { "uv": [2.5, 6.75, 5, 7.5], "texture": "#0" },"down": { "uv": [2.5, 6.75, 5, 7.5], "texture": "#0" }}},{"from": [3.75, 11.25, 3.75],"to": [13.25, 11.25, 13.25],"faces": {"north": { "uv": [2.5, 2.5, 0, 0], "texture": "#0" },"east": { "uv": [2.5, 2.5, 0, 0], "texture": "#0" },"south": { "uv": [2.5, 2.5, 0, 0], "texture": "#0" },"west": { "uv": [2.5, 2.5, 0, 0], "texture": "#0" },"up": { "uv": [2.5, 2.5, 0, 0], "texture": "#0" },"down": { "uv": [2.5, 2.5, 0, 0], "texture": "#0" }}},{"from": [3.75, 7, 13.25],"to": [13.25, 8, 13.25],"faces": {"north": { "uv": [7, 0.5, 9.5, 0.75], "texture": "#0" },"east": { "uv": [7, 0.5, 9.5, 0.75], "texture": "#0" },"south": { "uv": [7, 0.5, 9.5, 0.75], "texture": "#0" },"west": { "uv": [7, 0.5, 9.5, 0.75], "texture": "#0" },"up": { "uv": [7, 0.5, 9.5, 0.75], "texture": "#0" },"down": { "uv": [7, 0.5, 9.5, 0.75], "texture": "#0" }}},{"from": [3.75, 7, 3.75],"to": [3.75, 8, 13.25],"faces": {"north": { "uv": [7, 1, 9.5, 1.25], "texture": "#0" },"east": { "uv": [7, 1, 9.5, 1.25], "texture": "#0" },"south": { "uv": [7, 1, 9.5, 1.25], "texture": "#0" },"west": { "uv": [7, 1, 9.5, 1.25], "texture": "#0" },"up": { "uv": [7, 1, 9.5, 1.25], "texture": "#0" },"down": { "uv": [7, 1, 9.5, 1.25], "texture": "#0" }}},{"from": [13.25, 7, 3.75],"to": [13.25, 8, 13.25],"faces": {"north": { "uv": [7, 1.25, 9.5, 1.5], "texture": "#0" },"east": { "uv": [7, 1.25, 9.5, 1.5], "texture": "#0" },"south": { "uv": [7, 1.25, 9.5, 1.5], "texture": "#0" },"west": { "uv": [7, 1.25, 9.5, 1.5], "texture": "#0" },"up": { "uv": [7, 1.25, 9.5, 1.5], "texture": "#0" },"down": { "uv": [7, 1.25, 9.5, 1.5], "texture": "#0" }}},{"from": [7, 7, 2.75],"to": [10, 10, 3.75],"faces": {"north": { "uv": [7, 2.25, 7.75, 3], "texture": "#0" },"east": { "uv": [7, 5, 7.25, 5.75], "texture": "#0" },"south": { "uv": [7, 3, 7.75, 3.75], "texture": "#0" },"west": { "uv": [1, 7.25, 1.25, 8], "texture": "#0" },"up": { "uv": [7.75, 6, 7, 5.75], "texture": "#0" },"down": { "uv": [2, 7.25, 1.25, 7.5], "texture": "#0" }}},{"from": [3.5, 8, 3.5],"to": [13.5, 9, 3.5],"faces": {"north": { "uv": [7, 1.75, 9.5, 2], "texture": "#0" },"east": { "uv": [0, 0, 0, 0.25], "texture": "#0" },"south": { "uv": [7, 2, 9.5, 2.25], "texture": "#0" },"west": { "uv": [0, 0, 0, 0.25], "texture": "#0" },"up": { "uv": [2.5, 0, 0, 0], "texture": "#0" },"down": { "uv": [2.5, 0, 0, 0], "texture": "#0" }}},{"from": [3.5, 8, 3.5],"to": [3.5, 9, 10],"faces": {"north": { "uv": [0, 0, 0, 0.25], "texture": "#0" },"east": { "uv": [7, 4, 8.75, 4.25], "texture": "#0" },"south": { "uv": [0, 0, 0, 0.25], "texture": "#0" },"west": { "uv": [7, 4.25, 8.75, 4.5], "texture": "#0" },"up": { "uv": [0, 1.75, 0, 0], "texture": "#0" },"down": { "uv": [0, 0, 0, 1.75], "texture": "#0" }}},{"from": [13.5, 8, 3.5],"to": [13.5, 9, 10],"faces": {"north": { "uv": [0, 0, 0, 0.25], "texture": "#0" },"east": { "uv": [7, 4.5, 8.75, 4.75], "texture": "#0" },"south": { "uv": [0, 0, 0, 0.25], "texture": "#0" },"west": { "uv": [7, 4.75, 8.75, 5], "texture": "#0" },"up": { "uv": [0, 1.75, 0, 0], "texture": "#0" },"down": { "uv": [0, 0, 0, 1.75], "texture": "#0" }}},{"from": [3.5, 8, 10],"to": [4, 9, 10],"faces": {"north": { "uv": [2, 7.25, 2.25, 7.5], "texture": "#0" },"east": { "uv": [0, 0, 0, 0.25], "texture": "#0" },"south": { "uv": [2.25, 7.25, 2.5, 7.5], "texture": "#0" },"west": { "uv": [0, 0, 0, 0.25], "texture": "#0" },"up": { "uv": [0.25, 0, 0, 0], "texture": "#0" },"down": { "uv": [0.25, 0, 0, 0], "texture": "#0" }}},{"from": [13, 8, 10],"to": [13.5, 9, 10],"faces": {"north": { "uv": [5, 7.25, 5.25, 7.5], "texture": "#0" },"east": { "uv": [0, 0, 0, 0.25], "texture": "#0" },"south": { "uv": [7.25, 5, 7.5, 5.25], "texture": "#0" },"west": { "uv": [0, 0, 0, 0.25], "texture": "#0" },"up": { "uv": [0.25, 0, 0, 0], "texture": "#0" },"down": { "uv": [0.25, 0, 0, 0], "texture": "#0" }}},{"from": [3, 7, 13],"to": [4, 7, 14],"faces": {"north": { "uv": [0, 0, 0.25, 0], "texture": "#0" },"east": { "uv": [0, 0, 0.25, 0], "texture": "#0" },"south": { "uv": [0, 0, 0.25, 0], "texture": "#0" },"west": { "uv": [0, 0, 0.25, 0], "texture": "#0" },"up": { "uv": [5.5, 7.5, 5.25, 7.25], "texture": "#0" },"down": { "uv": [7.5, 5.25, 7.25, 5.5], "texture": "#0" }}},{"from": [13, 7, 13],"to": [14, 7, 14],"faces": {"north": { "uv": [0, 0, 0.25, 0], "texture": "#0" },"east": { "uv": [0, 0, 0.25, 0], "texture": "#0" },"south": { "uv": [0, 0, 0.25, 0], "texture": "#0" },"west": { "uv": [0, 0, 0.25, 0], "texture": "#0" },"up": { "uv": [5.75, 7.5, 5.5, 7.25], "texture": "#0" },"down": { "uv": [7.5, 5.5, 7.25, 5.75], "texture": "#0" }}},{"from": [13, 7, 3],"to": [14, 7, 4],"faces": {"north": { "uv": [0, 0, 0.25, 0], "texture": "#0" },"east": { "uv": [0, 0, 0.25, 0], "texture": "#0" },"south": { "uv": [0, 0, 0.25, 0], "texture": "#0" },"west": { "uv": [0, 0, 0.25, 0], "texture": "#0" },"up": { "uv": [6, 7.5, 5.75, 7.25], "texture": "#0" },"down": { "uv": [6.25, 7.25, 6, 7.5], "texture": "#0" }}},{"from": [4, 7, 13],"to": [13, 7, 14],"faces": {"north": { "uv": [0, 0, 2.25, 0], "texture": "#0" },"east": { "uv": [0, 0, 0.25, 0], "texture": "#0" },"south": { "uv": [0, 0, 2.25, 0], "texture": "#0" },"west": { "uv": [0, 0, 0.25, 0], "texture": "#0" },"up": { "uv": [2.25, 6.25, 0, 6], "texture": "#0" },"down": { "uv": [9.25, 3.75, 7, 4], "texture": "#0" }}},{"from": [4, 7, 2],"to": [13, 7, 4],"faces": {"north": { "uv": [0, 0, 2.25, 0], "texture": "#0" },"east": { "uv": [0, 0, 0.5, 0], "texture": "#0" },"south": { "uv": [0, 0, 2.25, 0], "texture": "#0" },"west": { "uv": [0, 0, 0.5, 0], "texture": "#0" },"up": { "uv": [4.75, 6.75, 2.5, 6.25], "texture": "#0" },"down": { "uv": [7.25, 6.75, 5, 7.25], "texture": "#0" }}},{"from": [3, 7, 4],"to": [4, 7, 13],"faces": {"north": { "uv": [0, 0, 0.25, 0], "texture": "#0" },"east": { "uv": [0, 0, 2.25, 0], "texture": "#0" },"south": { "uv": [0, 0, 0.25, 0], "texture": "#0" },"west": { "uv": [0, 0, 2.25, 0], "texture": "#0" },"up": { "uv": [0.25, 9.5, 0, 7.25], "texture": "#0" },"down": { "uv": [0.5, 7.25, 0.25, 9.5], "texture": "#0" }}},{"from": [13, 7, 4],"to": [14, 7, 13],"faces": {"north": { "uv": [0, 0, 0.25, 0], "texture": "#0" },"east": { "uv": [0, 0, 2.25, 0], "texture": "#0" },"south": { "uv": [0, 0, 0.25, 0], "texture": "#0" },"west": { "uv": [0, 0, 2.25, 0], "texture": "#0" },"up": { "uv": [0.75, 9.5, 0.5, 7.25], "texture": "#0" },"down": { "uv": [1, 7.25, 0.75, 9.5], "texture": "#0" }}}],"display": {"thirdperson_righthand": {"translation": [-0.25, 0, -1],"scale": [0.57, 0.57, 0.57]},"thirdperson_lefthand": {"translation": [-0.25, 0, -1],"scale": [0.57, 0.57, 0.57]},"firstperson_righthand": {"translation": [-1, 2.25, 1.75],"scale": [0.91, 0.91, 0.64]},"firstperson_lefthand": {"translation": [-1, 2.25, 1.75],"scale": [0.91, 0.91, 0.64]},"ground": {"scale": [0.72, 0.72, 0.72]},"gui": {"rotation": [9.5, -180, 0],"translation": [0.5, -1, 0],"scale": [1.13, 1.47, 1]},"head": {"rotation": [-3, 0, 0],"translation": [-0.75, 3.25, -0.75],"scale": [1.65, 1.65, 1.65]},"fixed": {"rotation": [-89, 0, 0],"translation": [0, 0, -2]}},"groups": [{"name": "Head Piece","origin": [0, 0, 0],"color": 0,"children": [0, 1, 2, 3, 4, 5, 6, 7, 8, 9, 10, 11, 12, 13, 14, 15, 16, 17,18, 19, 20, 21, 22, 23, 24, 25]}]}