{"credit": "Made with Blockbench","texture_size": [64, 64],"textures": {"0": "minecraft:item/tristenlosey/mossy_cap","particle": "minecraft:item/tristenlosey/mossy_cap"},"elements": [{"from": [13, 6, 4],"to": [13, 11, 13],"faces": {"north": { "uv": [2.5, 4.5, 4.75, 5.75], "texture": "#0" },"east": { "uv": [0, 5, 2.25, 6.25], "texture": "#0" },"south": { "uv": [2.5, 4.5, 4.75, 5.75], "texture": "#0" },"west": { "uv": [0, 5, 2.25, 6.25], "texture": "#0" },"up": { "uv": [2.5, 4.5, 4.75, 5.75], "texture": "#0" },"down": { "uv": [2.5, 4.5, 4.75, 5.75], "texture": "#0" }}},{"from": [13, 1, 4],"to": [13, 6, 13],"faces": {"north": { "uv": [0, 0, 0, 1.25], "texture": "#0" },"east": { "uv": [4.75, 1.25, 7, 2.5], "texture": "#0" },"south": { "uv": [0, 0, 0, 1.25], "texture": "#0" },"west": { "uv": [4.75, 0, 7, 1.25], "texture": "#0" },"up": { "uv": [0, 2.25, 0, 0], "texture": "#0" },"down": { "uv": [0, 0, 0, 2.25], "texture": "#0" }}},{"from": [4, 6, 4],"to": [4, 11, 13],"faces": {"north": { "uv": [0, 5, 2.25, 6.25], "texture": "#0" },"east": { "uv": [0, 5, 2.25, 6.25], "texture": "#0" },"south": { "uv": [0, 5, 2.25, 6.25], "texture": "#0" },"west": { "uv": [0, 5, 2.25, 6.25], "texture": "#0" },"up": { "uv": [0, 5, 2.25, 6.25], "texture": "#0" },"down": { "uv": [0, 5, 2.25, 6.25], "texture": "#0" }}},{"from": [4, 1, 4],"to": [4, 6, 13],"faces": {"north": { "uv": [0, 0, 0, 1.25], "texture": "#0" },"east": { "uv": [4.75, 5, 7, 6.25], "texture": "#0" },"south": { "uv": [0, 0, 0, 1.25], "texture": "#0" },"west": { "uv": [2.25, 5.75, 4.5, 7], "texture": "#0" },"up": { "uv": [0, 2.25, 0, 0], "texture": "#0" },"down": { "uv": [0, 0, 0, 2.25], "texture": "#0" }}},{"from": [4, 6, 13],"to": [13, 11, 13],"faces": {"north": { "uv": [0, 5, 2.25, 6.25], "texture": "#0" },"east": { "uv": [4.5, 6.25, 6.75, 7.5], "texture": "#0" },"south": { "uv": [0, 5, 2.25, 6.25], "texture": "#0" },"west": { "uv": [4.5, 6.25, 6.75, 7.5], "texture": "#0" },"up": { "uv": [4.5, 6.25, 6.75, 7.5], "texture": "#0" },"down": { "uv": [4.5, 6.25, 6.75, 7.5], "texture": "#0" }}},{"from": [4, 1, 13],"to": [13, 6, 13],"faces": {"north": { "uv": [6.75, 6.25, 9, 7.5], "texture": "#0" },"east": { "uv": [0, 0, 0, 1.25], "texture": "#0" },"south": { "uv": [7, 0, 9.25, 1.25], "texture": "#0" },"west": { "uv": [0, 0, 0, 1.25], "texture": "#0" },"up": { "uv": [2.25, 0, 0, 0], "texture": "#0" },"down": { "uv": [2.25, 0, 0, 0], "texture": "#0" }}},{"from": [4, 7, 4],"to": [13, 11, 4],"faces": {"north": { "uv": [0, 5, 2.25, 6], "texture": "#0" },"east": { "uv": [7, 1.25, 9.25, 2.25], "texture": "#0" },"south": { "uv": [0, 5, 2.25, 6], "texture": "#0" },"west": { "uv": [7, 1.25, 9.25, 2.25], "texture": "#0" },"up": { "uv": [7, 1.25, 9.25, 2.25], "texture": "#0" },"down": { "uv": [7, 1.25, 9.25, 2.25], "texture": "#0" }}},{"from": [4, 11, 4],"to": [13, 11, 13],"faces": {"north": { "uv": [4.75, 2.25, 2.5, 0], "texture": "#0" },"east": { "uv": [4.75, 2.25, 2.5, 0], "texture": "#0" },"south": { "uv": [4.75, 2.25, 2.5, 0], "texture": "#0" },"west": { "uv": [4.75, 2.25, 2.5, 0], "texture": "#0" },"up": { "uv": [4.75, 2.25, 2.5, 0], "texture": "#0" },"down": { "uv": [4.75, 2.25, 2.5, 0], "texture": "#0" }}},{"from": [4, 7, 1],"to": [13, 7, 4],"faces": {"north": { "uv": [0, 0, 2.25, 0], "texture": "#0" },"east": { "uv": [0, 0, 0.75, 0], "texture": "#0" },"south": { "uv": [0, 0, 2.25, 0], "texture": "#0" },"west": { "uv": [0, 0, 0.75, 0], "texture": "#0" },"up": { "uv": [4.75, 9, 2.5, 8.25], "texture": "#0" },"down": { "uv": [4.75, 8.25, 2.5, 9], "texture": "#0" }}},{"from": [13, 6, 1],"to": [13, 7, 4],"faces": {"north": { "uv": [0, 0, 0, 0.25], "texture": "#0" },"east": { "uv": [7, 6, 7.75, 6.25], "texture": "#0" },"south": { "uv": [0, 0, 0, 0.25], "texture": "#0" },"west": { "uv": [1.5, 7.5, 2.25, 7.75], "texture": "#0" },"up": { "uv": [0, 0.75, 0, 0], "texture": "#0" },"down": { "uv": [0, 0, 0, 0.75], "texture": "#0" }}},{"from": [13, 5, 2],"to": [13, 6, 3],"faces": {"north": { "uv": [0, 0, 0, 0.25], "texture": "#0" },"east": { "uv": [2.25, 5, 2.5, 5.25], "texture": "#0" },"south": { "uv": [0, 0, 0, 0.25], "texture": "#0" },"west": { "uv": [2.25, 5.25, 2.5, 5.5], "texture": "#0" },"up": { "uv": [0, 0.25, 0, 0], "texture": "#0" },"down": { "uv": [0, 0, 0, 0.25], "texture": "#0" }}},{"from": [4, 5, 1],"to": [4, 6, 2],"faces": {"north": { "uv": [0, 0, 0, 0.25], "texture": "#0" },"east": { "uv": [2.25, 5.5, 2.5, 5.75], "texture": "#0" },"south": { "uv": [0, 0, 0, 0.25], "texture": "#0" },"west": { "uv": [4.5, 5.75, 4.75, 6], "texture": "#0" },"up": { "uv": [0, 0.25, 0, 0], "texture": "#0" },"down": { "uv": [0, 0, 0, 0.25], "texture": "#0" }}},{"from": [4, 5, 3],"to": [4, 6, 4],"faces": {"north": { "uv": [0, 0, 0, 0.25], "texture": "#0" },"east": { "uv": [4.5, 6, 4.75, 6.25], "texture": "#0" },"south": { "uv": [0, 0, 0, 0.25], "texture": "#0" },"west": { "uv": [0, 7.75, 0.25, 8], "texture": "#0" },"up": { "uv": [0, 0.25, 0, 0], "texture": "#0" },"down": { "uv": [0, 0, 0, 0.25], "texture": "#0" }}},{"from": [4, 6, 1],"to": [4, 7, 4],"faces": {"north": { "uv": [0, 0, 0, 0.25], "texture": "#0" },"east": { "uv": [1.5, 7.5, 2.25, 7.75], "texture": "#0" },"south": { "uv": [0, 0, 0, 0.25], "texture": "#0" },"west": { "uv": [1.5, 7.5, 2.25, 7.75], "texture": "#0" },"up": { "uv": [0, 0.75, 0, 0], "texture": "#0" },"down": { "uv": [0, 0, 0, 0.75], "texture": "#0" }}},{"from": [4, 6, 1],"to": [5, 7, 1],"faces": {"north": { "uv": [0.25, 7.75, 0.5, 8], "texture": "#0" },"east": { "uv": [0, 0, 0, 0.25], "texture": "#0" },"south": { "uv": [0.5, 7.75, 0.75, 8], "texture": "#0" },"west": { "uv": [0, 0, 0, 0.25], "texture": "#0" },"up": { "uv": [0.25, 0, 0, 0], "texture": "#0" },"down": { "uv": [0.25, 0, 0, 0], "texture": "#0" }}},{"from": [5, 6, 1],"to": [6, 7, 1],"faces": {"north": { "uv": [0.75, 7.75, 1, 8], "texture": "#0" },"east": { "uv": [0, 0, 0, 0.25], "texture": "#0" },"south": { "uv": [1, 7.75, 1.25, 8], "texture": "#0" },"west": { "uv": [0, 0, 0, 0.25], "texture": "#0" },"up": { "uv": [0.25, 0, 0, 0], "texture": "#0" },"down": { "uv": [0.25, 0, 0, 0], "texture": "#0" }}},{"from": [11, 6, 1],"to": [12, 7, 1],"faces": {"north": { "uv": [1.25, 7.75, 1.5, 8], "texture": "#0" },"east": { "uv": [0, 0, 0, 0.25], "texture": "#0" },"south": { "uv": [1.5, 7.75, 1.75, 8], "texture": "#0" },"west": { "uv": [0, 0, 0, 0.25], "texture": "#0" },"up": { "uv": [0.25, 0, 0, 0], "texture": "#0" },"down": { "uv": [0.25, 0, 0, 0], "texture": "#0" }}},{"from": [9, 6, 1],"to": [10, 7, 1],"faces": {"north": { "uv": [1.75, 7.75, 2, 8], "texture": "#0" },"east": { "uv": [0, 0, 0, 0.25], "texture": "#0" },"south": { "uv": [2, 7.75, 2.25, 8], "texture": "#0" },"west": { "uv": [0, 0, 0, 0.25], "texture": "#0" },"up": { "uv": [0.25, 0, 0, 0], "texture": "#0" },"down": { "uv": [0.25, 0, 0, 0], "texture": "#0" }}}],"display": {"thirdperson_righthand": {"translation": [-0.25, 0, -1],"scale": [0.57, 0.57, 0.57]},"thirdperson_lefthand": {"translation": [-0.25, 0, -1],"scale": [0.57, 0.57, 0.57]},"firstperson_righthand": {"translation": [1.5, 0, 0]},"firstperson_lefthand": {"translation": [1.5, 0, 0]},"ground": {"translation": [0, 2, 0],"scale": [0.72, 0.72, 0.72]},"gui": {"rotation": [17, 138, 0],"translation": [0.5, 1.75, 0],"scale": [0.89, 0.89, 0.89]},"head": {"translation": [-0.75, 3.25, -0.75],"scale": [1.62, 1.59, 1.62]},"fixed": {"translation": [-0.25, 1.25, -5.25]}},"groups": [{"name": "hat","origin": [0, 0, 0],"color": 0,"children": [0, 1, 2, 3, 4, 5, 6, 7, 8, 9, 10, 11, 12, 13, 14, 15, 16, 17]}]}