{"credit": "Made with Blockbench","texture_size": [64, 64],"textures": {"0": "minecraft:item/tristenlosey/wither_skull_hat","2": "minecraft:item/tristenlosey/soul_fire_brim","3": "minecraft:item/tristenlosey/soul_fire_top","particle": "minecraft:item/tristenlosey/soul_fire_top"},"elements": [{"from": [13, 7, 4],"to": [13, 11, 13],"rotation": { "angle": 0, "axis": "y", "origin": [8.5, 7, 8.5] },"faces": {"north": { "uv": [0, 0, 0, 1], "texture": "#0" },"east": { "uv": [4.5, 3.75, 6.75, 4.75], "texture": "#0" },"south": { "uv": [0, 0, 0, 1], "texture": "#0" },"west": { "uv": [4.5, 4.75, 6.75, 5.75], "texture": "#0" },"up": { "uv": [0, 2.25, 0, 0], "texture": "#0" },"down": { "uv": [0, 0, 0, 2.25], "texture": "#0" }}},{"from": [13.25, 7, 3.75],"to": [13.25, 8, 13.25],"rotation": { "angle": 0, "axis": "y", "origin": [8.5, 7, 8.5] },"faces": {"north": { "uv": [0, 0, 0, 0.25], "texture": "#0" },"east": { "uv": [6.75, 7.5, 9.25, 7.75], "texture": "#0" },"south": { "uv": [0, 0, 0, 0.25], "texture": "#0" },"west": { "uv": [0, 7.75, 2.5, 8], "texture": "#0" },"up": { "uv": [0, 2.5, 0, 0], "texture": "#0" },"down": { "uv": [0, 0, 0, 2.5], "texture": "#0" }}},{"from": [13, 2, 4],"to": [13, 7, 13],"faces": {"north": { "uv": [2.5, 0, 4.5, 1.25], "texture": "#0" },"east": { "uv": [2.5, 0, 4.5, 1.25], "texture": "#0" },"south": { "uv": [2.5, 0, 4.5, 1.25], "texture": "#0" },"west": { "uv": [4.5, 0, 2.5, 1.25], "texture": "#0" },"up": { "uv": [2.5, 0, 4.5, 1.25], "texture": "#0" },"down": { "uv": [2.5, 0, 4.5, 1.25], "texture": "#0" }}},{"from": [4, 7, 4],"to": [4, 11, 13],"rotation": { "angle": 0, "axis": "y", "origin": [8.5, 7, 8.5] },"faces": {"north": { "uv": [0, 0, 0, 1], "texture": "#0" },"east": { "uv": [2.25, 5, 4.5, 6], "texture": "#0" },"south": { "uv": [0, 0, 0, 1], "texture": "#0" },"west": { "uv": [0, 5.75, 2.25, 6.75], "texture": "#0" },"up": { "uv": [0, 2.25, 0, 0], "texture": "#0" },"down": { "uv": [0, 0, 0, 2.25], "texture": "#0" }}},{"from": [3.75, 7, 3.75],"to": [3.75, 8, 13.25],"rotation": { "angle": 0, "axis": "y", "origin": [8.5, 7, 8.5] },"faces": {"north": { "uv": [0, 0, 0, 0.25], "texture": "#0" },"east": { "uv": [7.75, 1.75, 10.25, 2], "texture": "#0" },"south": { "uv": [0, 0, 0, 0.25], "texture": "#0" },"west": { "uv": [7.75, 2, 10.25, 2.25], "texture": "#0" },"up": { "uv": [0, 2.5, 0, 0], "texture": "#0" },"down": { "uv": [0, 0, 0, 2.5], "texture": "#0" }}},{"from": [4, 2, 4],"to": [4, 7, 13],"faces": {"north": { "uv": [2.25, 3.75, 4.25, 5], "texture": "#0" },"east": { "uv": [4.25, 3.75, 2.25, 5], "texture": "#0" },"south": { "uv": [2.25, 3.75, 4.25, 5], "texture": "#0" },"west": { "uv": [2.25, 3.75, 4.25, 5], "texture": "#0" },"up": { "uv": [2.25, 3.75, 4.25, 5], "texture": "#0" },"down": { "uv": [2.25, 3.75, 4.25, 5], "texture": "#0" }}},{"from": [4, 7, 13],"to": [13, 11, 13],"rotation": { "angle": 0, "axis": "y", "origin": [8.5, 7, 8.5] },"faces": {"north": { "uv": [4.5, 5.75, 6.75, 6.75], "texture": "#0" },"east": { "uv": [0, 0, 0, 1], "texture": "#0" },"south": { "uv": [2.25, 6, 4.5, 7], "texture": "#0" },"west": { "uv": [0, 0, 0, 1], "texture": "#0" },"up": { "uv": [2.25, 0, 0, 0], "texture": "#0" },"down": { "uv": [2.25, 0, 0, 0], "texture": "#0" }}},{"from": [3.75, 7, 13.25],"to": [13.25, 8, 13.25],"rotation": { "angle": 0, "axis": "y", "origin": [8.5, 7, 8.5] },"faces": {"north": { "uv": [7.75, 2.25, 10.25, 2.5], "texture": "#0" },"east": { "uv": [0, 0, 0, 0.25], "texture": "#0" },"south": { "uv": [7.75, 2.5, 10.25, 2.75], "texture": "#0" },"west": { "uv": [0, 0, 0, 0.25], "texture": "#0" },"up": { "uv": [2.5, 0, 0, 0], "texture": "#0" },"down": { "uv": [2.5, 0, 0, 0], "texture": "#0" }}},{"from": [4, 2, 13],"to": [13, 7, 13],"faces": {"north": { "uv": [6.75, 0, 4.75, 1.25], "texture": "#0" },"east": { "uv": [4.75, 0, 6.75, 1.25], "texture": "#0" },"south": { "uv": [4.75, 0, 6.75, 1.25], "texture": "#0" },"west": { "uv": [4.75, 0, 6.75, 1.25], "texture": "#0" },"up": { "uv": [4.75, 0, 6.75, 1.25], "texture": "#0" },"down": { "uv": [4.75, 0, 6.75, 1.25], "texture": "#0" }}},{"from": [4, 7, 4],"to": [13, 11, 4],"rotation": { "angle": 0, "axis": "y", "origin": [8.5, 7, 8.5] },"faces": {"north": { "uv": [0, 6.75, 2.25, 7.75], "texture": "#0" },"east": { "uv": [0, 0, 0, 1], "texture": "#0" },"south": { "uv": [6.75, 0, 9, 1], "texture": "#0" },"west": { "uv": [0, 0, 0, 1], "texture": "#0" },"up": { "uv": [2.25, 0, 0, 0], "texture": "#0" },"down": { "uv": [2.25, 0, 0, 0], "texture": "#0" }}},{"from": [3.75, 7, 3.75],"to": [13.25, 8, 3.75],"rotation": { "angle": 0, "axis": "y", "origin": [8.5, 7, 8.5] },"faces": {"north": { "uv": [7.75, 2.75, 10.25, 3], "texture": "#0" },"east": { "uv": [0, 0, 0, 0.25], "texture": "#0" },"south": { "uv": [7.75, 3, 10.25, 3.25], "texture": "#0" },"west": { "uv": [0, 0, 0, 0.25], "texture": "#0" },"up": { "uv": [2.5, 0, 0, 0], "texture": "#0" },"down": { "uv": [2.5, 0, 0, 0], "texture": "#0" }}},{"from": [4, 2, 4],"to": [13, 7, 4],"faces": {"north": { "uv": [4.75, 1.25, 6.75, 2.5], "texture": "#0" },"east": { "uv": [4.75, 1.25, 6.75, 2.5], "texture": "#0" },"south": { "uv": [6.75, 1.25, 4.75, 2.5], "texture": "#0" },"west": { "uv": [4.75, 1.25, 6.75, 2.5], "texture": "#0" },"up": { "uv": [4.75, 1.25, 6.75, 2.5], "texture": "#0" },"down": { "uv": [4.75, 1.25, 6.75, 2.5], "texture": "#0" }}},{"from": [4, 11, 4],"to": [13, 11, 13],"rotation": { "angle": 0, "axis": "y", "origin": [8.5, 7, 8.5] },"faces": {"north": { "uv": [0, 0, 2.25, 0], "texture": "#0" },"east": { "uv": [0, 0, 2.25, 0], "texture": "#0" },"south": { "uv": [0, 0, 2.25, 0], "texture": "#0" },"west": { "uv": [0, 0, 2.25, 0], "texture": "#0" },"up": { "uv": [2.25, 2.25, 0, 0], "texture": "#0" },"down": { "uv": [2.25, 2.25, 0, 4.5], "texture": "#0" }}},{"from": [13, 7, 4],"to": [16, 7, 13],"rotation": { "angle": 0, "axis": "y", "origin": [8.5, 7, 8.5] },"faces": {"north": { "uv": [0, 0, 0.75, 0], "texture": "#0" },"east": { "uv": [0, 0, 2.25, 0], "texture": "#0" },"south": { "uv": [0, 0, 0.75, 0], "texture": "#0" },"west": { "uv": [0, 0, 2.25, 0], "texture": "#0" },"up": { "uv": [7.5, 3.25, 6.75, 1], "texture": "#0" },"down": { "uv": [7.5, 3.25, 6.75, 5.5], "texture": "#0" }}},{"from": [1, 7, 4],"to": [4, 7, 13],"rotation": { "angle": 0, "axis": "y", "origin": [8.5, 7, 8.5] },"faces": {"north": { "uv": [0, 0, 0.75, 0], "texture": "#0" },"east": { "uv": [0, 0, 2.25, 0], "texture": "#0" },"south": { "uv": [0, 0, 0.75, 0], "texture": "#0" },"west": { "uv": [0, 0, 2.25, 0], "texture": "#0" },"up": { "uv": [5.25, 9, 4.5, 6.75], "texture": "#0" },"down": { "uv": [6, 6.75, 5.25, 9], "texture": "#0" }}},{"from": [4, 7, 1],"to": [13, 7, 4],"rotation": { "angle": 0, "axis": "y", "origin": [8.5, 7, 8.5] },"faces": {"north": { "uv": [0, 0, 2.25, 0], "texture": "#0" },"east": { "uv": [0, 0, 0.75, 0], "texture": "#0" },"south": { "uv": [0, 0, 2.25, 0], "texture": "#0" },"west": { "uv": [0, 0, 0.75, 0], "texture": "#0" },"up": { "uv": [9, 6.25, 6.75, 5.5], "texture": "#0" },"down": { "uv": [8.25, 6.75, 6, 7.5], "texture": "#0" }}},{"from": [4, 7, 13],"to": [13, 7, 16],"rotation": { "angle": 0, "axis": "y", "origin": [8.5, 7, 8.5] },"faces": {"north": { "uv": [0, 0, 2.25, 0], "texture": "#0" },"east": { "uv": [0, 0, 0.75, 0], "texture": "#0" },"south": { "uv": [0, 0, 2.25, 0], "texture": "#0" },"west": { "uv": [0, 0, 0.75, 0], "texture": "#0" },"up": { "uv": [4.5, 7.75, 2.25, 7], "texture": "#0" },"down": { "uv": [9.75, 1, 7.5, 1.75], "texture": "#0" }}},{"from": [13, 7, 2],"to": [15, 7, 4],"rotation": { "angle": 0, "axis": "y", "origin": [8.5, 7, 8.5] },"faces": {"north": { "uv": [0, 0, 0.5, 0], "texture": "#0" },"east": { "uv": [0, 0, 0.5, 0], "texture": "#0" },"south": { "uv": [0, 0, 0.5, 0], "texture": "#0" },"west": { "uv": [0, 0, 0.5, 0], "texture": "#0" },"up": { "uv": [3, 8.25, 2.5, 7.75], "texture": "#0" },"down": { "uv": [3.5, 7.75, 3, 8.25], "texture": "#0" }}},{"from": [13, 7, 13],"to": [15, 7, 15],"rotation": { "angle": 0, "axis": "y", "origin": [8.5, 7, 8.5] },"faces": {"north": { "uv": [0, 0, 0.5, 0], "texture": "#0" },"east": { "uv": [0, 0, 0.5, 0], "texture": "#0" },"south": { "uv": [0, 0, 0.5, 0], "texture": "#0" },"west": { "uv": [0, 0, 0.5, 0], "texture": "#0" },"up": { "uv": [8.25, 3.75, 7.75, 3.25], "texture": "#0" },"down": { "uv": [4, 7.75, 3.5, 8.25], "texture": "#0" }}},{"from": [2, 7, 13],"to": [4, 7, 15],"rotation": { "angle": 0, "axis": "y", "origin": [8.5, 7, 8.5] },"faces": {"north": { "uv": [0, 0, 0.5, 0], "texture": "#0" },"east": { "uv": [0, 0, 0.5, 0], "texture": "#0" },"south": { "uv": [0, 0, 0.5, 0], "texture": "#0" },"west": { "uv": [0, 0, 0.5, 0], "texture": "#0" },"up": { "uv": [8.25, 4.25, 7.75, 3.75], "texture": "#0" },"down": { "uv": [4.5, 7.75, 4, 8.25], "texture": "#0" }}},{"from": [2, 7, 2],"to": [4, 7, 4],"rotation": { "angle": 0, "axis": "y", "origin": [8.5, 7, 8.5] },"faces": {"north": { "uv": [0, 0, 0.5, 0], "texture": "#0" },"east": { "uv": [0, 0, 0.5, 0], "texture": "#0" },"south": { "uv": [0, 0, 0.5, 0], "texture": "#0" },"west": { "uv": [0, 0, 0.5, 0], "texture": "#0" },"up": { "uv": [8.25, 4.75, 7.75, 4.25], "texture": "#0" },"down": { "uv": [7.25, 7.75, 6.75, 8.25], "texture": "#0" }}},{"from": [1, 7, 1],"to": [4, 7, 2],"rotation": { "angle": 0, "axis": "y", "origin": [8.5, 7, 8.5] },"faces": {"north": { "uv": [0, 0, 0.75, 0], "texture": "#0" },"east": { "uv": [0, 0, 0.25, 0], "texture": "#0" },"south": { "uv": [0, 0, 0.75, 0], "texture": "#0" },"west": { "uv": [0, 0, 0.25, 0], "texture": "#0" },"up": { "uv": [8.5, 5, 7.75, 4.75], "texture": "#0" },"down": { "uv": [8, 7.75, 7.25, 8], "texture": "#0" }}},{"from": [1, 7, 2],"to": [2, 7, 4],"rotation": { "angle": 0, "axis": "y", "origin": [8.5, 7, 8.5] },"faces": {"north": { "uv": [0, 0, 0.25, 0], "texture": "#0" },"east": { "uv": [0, 0, 0.5, 0], "texture": "#0" },"south": { "uv": [0, 0, 0.25, 0], "texture": "#0" },"west": { "uv": [0, 0, 0.5, 0], "texture": "#0" },"up": { "uv": [2.25, 8.5, 2, 8], "texture": "#0" },"down": { "uv": [2.5, 8, 2.25, 8.5], "texture": "#0" }}},{"from": [1, 7, 13],"to": [2, 7, 16],"rotation": { "angle": 0, "axis": "y", "origin": [8.5, 7, 8.5] },"faces": {"north": { "uv": [0, 0, 0.25, 0], "texture": "#0" },"east": { "uv": [0, 0, 0.75, 0], "texture": "#0" },"south": { "uv": [0, 0, 0.25, 0], "texture": "#0" },"west": { "uv": [0, 0, 0.75, 0], "texture": "#0" },"up": { "uv": [0.25, 8.75, 0, 8], "texture": "#0" },"down": { "uv": [0.5, 8, 0.25, 8.75], "texture": "#0" }}},{"from": [2, 7, 15],"to": [4, 7, 16],"rotation": { "angle": 0, "axis": "y", "origin": [8.5, 7, 8.5] },"faces": {"north": { "uv": [0, 0, 0.5, 0], "texture": "#0" },"east": { "uv": [0, 0, 0.25, 0], "texture": "#0" },"south": { "uv": [0, 0, 0.5, 0], "texture": "#0" },"west": { "uv": [0, 0, 0.25, 0], "texture": "#0" },"up": { "uv": [8.5, 8.25, 8, 8], "texture": "#0" },"down": { "uv": [1, 8.25, 0.5, 8.5], "texture": "#0" }}},{"from": [13, 7, 15],"to": [16, 7, 16],"rotation": { "angle": 0, "axis": "y", "origin": [8.5, 7, 8.5] },"faces": {"north": { "uv": [0, 0, 0.75, 0], "texture": "#0" },"east": { "uv": [0, 0, 0.25, 0], "texture": "#0" },"south": { "uv": [0, 0, 0.75, 0], "texture": "#0" },"west": { "uv": [0, 0, 0.25, 0], "texture": "#0" },"up": { "uv": [1.25, 8.25, 0.5, 8], "texture": "#0" },"down": { "uv": [2, 8, 1.25, 8.25], "texture": "#0" }}},{"from": [15, 7, 13],"to": [16, 7, 15],"rotation": { "angle": 0, "axis": "y", "origin": [8.5, 7, 8.5] },"faces": {"north": { "uv": [0, 0, 0.25, 0], "texture": "#0" },"east": { "uv": [0, 0, 0.5, 0], "texture": "#0" },"south": { "uv": [0, 0, 0.25, 0], "texture": "#0" },"west": { "uv": [0, 0, 0.5, 0], "texture": "#0" },"up": { "uv": [1.25, 8.75, 1, 8.25], "texture": "#0" },"down": { "uv": [1.5, 8.25, 1.25, 8.75], "texture": "#0" }}},{"from": [15, 7, 2],"to": [16, 7, 4],"rotation": { "angle": 0, "axis": "y", "origin": [8.5, 7, 8.5] },"faces": {"north": { "uv": [0, 0, 0.25, 0], "texture": "#0" },"east": { "uv": [0, 0, 0.5, 0], "texture": "#0" },"south": { "uv": [0, 0, 0.25, 0], "texture": "#0" },"west": { "uv": [0, 0, 0.5, 0], "texture": "#0" },"up": { "uv": [1.75, 8.75, 1.5, 8.25], "texture": "#0" },"down": { "uv": [2, 8.25, 1.75, 8.75], "texture": "#0" }}},{"from": [13, 7, 1],"to": [16, 7, 2],"rotation": { "angle": 0, "axis": "y", "origin": [8.5, 7, 8.5] },"faces": {"north": { "uv": [0, 0, 0.75, 0], "texture": "#0" },"east": { "uv": [0, 0, 0.25, 0], "texture": "#0" },"south": { "uv": [0, 0, 0.75, 0], "texture": "#0" },"west": { "uv": [0, 0, 0.25, 0], "texture": "#0" },"up": { "uv": [8, 8.25, 7.25, 8], "texture": "#0" },"down": { "uv": [8.75, 7.75, 8, 8], "texture": "#0" }}},{"from": [0, 7, 2],"to": [1, 7, 15],"rotation": { "angle": 0, "axis": "y", "origin": [8.5, 7, 8.5] },"faces": {"north": { "uv": [0, 0, 0.25, 0], "texture": "#0" },"east": { "uv": [0, 0, 3.25, 0], "texture": "#0" },"south": { "uv": [0, 0, 0.25, 0], "texture": "#0" },"west": { "uv": [0, 0, 3.25, 0], "texture": "#0" },"up": { "uv": [7.75, 5, 7.5, 1.75], "texture": "#0" },"down": { "uv": [6.25, 7.5, 6, 10.75], "texture": "#0" }}},{"from": [16, 7, 2],"to": [17, 7, 15],"rotation": { "angle": 0, "axis": "y", "origin": [8.5, 7, 8.5] },"faces": {"north": { "uv": [0, 0, 0.25, 0], "texture": "#0" },"east": { "uv": [0, 0, 3.25, 0], "texture": "#0" },"south": { "uv": [0, 0, 0.25, 0], "texture": "#0" },"west": { "uv": [0, 0, 3.25, 0], "texture": "#0" },"up": { "uv": [6.5, 10.75, 6.25, 7.5], "texture": "#0" },"down": { "uv": [6.75, 7.5, 6.5, 10.75], "texture": "#0" }}},{"from": [2, 7, 16],"to": [15, 7, 17],"rotation": { "angle": 0, "axis": "y", "origin": [8.5, 7, 8.5] },"faces": {"north": { "uv": [0, 0, 3.25, 0], "texture": "#0" },"east": { "uv": [0, 0, 0.25, 0], "texture": "#0" },"south": { "uv": [0, 0, 3.25, 0], "texture": "#0" },"west": { "uv": [0, 0, 0.25, 0], "texture": "#0" },"up": { "uv": [10, 6.5, 6.75, 6.25], "texture": "#0" },"down": { "uv": [10, 6.5, 6.75, 6.75], "texture": "#0" }}},{"from": [2, 7, 0],"to": [15, 7, 1],"rotation": { "angle": 0, "axis": "y", "origin": [8.5, 7, 8.5] },"faces": {"north": { "uv": [0, 0, 3.25, 0], "texture": "#0" },"east": { "uv": [0, 0, 0.25, 0], "texture": "#0" },"south": { "uv": [0, 0, 3.25, 0], "texture": "#0" },"west": { "uv": [0, 0, 0.25, 0], "texture": "#0" },"up": { "uv": [10.75, 5.25, 7.5, 5], "texture": "#0" },"down": { "uv": [10.75, 5.25, 7.5, 5.5], "texture": "#0" }}},{"from": [1, 5, 8.5],"to": [16, 17, 8.5],"faces": {"north": { "uv": [16, 0, 0, 16], "texture": "#3" },"east": { "uv": [16, 0, 0, 16], "texture": "#3" },"south": { "uv": [0, 0, 16, 16], "texture": "#3" },"west": { "uv": [16, 0, 0, 16], "texture": "#3" },"up": { "uv": [16, 0, 0, 16], "texture": "#3" },"down": { "uv": [16, 0, 0, 16], "texture": "#3" }}},{"from": [8.5, 5, 1],"to": [8.5, 17, 16],"rotation": { "angle": 0, "axis": "y", "origin": [15, 7, 8.5] },"faces": {"north": { "uv": [16, 0, 0, 16], "texture": "#3" },"east": { "uv": [16, 0, 0, 16], "texture": "#3" },"south": { "uv": [16, 0, 0, 16], "texture": "#3" },"west": { "uv": [0, 0, 16, 16], "texture": "#3" },"up": { "uv": [16, 0, 0, 16], "texture": "#3" },"down": { "uv": [16, 0, 0, 16], "texture": "#3" }}},{"from": [10, 7, 0],"to": [15, 8, 0],"faces": {"north": { "uv": [4, 0, 11, 2], "texture": "#2" },"east": { "uv": [4, 0, 11, 2], "texture": "#2" },"south": { "uv": [11, 0, 4, 2], "texture": "#2" },"west": { "uv": [4, 0, 11, 2], "texture": "#2" },"up": { "uv": [4, 0, 11, 2], "texture": "#2" },"down": { "uv": [4, 0, 11, 2], "texture": "#2" }}},{"from": [9, 7, 17],"to": [14, 8, 17],"faces": {"north": { "uv": [11.25, 0, 4, 2], "texture": "#2" },"east": { "uv": [4, 0, 11.25, 2], "texture": "#2" },"south": { "uv": [4, 0, 11.25, 2], "texture": "#2" },"west": { "uv": [4, 0, 11.25, 2], "texture": "#2" },"up": { "uv": [4, 0, 11.25, 2], "texture": "#2" },"down": { "uv": [4, 0, 11.25, 2], "texture": "#2" }}},{"from": [2, 7, 17],"to": [6, 8, 17],"faces": {"north": {"uv": [12, 16, 14, 8.75],"rotation": 270,"texture": "#2"},"east": {"uv": [12, 8.75, 14, 16],"rotation": 270,"texture": "#2"},"south": {"uv": [12, 8.75, 14, 16],"rotation": 270,"texture": "#2"},"west": {"uv": [12, 8.75, 14, 16],"rotation": 270,"texture": "#2"},"up": {"uv": [12, 8.75, 14, 16],"rotation": 270,"texture": "#2"},"down": {"uv": [12, 8.75, 14, 16],"rotation": 270,"texture": "#2"}}},{"from": [2, 7, 0],"to": [5, 8, 0],"faces": {"north": { "uv": [10, 6, 16, 8], "texture": "#2" },"east": { "uv": [10, 6, 16, 8], "texture": "#2" },"south": { "uv": [16, 6, 10, 8], "texture": "#2" },"west": { "uv": [10, 6, 16, 8], "texture": "#2" },"up": { "uv": [10, 6, 16, 8], "texture": "#2" },"down": { "uv": [10, 6, 16, 8], "texture": "#2" }}},{"from": [0, 7, 3],"to": [0, 8, 9],"faces": {"north": {"uv": [12, 8, 14, 15],"rotation": 270,"texture": "#2"},"east": {"uv": [12, 15, 14, 8],"rotation": 270,"texture": "#2"},"south": {"uv": [12, 8, 14, 15],"rotation": 270,"texture": "#2"},"west": {"uv": [12, 7, 14, 15],"rotation": 270,"texture": "#2"},"up": {"uv": [12, 8, 14, 15],"rotation": 270,"texture": "#2"},"down": {"uv": [12, 8, 14, 15],"rotation": 270,"texture": "#2"}}},{"from": [0, 7, 12],"to": [0, 8, 15],"faces": {"north": {"uv": [2, 11.75, 4, 16],"rotation": 90,"texture": "#2"},"east": {"uv": [2, 16, 4, 12],"rotation": 90,"texture": "#2"},"south": {"uv": [2, 11.75, 4, 16],"rotation": 90,"texture": "#2"},"west": {"uv": [2, 12, 4, 16],"rotation": 90,"texture": "#2"},"up": {"uv": [2, 11.75, 4, 16],"rotation": 90,"texture": "#2"},"down": {"uv": [2, 11.75, 4, 16],"rotation": 90,"texture": "#2"}}},{"from": [17, 7, 3],"to": [17, 8, 9],"faces": {"north": {"uv": [4, 0, 6, 8],"rotation": 90,"texture": "#2"},"east": { "uv": [4, 0, 6, 8], "rotation": 90, "texture": "#2" },"south": {"uv": [4, 0, 6, 8],"rotation": 90,"texture": "#2"},"west": { "uv": [4, 8, 6, 0], "rotation": 90, "texture": "#2" },"up": { "uv": [4, 0, 6, 8], "rotation": 90, "texture": "#2" },"down": { "uv": [4, 0, 6, 8], "rotation": 90, "texture": "#2" }}},{"from": [17, 7, 10],"to": [17, 8, 12],"faces": {"north": { "uv": [0, 0, 0, 0.25], "texture": "#2" },"east": { "uv": [0, 0, 0.5, 0.25], "texture": "#2" },"south": { "uv": [0, 0, 0, 0.25], "texture": "#2" },"west": { "uv": [0, 0, 0.5, 0.25], "texture": "#2" },"up": { "uv": [0, 0, 0, 0.5], "texture": "#2" },"down": { "uv": [0, 0, 0, 0.5], "texture": "#2" }}}],"display": {"thirdperson_righthand": {"translation": [-0.25, 0, -1],"scale": [0.57, 0.57, 0.57]},"thirdperson_lefthand": {"translation": [0.25, 0, -1],"scale": [0.57, 0.57, 0.57]},"firstperson_righthand": {"translation": [1.5, 0, 0]},"firstperson_lefthand": {"translation": [1.5, 0, 0]},"ground": {"translation": [0, 0.5, 0],"scale": [0.72, 0.72, 0.72]},"gui": {"rotation": [12, -180, 0],"translation": [0.75, -1.5, 0],"scale": [0.88, 0.99, 0.99]},"head": {"translation": [-0.75, 3.25, -0.75],"scale": [1.62, 1.59, 1.62]},"fixed": {"rotation": [-89, 0, 0],"translation": [0, 0, -5.25]}},"groups": [{"name": "hat","origin": [0, 0, 0],"color": 0,"children": [0, 1, 2, 3, 4, 5, 6, 7, 8, 9, 10, 11, 12, 13, 14, 15, 16, 17,18, 19, 20, 21, 22, 23, 24, 25, 26, 27, 28, 29, 30, 31, 32]},{"name": "top hat fire","origin": [8.5, 7, 8.5],"color": 0,"children": [33, 34]},{"name": "hat brim fire","origin": [8.5, 7, 8.5],"color": 0,"children": [35, 36, 37, 38, 39, 40, 41, 42]}]}