{"credit": "Made with Blockbench","texture_size": [64, 64],"textures": {"1": "minecraft:item/tristenlosey/ender_dragon_details","2": "minecraft:item/tristenlosey/ender_dragon_hide_hat","particle": "minecraft:item/tristenlosey/ender_dragon_hide_hat"},"elements": [{"from": [13, 7, 4],"to": [13, 10, 13],"faces": {"north": { "uv": [0, 4, 2.25, 4.75], "texture": "#2" },"east": { "uv": [0, 4, 2.25, 4.75], "texture": "#2" },"south": { "uv": [0, 4, 2.25, 4.75], "texture": "#2" },"west": { "uv": [2.25, 4, 0, 4.75], "texture": "#2" },"up": { "uv": [0, 4, 2.25, 4.75], "texture": "#2" },"down": { "uv": [0, 4, 2.25, 4.75], "texture": "#2" }}},{"from": [13.25, 7.25, 3.75],"to": [13.25, 8, 13.25],"faces": {"north": { "uv": [0, 0, 0, 0.25], "texture": "#2" },"east": { "uv": [6.25, 6, 8.75, 6.25], "texture": "#2" },"south": { "uv": [0, 0, 0, 0.25], "texture": "#2" },"west": { "uv": [6.25, 6.25, 8.75, 6.5], "texture": "#2" },"up": { "uv": [0, 2.5, 0, 0], "texture": "#2" },"down": { "uv": [0, 0, 0, 2.5], "texture": "#2" }}},{"from": [4.4, 13, 4.4],"to": [12.6, 13, 12.4],"faces": {"north": { "uv": [2, 2, 0, 0], "texture": "#2" },"east": { "uv": [2, 2, 0, 0], "texture": "#2" },"south": { "uv": [2, 2, 0, 0], "texture": "#2" },"west": { "uv": [2, 2, 0, 0], "texture": "#2" },"up": { "uv": [2, 2, 0, 0], "texture": "#2" },"down": { "uv": [2, 2, 0, 0], "texture": "#2" }}},{"from": [4, 7, 4],"to": [13, 10, 4],"faces": {"north": { "uv": [4.25, 0, 6.5, 0.75], "texture": "#2" },"east": { "uv": [4.25, 0, 6.5, 0.75], "texture": "#2" },"south": { "uv": [4.25, 0, 6.5, 0.75], "texture": "#2" },"west": { "uv": [4.25, 0, 6.5, 0.75], "texture": "#2" },"up": { "uv": [4.25, 0, 6.5, 0.75], "texture": "#2" },"down": { "uv": [4.25, 0, 6.5, 0.75], "texture": "#2" }}},{"from": [3.75, 7, 3.75],"to": [13.25, 8, 3.75],"faces": {"north": { "uv": [6.5, 0, 9, 0.25], "texture": "#2" },"east": { "uv": [6.5, 0, 9, 0.25], "texture": "#2" },"south": { "uv": [6.5, 0, 9, 0.25], "texture": "#2" },"west": { "uv": [6.5, 0, 9, 0.25], "texture": "#2" },"up": { "uv": [6.5, 0, 9, 0.25], "texture": "#2" },"down": { "uv": [6.5, 0, 9, 0.25], "texture": "#2" }}},{"from": [4, 7, 4],"to": [4, 10, 13],"faces": {"north": { "uv": [4.25, 2.25, 6.5, 3], "texture": "#2" },"east": { "uv": [6.5, 2.25, 4.25, 3], "texture": "#2" },"south": { "uv": [4.25, 2.25, 6.5, 3], "texture": "#2" },"west": { "uv": [4.25, 2.25, 6.5, 3], "texture": "#2" },"up": { "uv": [4.25, 2.25, 6.5, 3], "texture": "#2" },"down": { "uv": [4.25, 2.25, 6.5, 3], "texture": "#2" }}},{"from": [3.75, 7, 3.75],"to": [3.75, 8, 13.25],"faces": {"north": { "uv": [0, 0, 0, 0.25], "texture": "#2" },"east": { "uv": [6.5, 0.5, 9, 0.75], "texture": "#2" },"south": { "uv": [0, 0, 0, 0.25], "texture": "#2" },"west": { "uv": [6.5, 0.75, 9, 1], "texture": "#2" },"up": { "uv": [0, 2.5, 0, 0], "texture": "#2" },"down": { "uv": [0, 0, 0, 2.5], "texture": "#2" }}},{"from": [4, 7, 13],"to": [13, 10, 13],"faces": {"north": { "uv": [4.5, 3.75, 6.75, 4.5], "texture": "#2" },"east": { "uv": [4.5, 3.75, 6.75, 4.5], "texture": "#2" },"south": { "uv": [4.5, 3.75, 6.75, 4.5], "texture": "#2" },"west": { "uv": [4.5, 3.75, 6.75, 4.5], "texture": "#2" },"up": { "uv": [4.5, 3.75, 6.75, 4.5], "texture": "#2" },"down": { "uv": [4.5, 3.75, 6.75, 4.5], "texture": "#2" }}},{"from": [3.75, 7, 13.25],"to": [13.25, 8, 13.25],"faces": {"north": { "uv": [6.5, 1, 9, 1.25], "texture": "#2" },"east": { "uv": [0, 0, 0, 0.25], "texture": "#2" },"south": { "uv": [6.5, 1.25, 9, 1.5], "texture": "#2" },"west": { "uv": [0, 0, 0, 0.25], "texture": "#2" },"up": { "uv": [2.5, 0, 0, 0], "texture": "#2" },"down": { "uv": [2.5, 0, 0, 0], "texture": "#2" }}},{"from": [4.4, 10, 4.4],"to": [12.6, 13, 4.4],"faces": {"north": { "uv": [4.5, 4.5, 6.5, 5.25], "texture": "#2" },"east": { "uv": [4.5, 4.5, 6.5, 5.25], "texture": "#2" },"south": { "uv": [4.5, 4.5, 6.5, 5.25], "texture": "#2" },"west": { "uv": [4.5, 4.5, 6.5, 5.25], "texture": "#2" },"up": { "uv": [4.5, 4.5, 6.5, 5.25], "texture": "#2" },"down": { "uv": [4.5, 4.5, 6.5, 5.25], "texture": "#2" }}},{"from": [4.4, 10, 12.4],"to": [12.6, 13, 12.4],"faces": {"north": { "uv": [4, 5.25, 6, 6], "texture": "#2" },"east": { "uv": [4, 5.25, 6, 6], "texture": "#2" },"south": { "uv": [4, 5.25, 6, 6], "texture": "#2" },"west": { "uv": [4, 5.25, 6, 6], "texture": "#2" },"up": { "uv": [4, 5.25, 6, 6], "texture": "#2" },"down": { "uv": [4, 5.25, 6, 6], "texture": "#2" }}},{"from": [12.6, 10, 4.4],"to": [12.6, 13, 12.4],"faces": {"north": { "uv": [0, 5.5, 2, 6.25], "texture": "#2" },"east": { "uv": [0, 5.5, 2, 6.25], "texture": "#2" },"south": { "uv": [0, 5.5, 2, 6.25], "texture": "#2" },"west": { "uv": [2, 5.5, 0, 6.25], "texture": "#2" },"up": { "uv": [0, 5.5, 2, 6.25], "texture": "#2" },"down": { "uv": [0, 5.5, 2, 6.25], "texture": "#2" }}},{"from": [4.4, 10, 4.4],"to": [4.4, 13, 12.4],"faces": {"north": { "uv": [6, 5.25, 8, 6], "texture": "#2" },"east": { "uv": [8, 5.25, 6, 6], "texture": "#2" },"south": { "uv": [6, 5.25, 8, 6], "texture": "#2" },"west": { "uv": [6, 5.25, 8, 6], "texture": "#2" },"up": { "uv": [6, 5.25, 8, 6], "texture": "#2" },"down": { "uv": [6, 5.25, 8, 6], "texture": "#2" }}},{"from": [4, 10, 12.4],"to": [12.4, 10, 13],"faces": {"north": { "uv": [8.5, 4.75, 6.5, 4.5], "texture": "#2" },"east": { "uv": [8.5, 4.75, 6.5, 4.5], "texture": "#2" },"south": { "uv": [8.5, 4.75, 6.5, 4.5], "texture": "#2" },"west": { "uv": [8.5, 4.75, 6.5, 4.5], "texture": "#2" },"up": { "uv": [8.5, 4.75, 6.625, 4.5], "texture": "#2" },"down": { "uv": [8.5, 4.75, 6.5, 4.5], "texture": "#2" }}},{"from": [4, 10, 4],"to": [12.4, 10, 4.4],"faces": {"north": { "uv": [8.5, 5.25, 6.5, 5], "texture": "#2" },"east": { "uv": [8.5, 5.25, 6.5, 5], "texture": "#2" },"south": { "uv": [8.5, 5.25, 6.5, 5], "texture": "#2" },"west": { "uv": [8.5, 5.25, 6.5, 5], "texture": "#2" },"up": { "uv": [8.1875, 5.25, 6.6875, 5.0625], "texture": "#2" },"down": { "uv": [8.5, 5.25, 6.5, 5], "texture": "#2" }}},{"from": [12.4, 10, 4],"to": [13, 10, 13],"faces": {"north": { "uv": [4, 8.5, 3.75, 6.25], "texture": "#2" },"east": { "uv": [4, 8.5, 3.75, 6.25], "texture": "#2" },"south": { "uv": [4, 8.5, 3.75, 6.25], "texture": "#2" },"west": { "uv": [4, 8.5, 3.75, 6.25], "texture": "#2" },"up": { "uv": [4, 8.5, 3.75, 6.25], "texture": "#2" },"down": { "uv": [4, 8.5, 3.75, 6.25], "texture": "#2" }}},{"from": [4, 10, 4.4],"to": [4.4, 10, 12.4],"faces": {"north": { "uv": [7, 3.5, 6.75, 1.5], "texture": "#2" },"east": { "uv": [7, 3.5, 6.75, 1.5], "texture": "#2" },"south": { "uv": [7, 3.5, 6.75, 1.5], "texture": "#2" },"west": { "uv": [7, 3.5, 6.75, 1.5], "texture": "#2" },"up": { "uv": [7, 3.5, 6.75, 1.5], "texture": "#2" },"down": { "uv": [7, 3.5, 6.75, 1.5], "texture": "#2" }}},{"from": [12.6194, 5.08658, 1],"to": [13.6194, 5.08658, 16],"rotation": { "angle": 22.5, "axis": "z", "origin": [8, 7, 8] },"faces": {"north": { "uv": [6.25, 9.75, 6, 6], "texture": "#2" },"east": { "uv": [6.25, 9.75, 6, 6], "texture": "#2" },"south": { "uv": [6.25, 9.75, 6, 6], "texture": "#2" },"west": { "uv": [6.25, 9.75, 6, 6], "texture": "#2" },"up": { "uv": [6.25, 9.75, 6, 6], "texture": "#2" },"down": { "uv": [6.25, 9.75, 6, 6], "texture": "#2" }}},{"from": [13.6194, 5.08658, 1],"to": [14.6194, 5.08658, 16],"rotation": { "angle": 22.5, "axis": "z", "origin": [8, 7, 8] },"faces": {"north": { "uv": [0.5, 10, 0.25, 6.25], "texture": "#2" },"east": { "uv": [0.5, 10, 0.25, 6.25], "texture": "#2" },"south": { "uv": [0.5, 10, 0.25, 6.25], "texture": "#2" },"west": { "uv": [0.5, 10, 0.25, 6.25], "texture": "#2" },"up": { "uv": [0.5, 10, 0.25, 6.25], "texture": "#2" },"down": { "uv": [0.5, 10, 0.25, 6.25], "texture": "#2" }}},{"from": [14.86523, 7.82246, 2],"to": [15.86523, 7.82246, 15],"rotation": { "angle": 22.5, "axis": "z", "origin": [15, 7.75, 6] },"faces": {"north": { "uv": [2, 9.5, 1.75, 6.25], "texture": "#2" },"east": { "uv": [2, 9.5, 1.75, 6.25], "texture": "#2" },"south": { "uv": [2, 9.5, 1.75, 6.25], "texture": "#2" },"west": { "uv": [2, 9.5, 1.75, 6.25], "texture": "#2" },"up": { "uv": [2, 9.5, 1.75, 6.25], "texture": "#2" },"down": { "uv": [2, 9.5, 1.75, 6.25], "texture": "#2" }}},{"from": [15.86523, 7.82246, 3],"to": [16.86523, 7.82246, 14],"rotation": { "angle": 22.5, "axis": "z", "origin": [15, 7.75, 6] },"faces": {"north": { "uv": [3, 9, 2.75, 6.25], "texture": "#2" },"east": { "uv": [3, 9, 2.75, 6.25], "texture": "#2" },"south": { "uv": [3, 9, 2.75, 6.25], "texture": "#2" },"west": { "uv": [3, 9, 2.75, 6.25], "texture": "#2" },"up": { "uv": [3, 9, 2.75, 6.25], "texture": "#2" },"down": { "uv": [3, 9, 2.75, 6.25], "texture": "#2" }}},{"from": [3, 7, 1],"to": [4, 7, 16],"rotation": { "angle": 0, "axis": "y", "origin": [4, 7, 8] },"faces": {"north": { "uv": [1, 10, 0.75, 6.25], "texture": "#2" },"east": { "uv": [1, 10, 0.75, 6.25], "texture": "#2" },"south": { "uv": [1, 10, 0.75, 6.25], "texture": "#2" },"west": { "uv": [1, 10, 0.75, 6.25], "texture": "#2" },"up": { "uv": [1, 10, 0.75, 6.25], "texture": "#2" },"down": { "uv": [1, 10, 0.75, 6.25], "texture": "#2" }}},{"from": [2, 7, 1],"to": [3, 7, 16],"rotation": { "angle": -22.5, "axis": "z", "origin": [3, 7, 8] },"faces": {"north": { "uv": [1.5, 10, 1.25, 6.25], "texture": "#2" },"east": { "uv": [1.5, 10, 1.25, 6.25], "texture": "#2" },"south": { "uv": [1.5, 10, 1.25, 6.25], "texture": "#2" },"west": { "uv": [1.5, 10, 1.25, 6.25], "texture": "#2" },"up": { "uv": [1.5, 10, 1.25, 6.25], "texture": "#2" },"down": { "uv": [1.5, 10, 1.25, 6.25], "texture": "#2" }}},{"from": [4, 7, 0],"to": [13, 7, 4],"rotation": { "angle": 0, "axis": "y", "origin": [8, 7, 8] },"faces": {"north": { "uv": [4.25, 1, 2, 0], "texture": "#2" },"east": { "uv": [4.25, 1, 2, 0], "texture": "#2" },"south": { "uv": [4.25, 1, 2, 0], "texture": "#2" },"west": { "uv": [4.25, 1, 2, 0], "texture": "#2" },"up": { "uv": [4.25, 1, 2, 0], "texture": "#2" },"down": { "uv": [4.25, 0, 2, 1], "texture": "#2" }}},{"from": [1.16559, 7.44116, 2],"to": [2.16559, 7.44116, 15],"rotation": {"angle": -45,"axis": "z","origin": [2.05037, 7.52042, 7]},"faces": {"north": { "uv": [2.5, 9.5, 2.25, 6.25], "texture": "#2" },"east": { "uv": [2.5, 9.5, 2.25, 6.25], "texture": "#2" },"south": { "uv": [2.5, 9.5, 2.25, 6.25], "texture": "#2" },"west": { "uv": [2.5, 9.5, 2.25, 6.25], "texture": "#2" },"up": { "uv": [2.5, 9.5, 2.25, 6.25], "texture": "#2" },"down": { "uv": [2.5, 9.5, 2.25, 6.25], "texture": "#2" }}},{"from": [0.16559, 7.44116, 3],"to": [1.16559, 7.44116, 14],"rotation": {"angle": -45,"axis": "z","origin": [2.05037, 7.52042, 7]},"faces": {"north": { "uv": [3.5, 9, 3.25, 6.25], "texture": "#2" },"east": { "uv": [3.5, 9, 3.25, 6.25], "texture": "#2" },"south": { "uv": [3.5, 9, 3.25, 6.25], "texture": "#2" },"west": { "uv": [3.5, 9, 3.25, 6.25], "texture": "#2" },"up": { "uv": [3.5, 9, 3.25, 6.25], "texture": "#2" },"down": { "uv": [3.5, 9, 3.25, 6.25], "texture": "#2" }}},{"from": [4, 7, 13],"to": [13, 7, 17],"rotation": { "angle": 0, "axis": "y", "origin": [8, 7, 8] },"faces": {"north": { "uv": [4.25, 3, 2, 2], "texture": "#2" },"east": { "uv": [4.25, 3, 2, 2], "texture": "#2" },"south": { "uv": [4.25, 3, 2, 2], "texture": "#2" },"west": { "uv": [4.25, 3, 2, 2], "texture": "#2" },"up": { "uv": [4.25, 3, 2, 2], "texture": "#2" },"down": { "uv": [4.25, 3, 2, 4], "texture": "#2" }}},{"from": [5, 13, 8],"to": [6, 14, 10],"faces": {"north": { "uv": [4.25, 3.75, 4.5, 4], "texture": "#2" },"east": { "uv": [4, 4.75, 4.5, 5], "texture": "#2" },"south": { "uv": [5.75, 6.75, 6, 7], "texture": "#2" },"west": { "uv": [4, 5, 4.5, 5.25], "texture": "#2" },"up": { "uv": [7, 4, 6.75, 3.5], "texture": "#2" },"down": { "uv": [7, 4, 6.75, 4.5], "texture": "#2" }}},{"from": [11, 13, 8],"to": [12, 14, 10],"faces": {"north": { "uv": [6.25, 6.75, 6.5, 7], "texture": "#2" },"east": { "uv": [4.25, 6.75, 4.75, 7], "texture": "#2" },"south": { "uv": [6.5, 6.75, 6.75, 7], "texture": "#2" },"west": { "uv": [4.75, 6.75, 5.25, 7], "texture": "#2" },"up": { "uv": [5.5, 7.25, 5.25, 6.75], "texture": "#2" },"down": { "uv": [5.75, 6.75, 5.5, 7.25], "texture": "#2" }}},{"from": [6, 4, 17],"to": [8, 7, 17],"faces": {"north": { "uv": [9, 0, 9.5, 0.75], "texture": "#2" },"east": { "uv": [9, 0, 9.5, 0.75], "texture": "#2" },"south": { "uv": [9, 0, 9.5, 0.75], "texture": "#2" },"west": { "uv": [9, 0, 9.5, 0.75], "texture": "#2" },"up": { "uv": [9, 0, 9.5, 0.75], "texture": "#2" },"down": { "uv": [9, 0, 9.5, 0.75], "texture": "#2" }}},{"from": [10, 3.25, 1.25],"to": [14, 7.25, 1.25],"faces": {"north": { "uv": [0, 0, 9.84211, 11.10526], "texture": "#1" },"east": { "uv": [0, 0, 9.84211, 11.10526], "texture": "#1" },"south": { "uv": [9.84211, 0, 0, 11.10526], "texture": "#1" },"west": { "uv": [0, 0, 9.84211, 11.10526], "texture": "#1" },"up": { "uv": [0, 0, 9.84211, 11.10526], "texture": "#1" },"down": { "uv": [0, 0, 9.84211, 11.10526], "texture": "#1" }}}],"display": {"thirdperson_righthand": {"translation": [-0.25, 0, -1],"scale": [0.57, 0.57, 0.57]},"thirdperson_lefthand": {"translation": [0.5, 0, -1],"scale": [0.57, 0.57, 0.57]},"firstperson_righthand": {"translation": [1.5, 0, 0]},"firstperson_lefthand": {"translation": [1.5, 0, 0]},"ground": {"scale": [0.72, 0.72, 0.72]},"gui": {"rotation": [9, 156, -2],"translation": [0.5, -2.25, 0],"scale": [0.79, 0.79, 0.86]},"head": {"rotation": [-2, 0, 0],"translation": [-1, 4.25, -0.75],"scale": [1.64, 1.62, 1.64]},"fixed": {"rotation": [-89, 0, 0],"translation": [0, 0, -2.75]}},"groups": [{"name": "hat","origin": [0, 0, 0],"color": 0,"children": [0, 1, 2, 3, 4, 5, 6, 7, 8, 9, 10, 11, 12, 13, 14, 15, 16, 17,18, 19, 20, 21, 22, 23, 24, 25, 26, 27, 28, 29]},{"name": "details","origin": [0, 0, 0],"color": 0,"children": [30]}]}