{"credit": "Made with Blockbench","texture_size": [64, 64],"textures": {"2": "minecraft:item/tristenlosey/goat_skin_hat","particle": "minecraft:item/tristenlosey/goat_skin_hat"},"elements": [{"from": [4, 7, 13],"to": [13, 11, 13],"faces": {"north": { "uv": [2.25, 4, 4.5, 5], "texture": "#2" },"east": { "uv": [0, 0, 0, 1], "texture": "#2" },"south": { "uv": [4.25, 0, 6.5, 1], "texture": "#2" },"west": { "uv": [0, 0, 0, 1], "texture": "#2" },"up": { "uv": [2.25, 0, 0, 0], "texture": "#2" },"down": { "uv": [2.25, 0, 0, 0], "texture": "#2" }}},{"from": [13, 7, 4],"to": [13, 11, 13],"faces": {"north": { "uv": [0, 0, 0, 1], "texture": "#2" },"east": { "uv": [4.25, 1, 6.5, 2], "texture": "#2" },"south": { "uv": [0, 0, 0, 1], "texture": "#2" },"west": { "uv": [4.25, 2, 6.5, 3], "texture": "#2" },"up": { "uv": [0, 2.25, 0, 0], "texture": "#2" },"down": { "uv": [0, 0, 0, 2.25], "texture": "#2" }}},{"from": [4, 7, 4],"to": [4, 11, 13],"faces": {"north": { "uv": [0, 0, 0, 1], "texture": "#2" },"east": { "uv": [4.25, 3, 6.5, 4], "texture": "#2" },"south": { "uv": [0, 0, 0, 1], "texture": "#2" },"west": { "uv": [0, 4.5, 2.25, 5.5], "texture": "#2" },"up": { "uv": [0, 2.25, 0, 0], "texture": "#2" },"down": { "uv": [0, 0, 0, 2.25], "texture": "#2" }}},{"from": [4, 7, 4],"to": [13, 11, 4],"faces": {"north": { "uv": [4.5, 4, 6.75, 5], "texture": "#2" },"east": { "uv": [0, 0, 0, 1], "texture": "#2" },"south": { "uv": [2.25, 5, 4.5, 6], "texture": "#2" },"west": { "uv": [0, 0, 0, 1], "texture": "#2" },"up": { "uv": [2.25, 0, 0, 0], "texture": "#2" },"down": { "uv": [2.25, 0, 0, 0], "texture": "#2" }}},{"from": [4, 11, 4],"to": [13, 11, 13],"faces": {"north": { "uv": [0, 0, 2.25, 0], "texture": "#2" },"east": { "uv": [0, 0, 2.25, 0], "texture": "#2" },"south": { "uv": [0, 0, 2.25, 0], "texture": "#2" },"west": { "uv": [0, 0, 2.25, 0], "texture": "#2" },"up": { "uv": [2.25, 2.25, 0, 0], "texture": "#2" },"down": { "uv": [2.25, 2.25, 0, 4.5], "texture": "#2" }}},{"from": [4.3, 12, 4.3],"to": [12.7, 12, 12.7],"faces": {"north": { "uv": [0, 0, 2, 0], "texture": "#2" },"east": { "uv": [0, 0, 2, 0], "texture": "#2" },"south": { "uv": [0, 0, 2, 0], "texture": "#2" },"west": { "uv": [0, 0, 2, 0], "texture": "#2" },"up": { "uv": [4.25, 2, 2.25, 0], "texture": "#2" },"down": { "uv": [4.25, 2, 2.25, 4], "texture": "#2" }}},{"from": [13, 7, 4],"to": [16, 7, 13],"rotation": { "angle": 0, "axis": "y", "origin": [8, 7, 9] },"faces": {"north": { "uv": [0, 0, 0.75, 0], "texture": "#2" },"east": { "uv": [0, 0, 2.25, 0], "texture": "#2" },"south": { "uv": [0, 0, 0.75, 0], "texture": "#2" },"west": { "uv": [0, 0, 2.25, 0], "texture": "#2" },"up": { "uv": [5.25, 7.25, 4.5, 5], "texture": "#2" },"down": { "uv": [6, 5, 5.25, 7.25], "texture": "#2" }}},{"from": [1, 7, 4],"to": [4, 7, 13],"rotation": { "angle": 0, "axis": "y", "origin": [8, 7, 9] },"faces": {"north": { "uv": [0, 0, 0.75, 0], "texture": "#2" },"east": { "uv": [0, 0, 2.25, 0], "texture": "#2" },"south": { "uv": [0, 0, 0.75, 0], "texture": "#2" },"west": { "uv": [0, 0, 2.25, 0], "texture": "#2" },"up": { "uv": [0.75, 7.75, 0, 5.5], "texture": "#2" },"down": { "uv": [1.5, 5.5, 0.75, 7.75], "texture": "#2" }}},{"from": [4, 7, 1],"to": [13, 7, 4],"rotation": { "angle": 0, "axis": "y", "origin": [8, 7, 9] },"faces": {"north": { "uv": [0, 0, 2.25, 0], "texture": "#2" },"east": { "uv": [0, 0, 0.75, 0], "texture": "#2" },"south": { "uv": [0, 0, 2.25, 0], "texture": "#2" },"west": { "uv": [0, 0, 0.75, 0], "texture": "#2" },"up": { "uv": [3.75, 6.75, 1.5, 6], "texture": "#2" },"down": { "uv": [8.25, 5, 6, 5.75], "texture": "#2" }}},{"from": [4, 7, 13],"to": [13, 7, 16],"rotation": { "angle": 0, "axis": "y", "origin": [8, 7, 9] },"faces": {"north": { "uv": [0, 0, 2.25, 0], "texture": "#2" },"east": { "uv": [0, 0, 0.75, 0], "texture": "#2" },"south": { "uv": [0, 0, 2.25, 0], "texture": "#2" },"west": { "uv": [0, 0, 0.75, 0], "texture": "#2" },"up": { "uv": [8.25, 6.5, 6, 5.75], "texture": "#2" },"down": { "uv": [8.75, 0, 6.5, 0.75], "texture": "#2" }}},{"from": [13, 7, 2],"to": [15, 7, 4],"rotation": { "angle": 0, "axis": "y", "origin": [8, 7, 9] },"faces": {"north": { "uv": [0, 0, 0.5, 0], "texture": "#2" },"east": { "uv": [0, 0, 0.5, 0], "texture": "#2" },"south": { "uv": [0, 0, 0.5, 0], "texture": "#2" },"west": { "uv": [0, 0, 0.5, 0], "texture": "#2" },"up": { "uv": [2, 6, 1.5, 5.5], "texture": "#2" },"down": { "uv": [7.25, 3.25, 6.75, 3.75], "texture": "#2" }}},{"from": [13, 7, 13],"to": [15, 7, 15],"rotation": { "angle": 0, "axis": "y", "origin": [8, 7, 9] },"faces": {"north": { "uv": [0, 0, 0.5, 0], "texture": "#2" },"east": { "uv": [0, 0, 0.5, 0], "texture": "#2" },"south": { "uv": [0, 0, 0.5, 0], "texture": "#2" },"west": { "uv": [0, 0, 0.5, 0], "texture": "#2" },"up": { "uv": [7.25, 4.25, 6.75, 3.75], "texture": "#2" },"down": { "uv": [7.25, 4.25, 6.75, 4.75], "texture": "#2" }}},{"from": [2, 7, 13],"to": [4, 7, 15],"rotation": { "angle": 0, "axis": "y", "origin": [8, 7, 9] },"faces": {"north": { "uv": [0, 0, 0.5, 0], "texture": "#2" },"east": { "uv": [0, 0, 0.5, 0], "texture": "#2" },"south": { "uv": [0, 0, 0.5, 0], "texture": "#2" },"west": { "uv": [0, 0, 0.5, 0], "texture": "#2" },"up": { "uv": [6.5, 7.25, 6, 6.75], "texture": "#2" },"down": { "uv": [7, 6.75, 6.5, 7.25], "texture": "#2" }}},{"from": [2, 7, 2],"to": [4, 7, 4],"rotation": { "angle": 0, "axis": "y", "origin": [8, 7, 9] },"faces": {"north": { "uv": [0, 0, 0.5, 0], "texture": "#2" },"east": { "uv": [0, 0, 0.5, 0], "texture": "#2" },"south": { "uv": [0, 0, 0.5, 0], "texture": "#2" },"west": { "uv": [0, 0, 0.5, 0], "texture": "#2" },"up": { "uv": [2, 7.5, 1.5, 7], "texture": "#2" },"down": { "uv": [2.5, 7, 2, 7.5], "texture": "#2" }}},{"from": [1, 7, 1],"to": [4, 7, 2],"rotation": { "angle": 0, "axis": "y", "origin": [8, 7, 9] },"faces": {"north": { "uv": [0, 0, 0.75, 0], "texture": "#2" },"east": { "uv": [0, 0, 0.25, 0], "texture": "#2" },"south": { "uv": [0, 0, 0.75, 0], "texture": "#2" },"west": { "uv": [0, 0, 0.25, 0], "texture": "#2" },"up": { "uv": [7.5, 5, 6.75, 4.75], "texture": "#2" },"down": { "uv": [3.25, 7, 2.5, 7.25], "texture": "#2" }}},{"from": [1, 7, 2],"to": [2, 7, 4],"rotation": { "angle": 0, "axis": "y", "origin": [8, 7, 9] },"faces": {"north": { "uv": [0, 0, 0.25, 0], "texture": "#2" },"east": { "uv": [0, 0, 0.5, 0], "texture": "#2" },"south": { "uv": [0, 0, 0.25, 0], "texture": "#2" },"west": { "uv": [0, 0, 0.5, 0], "texture": "#2" },"up": { "uv": [2.25, 6, 2, 5.5], "texture": "#2" },"down": { "uv": [7.5, 3.5, 7.25, 4], "texture": "#2" }}},{"from": [1, 7, 13],"to": [2, 7, 16],"rotation": { "angle": 0, "axis": "y", "origin": [8, 7, 9] },"faces": {"north": { "uv": [0, 0, 0.25, 0], "texture": "#2" },"east": { "uv": [0, 0, 0.75, 0], "texture": "#2" },"south": { "uv": [0, 0, 0.25, 0], "texture": "#2" },"west": { "uv": [0, 0, 0.75, 0], "texture": "#2" },"up": { "uv": [3.75, 7.5, 3.5, 6.75], "texture": "#2" },"down": { "uv": [3.5, 7, 3.25, 7.75], "texture": "#2" }}},{"from": [2, 7, 15],"to": [4, 7, 16],"rotation": { "angle": 0, "axis": "y", "origin": [8, 7, 9] },"faces": {"north": { "uv": [0, 0, 0.5, 0], "texture": "#2" },"east": { "uv": [0, 0, 0.25, 0], "texture": "#2" },"south": { "uv": [0, 0, 0.5, 0], "texture": "#2" },"west": { "uv": [0, 0, 0.25, 0], "texture": "#2" },"up": { "uv": [7.75, 4.25, 7.25, 4], "texture": "#2" },"down": { "uv": [7.75, 4.25, 7.25, 4.5], "texture": "#2" }}},{"from": [13, 7, 15],"to": [16, 7, 16],"rotation": { "angle": 0, "axis": "y", "origin": [8, 7, 9] },"faces": {"north": { "uv": [0, 0, 0.75, 0], "texture": "#2" },"east": { "uv": [0, 0, 0.25, 0], "texture": "#2" },"south": { "uv": [0, 0, 0.75, 0], "texture": "#2" },"west": { "uv": [0, 0, 0.25, 0], "texture": "#2" },"up": { "uv": [7.75, 7, 7, 6.75], "texture": "#2" },"down": { "uv": [7.75, 7, 7, 7.25], "texture": "#2" }}},{"from": [15, 7, 13],"to": [16, 7, 15],"rotation": { "angle": 0, "axis": "y", "origin": [8, 7, 9] },"faces": {"north": { "uv": [0, 0, 0.25, 0], "texture": "#2" },"east": { "uv": [0, 0, 0.5, 0], "texture": "#2" },"south": { "uv": [0, 0, 0.25, 0], "texture": "#2" },"west": { "uv": [0, 0, 0.5, 0], "texture": "#2" },"up": { "uv": [4.75, 7.75, 4.5, 7.25], "texture": "#2" },"down": { "uv": [5, 7.25, 4.75, 7.75], "texture": "#2" }}},{"from": [15, 7, 2],"to": [16, 7, 4],"rotation": { "angle": 0, "axis": "y", "origin": [8, 7, 9] },"faces": {"north": { "uv": [0, 0, 0.25, 0], "texture": "#2" },"east": { "uv": [0, 0, 0.5, 0], "texture": "#2" },"south": { "uv": [0, 0, 0.25, 0], "texture": "#2" },"west": { "uv": [0, 0, 0.5, 0], "texture": "#2" },"up": { "uv": [5.25, 7.75, 5, 7.25], "texture": "#2" },"down": { "uv": [5.5, 7.25, 5.25, 7.75], "texture": "#2" }}},{"from": [13, 7, 1],"to": [16, 7, 2],"rotation": { "angle": 0, "axis": "y", "origin": [8, 7, 9] },"faces": {"north": { "uv": [0, 0, 0.75, 0], "texture": "#2" },"east": { "uv": [0, 0, 0.25, 0], "texture": "#2" },"south": { "uv": [0, 0, 0.75, 0], "texture": "#2" },"west": { "uv": [0, 0, 0.25, 0], "texture": "#2" },"up": { "uv": [3.25, 7.5, 2.5, 7.25], "texture": "#2" },"down": { "uv": [8, 3.25, 7.25, 3.5], "texture": "#2" }}},{"from": [0, 7, 2],"to": [1, 7, 15],"rotation": { "angle": 0, "axis": "y", "origin": [8, 7, 9] },"faces": {"north": { "uv": [0, 0, 0.25, 0], "texture": "#2" },"east": { "uv": [0, 0, 3.25, 0], "texture": "#2" },"south": { "uv": [0, 0, 0.25, 0], "texture": "#2" },"west": { "uv": [0, 0, 3.25, 0], "texture": "#2" },"up": { "uv": [4, 9.25, 3.75, 6], "texture": "#2" },"down": { "uv": [4.25, 6, 4, 9.25], "texture": "#2" }}},{"from": [16, 7, 2],"to": [17, 7, 15],"rotation": { "angle": 0, "axis": "y", "origin": [8, 7, 9] },"faces": {"north": { "uv": [0, 0, 0.25, 0], "texture": "#2" },"east": { "uv": [0, 0, 3.25, 0], "texture": "#2" },"south": { "uv": [0, 0, 0.25, 0], "texture": "#2" },"west": { "uv": [0, 0, 3.25, 0], "texture": "#2" },"up": { "uv": [4.5, 9.25, 4.25, 6], "texture": "#2" },"down": { "uv": [6.75, 0.75, 6.5, 4], "texture": "#2" }}},{"from": [2, 7, 16],"to": [15, 7, 17],"rotation": { "angle": 0, "axis": "y", "origin": [8, 7, 9] },"faces": {"north": { "uv": [0, 0, 3.25, 0], "texture": "#2" },"east": { "uv": [0, 0, 0.25, 0], "texture": "#2" },"south": { "uv": [0, 0, 3.25, 0], "texture": "#2" },"west": { "uv": [0, 0, 0.25, 0], "texture": "#2" },"up": { "uv": [9.25, 6.75, 6, 6.5], "texture": "#2" },"down": { "uv": [10, 0.75, 6.75, 1], "texture": "#2" }}},{"from": [2, 7, 0],"to": [15, 7, 1],"rotation": { "angle": 0, "axis": "y", "origin": [8, 7, 9] },"faces": {"north": { "uv": [0, 0, 3.25, 0], "texture": "#2" },"east": { "uv": [0, 0, 0.25, 0], "texture": "#2" },"south": { "uv": [0, 0, 3.25, 0], "texture": "#2" },"west": { "uv": [0, 0, 0.25, 0], "texture": "#2" },"up": { "uv": [10, 1.25, 6.75, 1], "texture": "#2" },"down": { "uv": [10, 1.25, 6.75, 1.5], "texture": "#2" }}},{"from": [4.3, 11, 4.3],"to": [4.3, 12, 12.7],"faces": {"north": { "uv": [0, 0, 0, 0.25], "texture": "#2" },"east": { "uv": [1.5, 6.75, 3.5, 7], "texture": "#2" },"south": { "uv": [0, 0, 0, 0.25], "texture": "#2" },"west": { "uv": [6.75, 1.5, 8.75, 1.75], "texture": "#2" },"up": { "uv": [0, 2, 0, 0], "texture": "#2" },"down": { "uv": [0, 0, 0, 2], "texture": "#2" }}},{"from": [12.7, 11, 4.3],"to": [12.7, 12, 12.7],"faces": {"north": { "uv": [0, 0, 0, 0.25], "texture": "#2" },"east": { "uv": [6.75, 1.75, 8.75, 2], "texture": "#2" },"south": { "uv": [0, 0, 0, 0.25], "texture": "#2" },"west": { "uv": [6.75, 2, 8.75, 2.25], "texture": "#2" },"up": { "uv": [0, 2, 0, 0], "texture": "#2" },"down": { "uv": [0, 0, 0, 2], "texture": "#2" }}},{"from": [4.3, 11, 12.7],"to": [12.7, 12, 12.7],"faces": {"north": { "uv": [6.75, 2.25, 8.75, 2.5], "texture": "#2" },"east": { "uv": [0, 0, 0, 0.25], "texture": "#2" },"south": { "uv": [6.75, 2.5, 8.75, 2.75], "texture": "#2" },"west": { "uv": [0, 0, 0, 0.25], "texture": "#2" },"up": { "uv": [2, 0, 0, 0], "texture": "#2" },"down": { "uv": [2, 0, 0, 0], "texture": "#2" }}},{"from": [4.3, 11, 4.3],"to": [12.7, 12, 4.3],"faces": {"north": { "uv": [6.75, 2.75, 8.75, 3], "texture": "#2" },"east": { "uv": [0, 0, 0, 0.25], "texture": "#2" },"south": { "uv": [6.75, 3, 8.75, 3.25], "texture": "#2" },"west": { "uv": [0, 0, 0, 0.25], "texture": "#2" },"up": { "uv": [2, 0, 0, 0], "texture": "#2" },"down": { "uv": [2, 0, 0, 0], "texture": "#2" }}},{"from": [13.3, 7.3, 6.3],"to": [13.3, 8.3, 7.3],"rotation": { "angle": 45, "axis": "x", "origin": [14, 7, 8] },"faces": {"north": { "uv": [0, 0, 0, 0.25], "texture": "#2" },"east": { "uv": [5.75, 7.25, 6, 7.5], "texture": "#2" },"south": { "uv": [0, 0, 0, 0.25], "texture": "#2" },"west": { "uv": [6, 7.25, 6.25, 7.5], "texture": "#2" },"up": { "uv": [0, 0.25, 0, 0], "texture": "#2" },"down": { "uv": [0, 0, 0, 0.25], "texture": "#2" }}},{"from": [13.3, 8.3, 6.3],"to": [13.3, 9.3, 7.3],"rotation": { "angle": 45, "axis": "x", "origin": [14, 7, 8] },"faces": {"north": { "uv": [0, 0, 0, 0.25], "texture": "#2" },"east": { "uv": [6.25, 7.25, 6.5, 7.5], "texture": "#2" },"south": { "uv": [0, 0, 0, 0.25], "texture": "#2" },"west": { "uv": [6.5, 7.25, 6.75, 7.5], "texture": "#2" },"up": { "uv": [0, 0.25, 0, 0], "texture": "#2" },"down": { "uv": [0, 0, 0, 0.25], "texture": "#2" }}},{"from": [13.3, 8.3, 7.3],"to": [13.3, 9.3, 8.3],"rotation": { "angle": 45, "axis": "x", "origin": [14, 7, 8] },"faces": {"north": { "uv": [0, 0, 0, 0.25], "texture": "#2" },"east": { "uv": [6.75, 7.25, 7, 7.5], "texture": "#2" },"south": { "uv": [0, 0, 0, 0.25], "texture": "#2" },"west": { "uv": [7, 7.25, 7.25, 7.5], "texture": "#2" },"up": { "uv": [0, 0.25, 0, 0], "texture": "#2" },"down": { "uv": [0, 0, 0, 0.25], "texture": "#2" }}},{"from": [13.3, 7.3, 7.3],"to": [13.3, 8.3, 8.3],"rotation": { "angle": 45, "axis": "x", "origin": [14, 7, 8] },"faces": {"north": { "uv": [0, 0, 0, 0.25], "texture": "#2" },"east": { "uv": [7.25, 7.25, 7.5, 7.5], "texture": "#2" },"south": { "uv": [0, 0, 0, 0.25], "texture": "#2" },"west": { "uv": [1.5, 7.5, 1.75, 7.75], "texture": "#2" },"up": { "uv": [0, 0.25, 0, 0], "texture": "#2" },"down": { "uv": [0, 0, 0, 0.25], "texture": "#2" }}},{"from": [13.2, 9.3, 8.3],"to": [13.2, 10.3, 9.3],"rotation": { "angle": 45, "axis": "x", "origin": [14, 7, 8] },"faces": {"north": { "uv": [0, 0, 0, 0.25], "texture": "#2" },"east": { "uv": [1.75, 7.5, 2, 7.75], "texture": "#2" },"south": { "uv": [0, 0, 0, 0.25], "texture": "#2" },"west": { "uv": [2, 7.5, 2.25, 7.75], "texture": "#2" },"up": { "uv": [0, 0.25, 0, 0], "texture": "#2" },"down": { "uv": [0, 0, 0, 0.25], "texture": "#2" }}},{"from": [13.3, 9.3, 6.3],"to": [13.3, 10.3, 7.3],"rotation": { "angle": 45, "axis": "x", "origin": [14, 7, 8] },"faces": {"north": { "uv": [0, 0, 0, 0.25], "texture": "#2" },"east": { "uv": [2.25, 7.5, 2.5, 7.75], "texture": "#2" },"south": { "uv": [0, 0, 0, 0.25], "texture": "#2" },"west": { "uv": [2.5, 7.5, 2.75, 7.75], "texture": "#2" },"up": { "uv": [0, 0.25, 0, 0], "texture": "#2" },"down": { "uv": [0, 0, 0, 0.25], "texture": "#2" }}},{"from": [13.3, 9.3, 5.3],"to": [13.3, 10.3, 6.3],"rotation": { "angle": 45, "axis": "x", "origin": [14, 7, 8] },"faces": {"north": { "uv": [0, 0, 0, 0.25], "texture": "#2" },"east": { "uv": [2.75, 7.5, 3, 7.75], "texture": "#2" },"south": { "uv": [0, 0, 0, 0.25], "texture": "#2" },"west": { "uv": [3, 7.5, 3.25, 7.75], "texture": "#2" },"up": { "uv": [0, 0.25, 0, 0], "texture": "#2" },"down": { "uv": [0, 0, 0, 0.25], "texture": "#2" }}},{"from": [13.3, 8.3, 5.3],"to": [13.3, 9.3, 6.3],"rotation": { "angle": 45, "axis": "x", "origin": [14, 7, 8] },"faces": {"north": { "uv": [0, 0, 0, 0.25], "texture": "#2" },"east": { "uv": [7.25, 4.5, 7.5, 4.75], "texture": "#2" },"south": { "uv": [0, 0, 0, 0.25], "texture": "#2" },"west": { "uv": [5.5, 7.25, 5.75, 7.5], "texture": "#2" },"up": { "uv": [0, 0.25, 0, 0], "texture": "#2" },"down": { "uv": [0, 0, 0, 0.25], "texture": "#2" }}},{"from": [13.3, 9.3, 4.3],"to": [13.3, 10.3, 5.3],"rotation": { "angle": 45, "axis": "x", "origin": [14, 7, 8] },"faces": {"north": { "uv": [0, 0, 0, 0.25], "texture": "#2" },"east": { "uv": [3.5, 7.5, 3.75, 7.75], "texture": "#2" },"south": { "uv": [0, 0, 0, 0.25], "texture": "#2" },"west": { "uv": [7.5, 3.5, 7.75, 3.75], "texture": "#2" },"up": { "uv": [0, 0.25, 0, 0], "texture": "#2" },"down": { "uv": [0, 0, 0, 0.25], "texture": "#2" }}},{"from": [13.3, 10.3, 6.3],"to": [13.3, 11.3, 7.3],"rotation": { "angle": 45, "axis": "x", "origin": [14, 7, 8] },"faces": {"north": { "uv": [0, 0, 0, 0.25], "texture": "#2" },"east": { "uv": [7.5, 3.75, 7.75, 4], "texture": "#2" },"south": { "uv": [0, 0, 0, 0.25], "texture": "#2" },"west": { "uv": [7.5, 4.5, 7.75, 4.75], "texture": "#2" },"up": { "uv": [0, 0.25, 0, 0], "texture": "#2" },"down": { "uv": [0, 0, 0, 0.25], "texture": "#2" }}},{"from": [13.3, 10.3, 7.3],"to": [13.3, 11.3, 8.3],"rotation": { "angle": 45, "axis": "x", "origin": [14, 7, 8] },"faces": {"north": { "uv": [7.5, 4.75, 7.75, 5], "texture": "#2" },"east": { "uv": [7.5, 4.75, 7.75, 5], "texture": "#2" },"south": { "uv": [7.5, 4.75, 7.75, 5], "texture": "#2" },"west": { "uv": [7.5, 4.75, 7.75, 5], "texture": "#2" },"up": { "uv": [7.5, 4.75, 7.75, 5], "texture": "#2" },"down": { "uv": [7.5, 4.75, 7.75, 5], "texture": "#2" }}},{"from": [13.3, 11.3, 7.3],"to": [13.3, 12.3, 8.3],"rotation": { "angle": 45, "axis": "x", "origin": [14, 7, 8] },"faces": {"north": { "uv": [0, 0, 0, 0.25], "texture": "#2" },"east": { "uv": [5.75, 7.5, 6, 7.75], "texture": "#2" },"south": { "uv": [0, 0, 0, 0.25], "texture": "#2" },"west": { "uv": [6, 7.5, 6.25, 7.75], "texture": "#2" },"up": { "uv": [0, 0.25, 0, 0], "texture": "#2" },"down": { "uv": [0, 0, 0, 0.25], "texture": "#2" }}},{"from": [13.3, 11.3, 8.3],"to": [13.3, 12.3, 9.3],"rotation": { "angle": 45, "axis": "x", "origin": [14, 7, 8] },"faces": {"north": { "uv": [0, 0, 0, 0.25], "texture": "#2" },"east": { "uv": [6.25, 7.5, 6.5, 7.75], "texture": "#2" },"south": { "uv": [0, 0, 0, 0.25], "texture": "#2" },"west": { "uv": [6.5, 7.5, 6.75, 7.75], "texture": "#2" },"up": { "uv": [0, 0.25, 0, 0], "texture": "#2" },"down": { "uv": [0, 0, 0, 0.25], "texture": "#2" }}}],"display": {"thirdperson_righthand": {"translation": [-0.25, 0, -1],"scale": [0.57, 0.57, 0.57]},"thirdperson_lefthand": {"translation": [-0.25, 0, -1],"scale": [0.57, 0.57, 0.57]},"firstperson_righthand": {"translation": [1.5, 0, 0]},"firstperson_lefthand": {"translation": [1.5, 0, 0]},"ground": {"scale": [0.72, 0.72, 0.72]},"gui": {"rotation": [3, -180, 0],"translation": [0.75, 0, 0],"scale": [0.87, 0.87, 0.87]},"head": {"rotation": [-4, -1, -1],"translation": [-1, 3, -1],"scale": [1.69, 1.7, 1.73]},"fixed": {"rotation": [-89, 0, 0],"translation": [0, 0, -2]}},"groups": [{"name": "hat","origin": [0, 0, 0],"color": 0,"children": [0, 1, 2, 3, 4, 5, 6, 7, 8, 9, 10, 11, 12, 13, 14, 15, 16, 17,18, 19, 20, 21, 22, 23, 24, 25, 26, 27, 28, 29, 30, 31, 32, 33,34, 35, 36, 37, 38, 39, 40, 41, 42]}]}