{"credit": "Made with Blockbench","texture_size": [64, 64],"textures": {"0": "minecraft:item/tristenlosey/pillager_hat","particle": "minecraft:item/tristenlosey/pillager_hat"},"elements": [{"from": [13, 7, 4],"to": [13, 11, 13],"faces": {"north": { "uv": [4.25, 4.5, 6.5, 5.5], "texture": "#0" },"east": { "uv": [4.25, 4.5, 6.5, 5.5], "texture": "#0" },"south": { "uv": [4.25, 4.5, 6.5, 5.5], "texture": "#0" },"west": { "uv": [4.25, 4.5, 6.5, 5.5], "texture": "#0" },"up": { "uv": [4.25, 4.5, 6.5, 5.5], "texture": "#0" },"down": { "uv": [4.25, 4.5, 6.5, 5.5], "texture": "#0" }}},{"from": [13.25, 7, 3.75],"to": [13.25, 9, 13.25],"faces": {"north": { "uv": [0, 10, 3, 10.75], "texture": "#0" },"east": { "uv": [0, 10, 3, 10.75], "texture": "#0" },"south": { "uv": [0, 10, 3, 10.75], "texture": "#0" },"west": { "uv": [0, 10, 3, 10.75], "texture": "#0" },"up": { "uv": [0, 10, 3, 10.75], "texture": "#0" },"down": { "uv": [0, 10, 3, 10.75], "texture": "#0" }}},{"from": [4, 7, 4],"to": [4, 11, 13],"faces": {"north": { "uv": [6.5, 1, 8.75, 2], "texture": "#0" },"east": { "uv": [6.5, 1, 8.75, 2], "texture": "#0" },"south": { "uv": [6.5, 1, 8.75, 2], "texture": "#0" },"west": { "uv": [6.5, 1, 8.75, 2], "texture": "#0" },"up": { "uv": [6.5, 1, 8.75, 2], "texture": "#0" },"down": { "uv": [6.5, 1, 8.75, 2], "texture": "#0" }}},{"from": [3.75, 7, 3.75],"to": [3.75, 9, 13.25],"faces": {"north": { "uv": [0, 10, 3, 10.75], "texture": "#0" },"east": { "uv": [0, 10, 3, 10.75], "texture": "#0" },"south": { "uv": [0, 10, 3, 10.75], "texture": "#0" },"west": { "uv": [0, 10, 3, 10.75], "texture": "#0" },"up": { "uv": [0, 10, 3, 10.75], "texture": "#0" },"down": { "uv": [0, 10, 3, 10.75], "texture": "#0" }}},{"from": [4, 7, 13],"to": [13, 11, 13],"faces": {"north": { "uv": [6.5, 3, 8.75, 4], "texture": "#0" },"east": { "uv": [6.5, 3, 8.75, 4], "texture": "#0" },"south": { "uv": [6.5, 3, 8.75, 4], "texture": "#0" },"west": { "uv": [6.5, 3, 8.75, 4], "texture": "#0" },"up": { "uv": [6.5, 3, 8.75, 4], "texture": "#0" },"down": { "uv": [6.5, 3, 8.75, 4], "texture": "#0" }}},{"from": [3.75, 7, 13.25],"to": [13.25, 9, 13.25],"faces": {"north": { "uv": [0, 10, 3, 10.75], "texture": "#0" },"east": { "uv": [0, 10, 3, 10.75], "texture": "#0" },"south": { "uv": [0, 10, 3, 10.75], "texture": "#0" },"west": { "uv": [0, 10, 3, 10.75], "texture": "#0" },"up": { "uv": [0, 10, 3, 10.75], "texture": "#0" },"down": { "uv": [0, 10, 3, 10.75], "texture": "#0" }}},{"from": [3.75, 7, 3.75],"to": [13.25, 9, 3.75],"faces": {"north": { "uv": [0, 9.25, 3, 10], "texture": "#0" },"east": { "uv": [0, 0, 0, 0.5], "texture": "#0" },"south": { "uv": [0, 10, 3, 10.75], "texture": "#0" },"west": { "uv": [0, 0, 0, 0.5], "texture": "#0" },"up": { "uv": [2.5, 0, 0, 0], "texture": "#0" },"down": { "uv": [2.5, 0, 0, 0], "texture": "#0" }}},{"from": [4, 7, 4],"to": [13, 11, 4],"faces": {"north": { "uv": [6.5, 4, 8.75, 5], "texture": "#0" },"east": { "uv": [6.5, 4, 8.75, 5], "texture": "#0" },"south": { "uv": [6.5, 4, 8.75, 5], "texture": "#0" },"west": { "uv": [6.5, 4, 8.75, 5], "texture": "#0" },"up": { "uv": [6.5, 4, 8.75, 5], "texture": "#0" },"down": { "uv": [6.5, 4, 8.75, 5], "texture": "#0" }}},{"from": [4, 11, 4],"to": [13, 11, 13],"faces": {"north": { "uv": [6.5, 2.25, 4.25, 0], "texture": "#0" },"east": { "uv": [6.5, 2.25, 4.25, 0], "texture": "#0" },"south": { "uv": [6.5, 2.25, 4.25, 0], "texture": "#0" },"west": { "uv": [6.5, 2.25, 4.25, 0], "texture": "#0" },"up": { "uv": [6.5, 2.25, 4.25, 0], "texture": "#0" },"down": { "uv": [6.5, 2.25, 4.25, 0], "texture": "#0" }}},{"from": [0, 7, 0],"to": [17, 7, 17],"faces": {"north": { "uv": [4.25, 4.25, 0, 0], "texture": "#0" },"east": { "uv": [4.25, 4.25, 0, 0], "texture": "#0" },"south": { "uv": [4.25, 4.25, 0, 0], "texture": "#0" },"west": { "uv": [4.25, 4.25, 0, 0], "texture": "#0" },"up": { "uv": [4.25, 4.25, 0, 0], "texture": "#0" },"down": { "uv": [0, 0, 4.25, 4.25], "texture": "#0" }}},{"from": [3.5, 9.75, 8],"to": [3.5, 10, 8.25],"faces": {"north": { "uv": [0, 0, 0, 0.25], "texture": "#0" },"east": { "uv": [6.75, 8, 7, 8.25], "texture": "#0" },"south": { "uv": [0, 0, 0, 0.25], "texture": "#0" },"west": { "uv": [7, 8, 7.25, 8.25], "texture": "#0" },"up": { "uv": [0, 0.25, 0, 0], "texture": "#0" },"down": { "uv": [0, 0, 0, 0.25], "texture": "#0" }}},{"from": [3.5, 9.75, 7.75],"to": [3.5, 10, 8],"faces": {"north": { "uv": [0, 0, 0, 0.25], "texture": "#0" },"east": { "uv": [7.25, 8, 7.5, 8.25], "texture": "#0" },"south": { "uv": [0, 0, 0, 0.25], "texture": "#0" },"west": { "uv": [7.5, 8, 7.75, 8.25], "texture": "#0" },"up": { "uv": [0, 0.25, 0, 0], "texture": "#0" },"down": { "uv": [0, 0, 0, 0.25], "texture": "#0" }}},{"from": [3.5, 7.5, 5.5],"to": [3.5, 7.75, 5.75],"faces": {"north": { "uv": [0, 0, 0, 0.25], "texture": "#0" },"east": { "uv": [7.75, 8, 8, 8.25], "texture": "#0" },"south": { "uv": [0, 0, 0, 0.25], "texture": "#0" },"west": { "uv": [8, 8, 8.25, 8.25], "texture": "#0" },"up": { "uv": [0, 0.25, 0, 0], "texture": "#0" },"down": { "uv": [0, 0, 0, 0.25], "texture": "#0" }}},{"from": [3.5, 7.25, 5.25],"to": [3.5, 7.5, 5.5],"faces": {"north": { "uv": [0, 0, 0, 0.25], "texture": "#0" },"east": { "uv": [6.75, 8.25, 7, 8.5], "texture": "#0" },"south": { "uv": [0, 0, 0, 0.25], "texture": "#0" },"west": { "uv": [7, 8.25, 7.25, 8.5], "texture": "#0" },"up": { "uv": [0, 0.25, 0, 0], "texture": "#0" },"down": { "uv": [0, 0, 0, 0.25], "texture": "#0" }}},{"from": [3.5, 7, 5.25],"to": [3.5, 7.25, 5.5],"faces": {"north": { "uv": [0, 0, 0, 0.25], "texture": "#0" },"east": { "uv": [7.25, 8.25, 7.5, 8.5], "texture": "#0" },"south": { "uv": [0, 0, 0, 0.25], "texture": "#0" },"west": { "uv": [7.5, 8.25, 7.75, 8.5], "texture": "#0" },"up": { "uv": [0, 0.25, 0, 0], "texture": "#0" },"down": { "uv": [0, 0, 0, 0.25], "texture": "#0" }}},{"from": [3.5, 7, 5.5],"to": [3.5, 7.25, 5.75],"faces": {"north": { "uv": [0, 0, 0, 0.25], "texture": "#0" },"east": { "uv": [7.75, 8.25, 8, 8.5], "texture": "#0" },"south": { "uv": [0, 0, 0, 0.25], "texture": "#0" },"west": { "uv": [8, 8.25, 8.25, 8.5], "texture": "#0" },"up": { "uv": [0, 0.25, 0, 0], "texture": "#0" },"down": { "uv": [0, 0, 0, 0.25], "texture": "#0" }}},{"from": [3.5, 7.25, 5.5],"to": [3.5, 7.5, 5.75],"faces": {"north": { "uv": [0, 0, 0, 0.25], "texture": "#0" },"east": { "uv": [8.25, 8, 8.5, 8.25], "texture": "#0" },"south": { "uv": [0, 0, 0, 0.25], "texture": "#0" },"west": { "uv": [8.25, 8.25, 8.5, 8.5], "texture": "#0" },"up": { "uv": [0, 0.25, 0, 0], "texture": "#0" },"down": { "uv": [0, 0, 0, 0.25], "texture": "#0" }}},{"from": [3.5, 7.25, 5.75],"to": [3.5, 7.5, 6],"faces": {"north": { "uv": [0, 0, 0, 0.25], "texture": "#0" },"east": { "uv": [0, 8.5, 0.25, 8.75], "texture": "#0" },"south": { "uv": [0, 0, 0, 0.25], "texture": "#0" },"west": { "uv": [0.25, 8.5, 0.5, 8.75], "texture": "#0" },"up": { "uv": [0, 0.25, 0, 0], "texture": "#0" },"down": { "uv": [0, 0, 0, 0.25], "texture": "#0" }}},{"from": [3.5, 7.5, 5.75],"to": [3.5, 7.75, 6],"faces": {"north": { "uv": [0, 0, 0, 0.25], "texture": "#0" },"east": { "uv": [0.5, 8.5, 0.75, 8.75], "texture": "#0" },"south": { "uv": [0, 0, 0, 0.25], "texture": "#0" },"west": { "uv": [0.75, 8.5, 1, 8.75], "texture": "#0" },"up": { "uv": [0, 0.25, 0, 0], "texture": "#0" },"down": { "uv": [0, 0, 0, 0.25], "texture": "#0" }}},{"from": [3.5, 8.75, 7],"to": [3.5, 9, 7.25],"faces": {"north": { "uv": [0, 0, 0, 0.25], "texture": "#0" },"east": { "uv": [1, 8.5, 1.25, 8.75], "texture": "#0" },"south": { "uv": [0, 0, 0, 0.25], "texture": "#0" },"west": { "uv": [1.25, 8.5, 1.5, 8.75], "texture": "#0" },"up": { "uv": [0, 0.25, 0, 0], "texture": "#0" },"down": { "uv": [0, 0, 0, 0.25], "texture": "#0" }}},{"from": [3.5, 8.25, 6.5],"to": [3.5, 8.5, 6.75],"faces": {"north": { "uv": [0, 0, 0, 0.25], "texture": "#0" },"east": { "uv": [1.5, 8.5, 1.75, 8.75], "texture": "#0" },"south": { "uv": [0, 0, 0, 0.25], "texture": "#0" },"west": { "uv": [1.75, 8.5, 2, 8.75], "texture": "#0" },"up": { "uv": [0, 0.25, 0, 0], "texture": "#0" },"down": { "uv": [0, 0, 0, 0.25], "texture": "#0" }}},{"from": [3.5, 8.5, 6.75],"to": [3.5, 8.75, 7],"faces": {"north": { "uv": [0, 0, 0, 0.25], "texture": "#0" },"east": { "uv": [2, 8.5, 2.25, 8.75], "texture": "#0" },"south": { "uv": [0, 0, 0, 0.25], "texture": "#0" },"west": { "uv": [2.25, 8.5, 2.5, 8.75], "texture": "#0" },"up": { "uv": [0, 0.25, 0, 0], "texture": "#0" },"down": { "uv": [0, 0, 0, 0.25], "texture": "#0" }}},{"from": [3.5, 8, 6.25],"to": [3.5, 8.25, 6.5],"faces": {"north": { "uv": [0, 0, 0, 0.25], "texture": "#0" },"east": { "uv": [2.5, 8.5, 2.75, 8.75], "texture": "#0" },"south": { "uv": [0, 0, 0, 0.25], "texture": "#0" },"west": { "uv": [2.75, 8.5, 3, 8.75], "texture": "#0" },"up": { "uv": [0, 0.25, 0, 0], "texture": "#0" },"down": { "uv": [0, 0, 0, 0.25], "texture": "#0" }}},{"from": [3.5, 7.75, 6],"to": [3.5, 8, 6.25],"faces": {"north": { "uv": [0, 0, 0, 0.25], "texture": "#0" },"east": { "uv": [3, 8.5, 3.25, 8.75], "texture": "#0" },"south": { "uv": [0, 0, 0, 0.25], "texture": "#0" },"west": { "uv": [3.25, 8.5, 3.5, 8.75], "texture": "#0" },"up": { "uv": [0, 0.25, 0, 0], "texture": "#0" },"down": { "uv": [0, 0, 0, 0.25], "texture": "#0" }}},{"from": [3.5, 9, 7.75],"to": [3.5, 9.25, 8],"faces": {"north": { "uv": [0, 0, 0, 0.25], "texture": "#0" },"east": { "uv": [3.5, 8.5, 3.75, 8.75], "texture": "#0" },"south": { "uv": [0, 0, 0, 0.25], "texture": "#0" },"west": { "uv": [3.75, 8.5, 4, 8.75], "texture": "#0" },"up": { "uv": [0, 0.25, 0, 0], "texture": "#0" },"down": { "uv": [0, 0, 0, 0.25], "texture": "#0" }}},{"from": [3.5, 8.75, 7.5],"to": [3.5, 9, 7.75],"faces": {"north": { "uv": [0, 0, 0, 0.25], "texture": "#0" },"east": { "uv": [3.5, 8.5, 3.75, 8.75], "texture": "#0" },"south": { "uv": [0, 0, 0, 0.25], "texture": "#0" },"west": { "uv": [3.75, 8.5, 4, 8.75], "texture": "#0" },"up": { "uv": [0, 0.25, 0, 0], "texture": "#0" },"down": { "uv": [0, 0, 0, 0.25], "texture": "#0" }}},{"from": [3.5, 9, 7.5],"to": [3.5, 9.25, 7.75],"faces": {"north": { "uv": [0, 0, 0, 0.25], "texture": "#0" },"east": { "uv": [4.5, 8.5, 4.75, 8.75], "texture": "#0" },"south": { "uv": [0, 0, 0, 0.25], "texture": "#0" },"west": { "uv": [4.75, 8.5, 5, 8.75], "texture": "#0" },"up": { "uv": [0, 0.25, 0, 0], "texture": "#0" },"down": { "uv": [0, 0, 0, 0.25], "texture": "#0" }}},{"from": [3.5, 9.25, 7.5],"to": [3.5, 9.5, 7.75],"faces": {"north": { "uv": [0, 0, 0, 0.25], "texture": "#0" },"east": { "uv": [5, 8.5, 5.25, 8.75], "texture": "#0" },"south": { "uv": [0, 0, 0, 0.25], "texture": "#0" },"west": { "uv": [5.25, 8.5, 5.5, 8.75], "texture": "#0" },"up": { "uv": [0, 0.25, 0, 0], "texture": "#0" },"down": { "uv": [0, 0, 0, 0.25], "texture": "#0" }}},{"from": [3.5, 9.25, 7.75],"to": [3.5, 9.5, 8],"faces": {"north": { "uv": [0, 0, 0, 0.25], "texture": "#0" },"east": { "uv": [6, 8.5, 6.25, 8.75], "texture": "#0" },"south": { "uv": [0, 0, 0, 0.25], "texture": "#0" },"west": { "uv": [6.25, 8.5, 6.5, 8.75], "texture": "#0" },"up": { "uv": [0, 0.25, 0, 0], "texture": "#0" },"down": { "uv": [0, 0, 0, 0.25], "texture": "#0" }}},{"from": [3.5, 9.5, 8],"to": [3.5, 9.75, 8.25],"faces": {"north": { "uv": [0, 0, 0, 0.25], "texture": "#0" },"east": { "uv": [6.5, 8.5, 6.75, 8.75], "texture": "#0" },"south": { "uv": [0, 0, 0, 0.25], "texture": "#0" },"west": { "uv": [6.75, 8.5, 7, 8.75], "texture": "#0" },"up": { "uv": [0, 0.25, 0, 0], "texture": "#0" },"down": { "uv": [0, 0, 0, 0.25], "texture": "#0" }}},{"from": [3.5, 9.5, 7.75],"to": [3.5, 9.75, 8],"faces": {"north": { "uv": [0, 0, 0, 0.25], "texture": "#0" },"east": { "uv": [7, 8.5, 7.25, 8.75], "texture": "#0" },"south": { "uv": [0, 0, 0, 0.25], "texture": "#0" },"west": { "uv": [7.25, 8.5, 7.5, 8.75], "texture": "#0" },"up": { "uv": [0, 0.25, 0, 0], "texture": "#0" },"down": { "uv": [0, 0, 0, 0.25], "texture": "#0" }}},{"from": [3.5, 9.75, 7.5],"to": [3.5, 10, 7.75],"faces": {"north": { "uv": [0, 0, 0, 0.25], "texture": "#0" },"east": { "uv": [7.5, 8.5, 7.75, 8.75], "texture": "#0" },"south": { "uv": [0, 0, 0, 0.25], "texture": "#0" },"west": { "uv": [7.75, 8.5, 8, 8.75], "texture": "#0" },"up": { "uv": [0, 0.25, 0, 0], "texture": "#0" },"down": { "uv": [0, 0, 0, 0.25], "texture": "#0" }}},{"from": [3.5, 9.25, 7],"to": [3.5, 9.5, 7.25],"faces": {"north": { "uv": [0, 0, 0, 0.25], "texture": "#0" },"east": { "uv": [8, 8.5, 8.25, 8.75], "texture": "#0" },"south": { "uv": [0, 0, 0, 0.25], "texture": "#0" },"west": { "uv": [8.5, 8, 8.75, 8.25], "texture": "#0" },"up": { "uv": [0, 0.25, 0, 0], "texture": "#0" },"down": { "uv": [0, 0, 0, 0.25], "texture": "#0" }}},{"from": [3.5, 9.5, 7.5],"to": [3.5, 9.75, 7.75],"faces": {"north": { "uv": [0, 0, 0, 0.25], "texture": "#0" },"east": { "uv": [8.25, 8.5, 8.5, 8.75], "texture": "#0" },"south": { "uv": [0, 0, 0, 0.25], "texture": "#0" },"west": { "uv": [8.5, 8.25, 8.75, 8.5], "texture": "#0" },"up": { "uv": [0, 0.25, 0, 0], "texture": "#0" },"down": { "uv": [0, 0, 0, 0.25], "texture": "#0" }}},{"from": [3.5, 9, 7.25],"to": [3.5, 9.25, 7.5],"faces": {"north": { "uv": [0, 0, 0, 0.25], "texture": "#0" },"east": { "uv": [8.5, 8.5, 8.75, 8.75], "texture": "#0" },"south": { "uv": [0, 0, 0, 0.25], "texture": "#0" },"west": { "uv": [0, 8.75, 0.25, 9], "texture": "#0" },"up": { "uv": [0, 0.25, 0, 0], "texture": "#0" },"down": { "uv": [0, 0, 0, 0.25], "texture": "#0" }}},{"from": [3.5, 9.5, 7],"to": [3.5, 9.75, 7.25],"faces": {"north": { "uv": [0, 0, 0, 0.25], "texture": "#0" },"east": { "uv": [8.75, 0, 9, 0.25], "texture": "#0" },"south": { "uv": [0, 0, 0, 0.25], "texture": "#0" },"west": { "uv": [0.25, 8.75, 0.5, 9], "texture": "#0" },"up": { "uv": [0, 0.25, 0, 0], "texture": "#0" },"down": { "uv": [0, 0, 0, 0.25], "texture": "#0" }}},{"from": [3.5, 9.5, 7.25],"to": [3.5, 9.75, 7.5],"faces": {"north": { "uv": [0, 0, 0, 0.25], "texture": "#0" },"east": { "uv": [8.75, 0.25, 9, 0.5], "texture": "#0" },"south": { "uv": [0, 0, 0, 0.25], "texture": "#0" },"west": { "uv": [0.5, 8.75, 0.75, 9], "texture": "#0" },"up": { "uv": [0, 0.25, 0, 0], "texture": "#0" },"down": { "uv": [0, 0, 0, 0.25], "texture": "#0" }}},{"from": [3.5, 9.25, 7.25],"to": [3.5, 9.5, 7.5],"faces": {"north": { "uv": [0, 0, 0, 0.25], "texture": "#0" },"east": { "uv": [8.75, 0.5, 9, 0.75], "texture": "#0" },"south": { "uv": [0, 0, 0, 0.25], "texture": "#0" },"west": { "uv": [0.75, 8.75, 1, 9], "texture": "#0" },"up": { "uv": [0, 0.25, 0, 0], "texture": "#0" },"down": { "uv": [0, 0, 0, 0.25], "texture": "#0" }}},{"from": [3.5, 9, 7],"to": [3.5, 9.25, 7.25],"faces": {"north": { "uv": [0, 0, 0, 0.25], "texture": "#0" },"east": { "uv": [8.75, 0.75, 9, 1], "texture": "#0" },"south": { "uv": [0, 0, 0, 0.25], "texture": "#0" },"west": { "uv": [1, 8.75, 1.25, 9], "texture": "#0" },"up": { "uv": [0, 0.25, 0, 0], "texture": "#0" },"down": { "uv": [0, 0, 0, 0.25], "texture": "#0" }}},{"from": [3.5, 8.75, 6.75],"to": [3.5, 9, 7],"faces": {"north": { "uv": [0, 0, 0, 0.25], "texture": "#0" },"east": { "uv": [8.75, 1, 9, 1.25], "texture": "#0" },"south": { "uv": [0, 0, 0, 0.25], "texture": "#0" },"west": { "uv": [1.25, 8.75, 1.5, 9], "texture": "#0" },"up": { "uv": [0, 0.25, 0, 0], "texture": "#0" },"down": { "uv": [0, 0, 0, 0.25], "texture": "#0" }}},{"from": [3.5, 8.5, 6.5],"to": [3.5, 8.75, 6.75],"faces": {"north": { "uv": [0, 0, 0, 0.25], "texture": "#0" },"east": { "uv": [8.75, 1.25, 9, 1.5], "texture": "#0" },"south": { "uv": [0, 0, 0, 0.25], "texture": "#0" },"west": { "uv": [1.5, 8.75, 1.75, 9], "texture": "#0" },"up": { "uv": [0, 0.25, 0, 0], "texture": "#0" },"down": { "uv": [0, 0, 0, 0.25], "texture": "#0" }}},{"from": [3.5, 8.25, 6.25],"to": [3.5, 8.5, 6.5],"faces": {"north": { "uv": [0, 0, 0, 0.25], "texture": "#0" },"east": { "uv": [8.75, 1.5, 9, 1.75], "texture": "#0" },"south": { "uv": [0, 0, 0, 0.25], "texture": "#0" },"west": { "uv": [1.75, 8.75, 2, 9], "texture": "#0" },"up": { "uv": [0, 0.25, 0, 0], "texture": "#0" },"down": { "uv": [0, 0, 0, 0.25], "texture": "#0" }}},{"from": [3.5, 8, 6],"to": [3.5, 8.25, 6.25],"faces": {"north": { "uv": [0, 0, 0, 0.25], "texture": "#0" },"east": { "uv": [8.75, 1.75, 9, 2], "texture": "#0" },"south": { "uv": [0, 0, 0, 0.25], "texture": "#0" },"west": { "uv": [2, 8.75, 2.25, 9], "texture": "#0" },"up": { "uv": [0, 0.25, 0, 0], "texture": "#0" },"down": { "uv": [0, 0, 0, 0.25], "texture": "#0" }}},{"from": [3.5, 7.75, 5.75],"to": [3.5, 8, 6],"faces": {"north": { "uv": [0, 0, 0, 0.25], "texture": "#0" },"east": { "uv": [8.75, 2, 9, 2.25], "texture": "#0" },"south": { "uv": [0, 0, 0, 0.25], "texture": "#0" },"west": { "uv": [2.25, 8.75, 2.5, 9], "texture": "#0" },"up": { "uv": [0, 0.25, 0, 0], "texture": "#0" },"down": { "uv": [0, 0, 0, 0.25], "texture": "#0" }}},{"from": [3.5, 7.75, 5.5],"to": [3.5, 8, 5.75],"faces": {"north": { "uv": [0, 0, 0, 0.25], "texture": "#0" },"east": { "uv": [8.75, 2.25, 9, 2.5], "texture": "#0" },"south": { "uv": [0, 0, 0, 0.25], "texture": "#0" },"west": { "uv": [2.5, 8.75, 2.75, 9], "texture": "#0" },"up": { "uv": [0, 0.25, 0, 0], "texture": "#0" },"down": { "uv": [0, 0, 0, 0.25], "texture": "#0" }}},{"from": [3.5, 7.5, 5.25],"to": [3.5, 7.75, 5.5],"faces": {"north": { "uv": [0, 0, 0, 0.25], "texture": "#0" },"east": { "uv": [8.75, 2.5, 9, 2.75], "texture": "#0" },"south": { "uv": [0, 0, 0, 0.25], "texture": "#0" },"west": { "uv": [2.75, 8.75, 3, 9], "texture": "#0" },"up": { "uv": [0, 0.25, 0, 0], "texture": "#0" },"down": { "uv": [0, 0, 0, 0.25], "texture": "#0" }}},{"from": [3.5, 7.25, 5],"to": [3.5, 7.5, 5.25],"faces": {"north": { "uv": [0, 0, 0, 0.25], "texture": "#0" },"east": { "uv": [8.75, 2.75, 9, 3], "texture": "#0" },"south": { "uv": [0, 0, 0, 0.25], "texture": "#0" },"west": { "uv": [3, 8.75, 3.25, 9], "texture": "#0" },"up": { "uv": [0, 0.25, 0, 0], "texture": "#0" },"down": { "uv": [0, 0, 0, 0.25], "texture": "#0" }}},{"from": [3.5, 10, 5],"to": [3.5, 10.25, 5.25],"faces": {"north": {"uv": [0, 0.25, 0, 0],"rotation": 180,"texture": "#0"},"east": {"uv": [6.75, 8, 7, 8.25],"rotation": 90,"texture": "#0"},"south": { "uv": [0, 0, 0, 0.25], "texture": "#0" },"west": {"uv": [7, 8, 7.25, 8.25],"rotation": 270,"texture": "#0"},"up": { "uv": [0, 0, 0, 0.25], "texture": "#0" },"down": {"uv": [0, 0, 0, 0.25],"rotation": 180,"texture": "#0"}}},{"from": [3.5, 9.75, 5],"to": [3.5, 10, 5.25],"faces": {"north": {"uv": [0, 0.25, 0, 0],"rotation": 180,"texture": "#0"},"east": {"uv": [7.25, 8, 7.5, 8.25],"rotation": 90,"texture": "#0"},"south": { "uv": [0, 0, 0, 0.25], "texture": "#0" },"west": {"uv": [7.5, 8, 7.75, 8.25],"rotation": 270,"texture": "#0"},"up": { "uv": [0, 0, 0, 0.25], "texture": "#0" },"down": {"uv": [0, 0, 0, 0.25],"rotation": 180,"texture": "#0"}}},{"from": [3.5, 7.5, 7.25],"to": [3.5, 7.75, 7.5],"faces": {"north": {"uv": [0, 0.25, 0, 0],"rotation": 180,"texture": "#0"},"east": {"uv": [7.75, 8, 8, 8.25],"rotation": 90,"texture": "#0"},"south": { "uv": [0, 0, 0, 0.25], "texture": "#0" },"west": {"uv": [8, 8, 8.25, 8.25],"rotation": 270,"texture": "#0"},"up": { "uv": [0, 0, 0, 0.25], "texture": "#0" },"down": {"uv": [0, 0, 0, 0.25],"rotation": 180,"texture": "#0"}}},{"from": [3.5, 7.25, 7.5],"to": [3.5, 7.5, 7.75],"faces": {"north": {"uv": [0, 0.25, 0, 0],"rotation": 180,"texture": "#0"},"east": {"uv": [6.75, 8.25, 7, 8.5],"rotation": 90,"texture": "#0"},"south": { "uv": [0, 0, 0, 0.25], "texture": "#0" },"west": {"uv": [7, 8.25, 7.25, 8.5],"rotation": 270,"texture": "#0"},"up": { "uv": [0, 0, 0, 0.25], "texture": "#0" },"down": {"uv": [0, 0, 0, 0.25],"rotation": 180,"texture": "#0"}}},{"from": [3.5, 7.25, 7.75],"to": [3.5, 7.5, 8],"faces": {"north": {"uv": [0, 0.25, 0, 0],"rotation": 180,"texture": "#0"},"east": {"uv": [7.25, 8.25, 7.5, 8.5],"rotation": 90,"texture": "#0"},"south": { "uv": [0, 0, 0, 0.25], "texture": "#0" },"west": {"uv": [7.5, 8.25, 7.75, 8.5],"rotation": 270,"texture": "#0"},"up": { "uv": [0, 0, 0, 0.25], "texture": "#0" },"down": {"uv": [0, 0, 0, 0.25],"rotation": 180,"texture": "#0"}}},{"from": [3.5, 7.5, 7.75],"to": [3.5, 7.75, 8],"faces": {"north": {"uv": [0, 0.25, 0, 0],"rotation": 180,"texture": "#0"},"east": {"uv": [7.75, 8.25, 8, 8.5],"rotation": 90,"texture": "#0"},"south": { "uv": [0, 0, 0, 0.25], "texture": "#0" },"west": {"uv": [8, 8.25, 8.25, 8.5],"rotation": 270,"texture": "#0"},"up": { "uv": [0, 0, 0, 0.25], "texture": "#0" },"down": {"uv": [0, 0, 0, 0.25],"rotation": 180,"texture": "#0"}}},{"from": [3.5, 7.5, 7.5],"to": [3.5, 7.75, 7.75],"faces": {"north": {"uv": [0, 0.25, 0, 0],"rotation": 180,"texture": "#0"},"east": {"uv": [8.25, 8, 8.5, 8.25],"rotation": 90,"texture": "#0"},"south": { "uv": [0, 0, 0, 0.25], "texture": "#0" },"west": {"uv": [8.25, 8.25, 8.5, 8.5],"rotation": 270,"texture": "#0"},"up": { "uv": [0, 0, 0, 0.25], "texture": "#0" },"down": {"uv": [0, 0, 0, 0.25],"rotation": 180,"texture": "#0"}}},{"from": [3.5, 7.75, 7.5],"to": [3.5, 8, 7.75],"faces": {"north": {"uv": [0, 0.25, 0, 0],"rotation": 180,"texture": "#0"},"east": {"uv": [0, 8.5, 0.25, 8.75],"rotation": 90,"texture": "#0"},"south": { "uv": [0, 0, 0, 0.25], "texture": "#0" },"west": {"uv": [0.25, 8.5, 0.5, 8.75],"rotation": 270,"texture": "#0"},"up": { "uv": [0, 0, 0, 0.25], "texture": "#0" },"down": {"uv": [0, 0, 0, 0.25],"rotation": 180,"texture": "#0"}}},{"from": [3.5, 7.75, 7.25],"to": [3.5, 8, 7.5],"faces": {"north": {"uv": [0, 0.25, 0, 0],"rotation": 180,"texture": "#0"},"east": {"uv": [0.5, 8.5, 0.75, 8.75],"rotation": 90,"texture": "#0"},"south": { "uv": [0, 0, 0, 0.25], "texture": "#0" },"west": {"uv": [0.75, 8.5, 1, 8.75],"rotation": 270,"texture": "#0"},"up": { "uv": [0, 0, 0, 0.25], "texture": "#0" },"down": {"uv": [0, 0, 0, 0.25],"rotation": 180,"texture": "#0"}}},{"from": [3.5, 9, 6],"to": [3.5, 9.25, 6.25],"faces": {"north": {"uv": [0, 0.25, 0, 0],"rotation": 180,"texture": "#0"},"east": {"uv": [1, 8.5, 1.25, 8.75],"rotation": 90,"texture": "#0"},"south": { "uv": [0, 0, 0, 0.25], "texture": "#0" },"west": {"uv": [1.25, 8.5, 1.5, 8.75],"rotation": 270,"texture": "#0"},"up": { "uv": [0, 0, 0, 0.25], "texture": "#0" },"down": {"uv": [0, 0, 0, 0.25],"rotation": 180,"texture": "#0"}}},{"from": [3.5, 8.5, 6.5],"to": [3.5, 8.75, 6.75],"faces": {"north": {"uv": [0, 0.25, 0, 0],"rotation": 180,"texture": "#0"},"east": {"uv": [1.5, 8.5, 1.75, 8.75],"rotation": 90,"texture": "#0"},"south": { "uv": [0, 0, 0, 0.25], "texture": "#0" },"west": {"uv": [1.75, 8.5, 2, 8.75],"rotation": 270,"texture": "#0"},"up": { "uv": [0, 0, 0, 0.25], "texture": "#0" },"down": {"uv": [0, 0, 0, 0.25],"rotation": 180,"texture": "#0"}}},{"from": [3.5, 8.75, 6.25],"to": [3.5, 9, 6.5],"faces": {"north": {"uv": [0, 0.25, 0, 0],"rotation": 180,"texture": "#0"},"east": {"uv": [2, 8.5, 2.25, 8.75],"rotation": 90,"texture": "#0"},"south": { "uv": [0, 0, 0, 0.25], "texture": "#0" },"west": {"uv": [2.25, 8.5, 2.5, 8.75],"rotation": 270,"texture": "#0"},"up": { "uv": [0, 0, 0, 0.25], "texture": "#0" },"down": {"uv": [0, 0, 0, 0.25],"rotation": 180,"texture": "#0"}}},{"from": [3.5, 8.25, 6.75],"to": [3.5, 8.5, 7],"faces": {"north": {"uv": [0, 0.25, 0, 0],"rotation": 180,"texture": "#0"},"east": {"uv": [2.5, 8.5, 2.75, 8.75],"rotation": 90,"texture": "#0"},"south": { "uv": [0, 0, 0, 0.25], "texture": "#0" },"west": {"uv": [2.75, 8.5, 3, 8.75],"rotation": 270,"texture": "#0"},"up": { "uv": [0, 0, 0, 0.25], "texture": "#0" },"down": {"uv": [0, 0, 0, 0.25],"rotation": 180,"texture": "#0"}}},{"from": [3.5, 8, 7],"to": [3.5, 8.25, 7.25],"faces": {"north": {"uv": [0, 0.25, 0, 0],"rotation": 180,"texture": "#0"},"east": {"uv": [3, 8.5, 3.25, 8.75],"rotation": 90,"texture": "#0"},"south": { "uv": [0, 0, 0, 0.25], "texture": "#0" },"west": {"uv": [3.25, 8.5, 3.5, 8.75],"rotation": 270,"texture": "#0"},"up": { "uv": [0, 0, 0, 0.25], "texture": "#0" },"down": {"uv": [0, 0, 0, 0.25],"rotation": 180,"texture": "#0"}}},{"from": [3.5, 9.75, 5.75],"to": [3.5, 10, 6],"faces": {"north": {"uv": [0, 0.25, 0, 0],"rotation": 180,"texture": "#0"},"east": {"uv": [3.5, 8.5, 3.75, 8.75],"rotation": 90,"texture": "#0"},"south": { "uv": [0, 0, 0, 0.25], "texture": "#0" },"west": {"uv": [3.75, 8.5, 4, 8.75],"rotation": 270,"texture": "#0"},"up": { "uv": [0, 0, 0, 0.25], "texture": "#0" },"down": {"uv": [0, 0, 0, 0.25],"rotation": 180,"texture": "#0"}}},{"from": [3.5, 9.5, 5.75],"to": [3.5, 9.75, 6],"faces": {"north": {"uv": [0, 0.25, 0, 0],"rotation": 180,"texture": "#0"},"east": {"uv": [4.5, 8.5, 4.75, 8.75],"rotation": 90,"texture": "#0"},"south": { "uv": [0, 0, 0, 0.25], "texture": "#0" },"west": {"uv": [4.75, 8.5, 5, 8.75],"rotation": 270,"texture": "#0"},"up": { "uv": [0, 0, 0, 0.25], "texture": "#0" },"down": {"uv": [0, 0, 0, 0.25],"rotation": 180,"texture": "#0"}}},{"from": [3.5, 9.5, 5.5],"to": [3.5, 9.75, 5.75],"faces": {"north": {"uv": [0, 0.25, 0, 0],"rotation": 180,"texture": "#0"},"east": {"uv": [5, 8.5, 5.25, 8.75],"rotation": 90,"texture": "#0"},"south": { "uv": [0, 0, 0, 0.25], "texture": "#0" },"west": {"uv": [5.25, 8.5, 5.5, 8.75],"rotation": 270,"texture": "#0"},"up": { "uv": [0, 0, 0, 0.25], "texture": "#0" },"down": {"uv": [0, 0, 0, 0.25],"rotation": 180,"texture": "#0"}}},{"from": [3.5, 9.75, 5.5],"to": [3.5, 10, 5.75],"faces": {"north": {"uv": [0, 0.25, 0, 0],"rotation": 180,"texture": "#0"},"east": {"uv": [6, 8.5, 6.25, 8.75],"rotation": 90,"texture": "#0"},"south": { "uv": [0, 0, 0, 0.25], "texture": "#0" },"west": {"uv": [6.25, 8.5, 6.5, 8.75],"rotation": 270,"texture": "#0"},"up": { "uv": [0, 0, 0, 0.25], "texture": "#0" },"down": {"uv": [0, 0, 0, 0.25],"rotation": 180,"texture": "#0"}}},{"from": [3.5, 10, 5.25],"to": [3.5, 10.25, 5.5],"faces": {"north": {"uv": [0, 0.25, 0, 0],"rotation": 180,"texture": "#0"},"east": {"uv": [6.5, 8.5, 6.75, 8.75],"rotation": 90,"texture": "#0"},"south": { "uv": [0, 0, 0, 0.25], "texture": "#0" },"west": {"uv": [6.75, 8.5, 7, 8.75],"rotation": 270,"texture": "#0"},"up": { "uv": [0, 0, 0, 0.25], "texture": "#0" },"down": {"uv": [0, 0, 0, 0.25],"rotation": 180,"texture": "#0"}}},{"from": [3.5, 9.75, 5.25],"to": [3.5, 10, 5.5],"faces": {"north": {"uv": [0, 0.25, 0, 0],"rotation": 180,"texture": "#0"},"east": {"uv": [7, 8.5, 7.25, 8.75],"rotation": 90,"texture": "#0"},"south": { "uv": [0, 0, 0, 0.25], "texture": "#0" },"west": {"uv": [7.25, 8.5, 7.5, 8.75],"rotation": 270,"texture": "#0"},"up": { "uv": [0, 0, 0, 0.25], "texture": "#0" },"down": {"uv": [0, 0, 0, 0.25],"rotation": 180,"texture": "#0"}}},{"from": [3.5, 9.5, 5],"to": [3.5, 9.75, 5.25],"faces": {"north": {"uv": [0, 0.25, 0, 0],"rotation": 180,"texture": "#0"},"east": {"uv": [7.5, 8.5, 7.75, 8.75],"rotation": 90,"texture": "#0"},"south": { "uv": [0, 0, 0, 0.25], "texture": "#0" },"west": {"uv": [7.75, 8.5, 8, 8.75],"rotation": 270,"texture": "#0"},"up": { "uv": [0, 0, 0, 0.25], "texture": "#0" },"down": {"uv": [0, 0, 0, 0.25],"rotation": 180,"texture": "#0"}}},{"from": [3.5, 9, 5.5],"to": [3.5, 9.25, 5.75],"faces": {"north": {"uv": [0, 0.25, 0, 0],"rotation": 180,"texture": "#0"},"east": {"uv": [8, 8.5, 8.25, 8.75],"rotation": 90,"texture": "#0"},"south": { "uv": [0, 0, 0, 0.25], "texture": "#0" },"west": {"uv": [8.5, 8, 8.75, 8.25],"rotation": 270,"texture": "#0"},"up": { "uv": [0, 0, 0, 0.25], "texture": "#0" },"down": {"uv": [0, 0, 0, 0.25],"rotation": 180,"texture": "#0"}}},{"from": [3.5, 9.5, 5.25],"to": [3.5, 9.75, 5.5],"faces": {"north": {"uv": [0, 0.25, 0, 0],"rotation": 180,"texture": "#0"},"east": {"uv": [8.25, 8.5, 8.5, 8.75],"rotation": 90,"texture": "#0"},"south": { "uv": [0, 0, 0, 0.25], "texture": "#0" },"west": {"uv": [8.5, 8.25, 8.75, 8.5],"rotation": 270,"texture": "#0"},"up": { "uv": [0, 0, 0, 0.25], "texture": "#0" },"down": {"uv": [0, 0, 0, 0.25],"rotation": 180,"texture": "#0"}}},{"from": [3.5, 9.25, 5.75],"to": [3.5, 9.5, 6],"faces": {"north": {"uv": [0, 0.25, 0, 0],"rotation": 180,"texture": "#0"},"east": {"uv": [8.5, 8.5, 8.75, 8.75],"rotation": 90,"texture": "#0"},"south": { "uv": [0, 0, 0, 0.25], "texture": "#0" },"west": {"uv": [0, 8.75, 0.25, 9],"rotation": 270,"texture": "#0"},"up": { "uv": [0, 0, 0, 0.25], "texture": "#0" },"down": {"uv": [0, 0, 0, 0.25],"rotation": 180,"texture": "#0"}}},{"from": [3.5, 9, 5.25],"to": [3.5, 9.25, 5.5],"faces": {"north": {"uv": [0, 0.25, 0, 0],"rotation": 180,"texture": "#0"},"east": {"uv": [8.75, 0, 9, 0.25],"rotation": 90,"texture": "#0"},"south": { "uv": [0, 0, 0, 0.25], "texture": "#0" },"west": {"uv": [0.25, 8.75, 0.5, 9],"rotation": 270,"texture": "#0"},"up": { "uv": [0, 0, 0, 0.25], "texture": "#0" },"down": {"uv": [0, 0, 0, 0.25],"rotation": 180,"texture": "#0"}}},{"from": [3.5, 9.25, 5.25],"to": [3.5, 9.5, 5.5],"faces": {"north": {"uv": [0, 0.25, 0, 0],"rotation": 180,"texture": "#0"},"east": {"uv": [8.75, 0.25, 9, 0.5],"rotation": 90,"texture": "#0"},"south": { "uv": [0, 0, 0, 0.25], "texture": "#0" },"west": {"uv": [0.5, 8.75, 0.75, 9],"rotation": 270,"texture": "#0"},"up": { "uv": [0, 0, 0, 0.25], "texture": "#0" },"down": {"uv": [0, 0, 0, 0.25],"rotation": 180,"texture": "#0"}}},{"from": [3.5, 9.25, 5.5],"to": [3.5, 9.5, 5.75],"faces": {"north": {"uv": [0, 0.25, 0, 0],"rotation": 180,"texture": "#0"},"east": {"uv": [8.75, 0.5, 9, 0.75],"rotation": 90,"texture": "#0"},"south": { "uv": [0, 0, 0, 0.25], "texture": "#0" },"west": {"uv": [0.75, 8.75, 1, 9],"rotation": 270,"texture": "#0"},"up": { "uv": [0, 0, 0, 0.25], "texture": "#0" },"down": {"uv": [0, 0, 0, 0.25],"rotation": 180,"texture": "#0"}}},{"from": [3.5, 9, 5.75],"to": [3.5, 9.25, 6],"faces": {"north": {"uv": [0, 0.25, 0, 0],"rotation": 180,"texture": "#0"},"east": {"uv": [8.75, 0.75, 9, 1],"rotation": 90,"texture": "#0"},"south": { "uv": [0, 0, 0, 0.25], "texture": "#0" },"west": {"uv": [1, 8.75, 1.25, 9],"rotation": 270,"texture": "#0"},"up": { "uv": [0, 0, 0, 0.25], "texture": "#0" },"down": {"uv": [0, 0, 0, 0.25],"rotation": 180,"texture": "#0"}}},{"from": [3.5, 8.75, 6],"to": [3.5, 9, 6.25],"faces": {"north": {"uv": [0, 0.25, 0, 0],"rotation": 180,"texture": "#0"},"east": {"uv": [8.75, 1, 9, 1.25],"rotation": 90,"texture": "#0"},"south": { "uv": [0, 0, 0, 0.25], "texture": "#0" },"west": {"uv": [1.25, 8.75, 1.5, 9],"rotation": 270,"texture": "#0"},"up": { "uv": [0, 0, 0, 0.25], "texture": "#0" },"down": {"uv": [0, 0, 0, 0.25],"rotation": 180,"texture": "#0"}}},{"from": [3.5, 8.5, 6.25],"to": [3.5, 8.75, 6.5],"faces": {"north": {"uv": [0, 0.25, 0, 0],"rotation": 180,"texture": "#0"},"east": {"uv": [8.75, 1.25, 9, 1.5],"rotation": 90,"texture": "#0"},"south": { "uv": [0, 0, 0, 0.25], "texture": "#0" },"west": {"uv": [1.5, 8.75, 1.75, 9],"rotation": 270,"texture": "#0"},"up": { "uv": [0, 0, 0, 0.25], "texture": "#0" },"down": {"uv": [0, 0, 0, 0.25],"rotation": 180,"texture": "#0"}}},{"from": [3.5, 8.25, 6.5],"to": [3.5, 8.5, 6.75],"faces": {"north": {"uv": [0, 0.25, 0, 0],"rotation": 180,"texture": "#0"},"east": {"uv": [8.75, 1.5, 9, 1.75],"rotation": 90,"texture": "#0"},"south": { "uv": [0, 0, 0, 0.25], "texture": "#0" },"west": {"uv": [1.75, 8.75, 2, 9],"rotation": 270,"texture": "#0"},"up": { "uv": [0, 0, 0, 0.25], "texture": "#0" },"down": {"uv": [0, 0, 0, 0.25],"rotation": 180,"texture": "#0"}}},{"from": [3.5, 8, 6.75],"to": [3.5, 8.25, 7],"faces": {"north": {"uv": [0, 0.25, 0, 0],"rotation": 180,"texture": "#0"},"east": {"uv": [8.75, 1.75, 9, 2],"rotation": 90,"texture": "#0"},"south": { "uv": [0, 0, 0, 0.25], "texture": "#0" },"west": {"uv": [2, 8.75, 2.25, 9],"rotation": 270,"texture": "#0"},"up": { "uv": [0, 0, 0, 0.25], "texture": "#0" },"down": {"uv": [0, 0, 0, 0.25],"rotation": 180,"texture": "#0"}}},{"from": [3.5, 7.75, 7],"to": [3.5, 8, 7.25],"faces": {"north": {"uv": [0, 0.25, 0, 0],"rotation": 180,"texture": "#0"},"east": {"uv": [8.75, 2, 9, 2.25],"rotation": 90,"texture": "#0"},"south": { "uv": [0, 0, 0, 0.25], "texture": "#0" },"west": {"uv": [2.25, 8.75, 2.5, 9],"rotation": 270,"texture": "#0"},"up": { "uv": [0, 0, 0, 0.25], "texture": "#0" },"down": {"uv": [0, 0, 0, 0.25],"rotation": 180,"texture": "#0"}}},{"from": [3.5, 7.5, 7],"to": [3.5, 7.75, 7.25],"faces": {"north": {"uv": [0, 0.25, 0, 0],"rotation": 180,"texture": "#0"},"east": {"uv": [8.75, 2.25, 9, 2.5],"rotation": 90,"texture": "#0"},"south": { "uv": [0, 0, 0, 0.25], "texture": "#0" },"west": {"uv": [2.5, 8.75, 2.75, 9],"rotation": 270,"texture": "#0"},"up": { "uv": [0, 0, 0, 0.25], "texture": "#0" },"down": {"uv": [0, 0, 0, 0.25],"rotation": 180,"texture": "#0"}}},{"from": [3.5, 7.25, 7.25],"to": [3.5, 7.5, 7.5],"faces": {"north": {"uv": [0, 0.25, 0, 0],"rotation": 180,"texture": "#0"},"east": {"uv": [8.75, 2.5, 9, 2.75],"rotation": 90,"texture": "#0"},"south": { "uv": [0, 0, 0, 0.25], "texture": "#0" },"west": {"uv": [2.75, 8.75, 3, 9],"rotation": 270,"texture": "#0"},"up": { "uv": [0, 0, 0, 0.25], "texture": "#0" },"down": {"uv": [0, 0, 0, 0.25],"rotation": 180,"texture": "#0"}}},{"from": [3.5, 7, 7.5],"to": [3.5, 7.25, 7.75],"faces": {"north": {"uv": [0, 0.25, 0, 0],"rotation": 180,"texture": "#0"},"east": {"uv": [8.75, 2.75, 9, 3],"rotation": 90,"texture": "#0"},"south": { "uv": [0, 0, 0, 0.25], "texture": "#0" },"west": {"uv": [3, 8.75, 3.25, 9],"rotation": 270,"texture": "#0"},"up": { "uv": [0, 0, 0, 0.25], "texture": "#0" },"down": {"uv": [0, 0, 0, 0.25],"rotation": 180,"texture": "#0"}}},{"from": [3.5, 9.5, 6],"to": [3.5, 9.75, 6.25],"faces": {"north": {"uv": [0, 0.25, 0, 0],"rotation": 180,"texture": "#0"},"east": {"uv": [3.5, 8.5, 3.75, 8.75],"rotation": 90,"texture": "#0"},"south": { "uv": [0, 0, 0, 0.25], "texture": "#0" },"west": {"uv": [3.75, 8.5, 4, 8.75],"rotation": 270,"texture": "#0"},"up": { "uv": [0, 0, 0, 0.25], "texture": "#0" },"down": {"uv": [0, 0, 0, 0.25],"rotation": 180,"texture": "#0"}}}],"display": {"thirdperson_righthand": {"translation": [-0.25, 0, -1],"scale": [0.57, 0.57, 0.57]},"thirdperson_lefthand": {"translation": [0.5, 0, -1],"scale": [0.57, 0.57, 0.57]},"firstperson_righthand": {"translation": [1.5, 0, 0]},"firstperson_lefthand": {"translation": [1.5, 0, 0]},"ground": {"scale": [0.72, 0.72, 0.72]},"gui": {"rotation": [12, -180, 0],"translation": [0.5, 0, 0],"scale": [0.90141, 1.15508, 1]},"head": {"rotation": [-2.25, 0, 0],"translation": [-0.75, 3.25, -0.75],"scale": [1.62, 1.59, 1.62]},"fixed": {"rotation": [-89, 0, 0],"translation": [0, 0, -2]}},"groups": [{"name": "hat","origin": [0, 0, 0],"color": 0,"children": [0, 1, 2, 3, 4, 5, 6, 7, 8, 9, 10, 11, 12, 13, 14, 15, 16, 17,18, 19, 20, 21, 22, 23, 24, 25, 26, 27, 28, 29, 30, 31, 32, 33,34, 35, 36, 37, 38, 39, 40, 41, 42, 43, 44, 45, 46, 47, 48, 49,50, 51, 52, 53, 54, 55, 56, 57, 58, 59, 60, 61, 62, 63, 64, 65,66, 67, 68, 69, 70, 71, 72, 73, 74, 75, 76, 77, 78, 79, 80, 81,82, 83]}]}