{
	"credit": "Made with Blockbench",
	"texture_size": [32, 32],
	"textures": {
		"0": "./lute",
		"particle": "./lute"
	},
	"elements": [
		{
			"from": [-4, 0, 7],
			"to": [5, 11, 9],
			"faces": {
				"north": {"uv": [0, 0, 4.5, 5.5], "texture": "#0"},
				"east": {"uv": [0, 8, 1, 13.5], "texture": "#0"},
				"south": {"uv": [4.5, 0, 9, 5.5], "texture": "#0"},
				"west": {"uv": [1, 8, 2, 13.5], "texture": "#0"},
				"up": {"uv": [9.5, 9, 5, 8], "texture": "#0"},
				"down": {"uv": [13.5, 0, 9, 1], "texture": "#0"}
			}
		},
		{
			"from": [8, 4, 7],
			"to": [20, 7, 9],
			"faces": {
				"north": {"uv": [0, 5.5, 6, 7], "texture": "#0"},
				"east": {"uv": [9, 4, 10, 5.5], "texture": "#0"},
				"south": {"uv": [6, 5.5, 12, 7], "texture": "#0"},
				"west": {"uv": [10, 4, 11, 5.5], "texture": "#0"},
				"up": {"uv": [6, 8, 0, 7], "texture": "#0"},
				"down": {"uv": [12, 7, 6, 8], "texture": "#0"}
			}
		},
		{
			"from": [20, 4, 7],
			"to": [22, 7, 12],
			"faces": {
				"north": {"uv": [11, 4, 12, 5.5], "texture": "#0"},
				"east": {"uv": [9, 1, 11.5, 2.5], "texture": "#0"},
				"south": {"uv": [11.5, 1, 12.5, 2.5], "texture": "#0"},
				"west": {"uv": [9, 2.5, 11.5, 4], "texture": "#0"},
				"up": {"uv": [12, 10.5, 11, 8], "texture": "#0"},
				"down": {"uv": [12, 10.5, 11, 13], "texture": "#0"}
			}
		},
		{
			"from": [5, 2, 7],
			"to": [8, 9, 9],
			"faces": {
				"north": {"uv": [2, 8, 3.5, 11.5], "texture": "#0"},
				"east": {"uv": [5, 9, 6, 12.5], "texture": "#0"},
				"south": {"uv": [3.5, 8, 5, 11.5], "texture": "#0"},
				"west": {"uv": [6, 9, 7, 12.5], "texture": "#0"},
				"up": {"uv": [3.5, 12.5, 2, 11.5], "texture": "#0"},
				"down": {"uv": [13, 2.5, 11.5, 3.5], "texture": "#0"}
			}
		},
		{
			"from": [-6, 2, 7],
			"to": [-4, 9, 9],
			"faces": {
				"north": {"uv": [7, 9, 8, 12.5], "texture": "#0"},
				"east": {"uv": [8, 9, 9, 12.5], "texture": "#0"},
				"south": {"uv": [9, 9, 10, 12.5], "texture": "#0"},
				"west": {"uv": [10, 8, 11, 11.5], "texture": "#0"},
				"up": {"uv": [4.5, 12.5, 3.5, 11.5], "texture": "#0"},
				"down": {"uv": [11, 11.5, 10, 12.5], "texture": "#0"}
			}
		}
	],
	"gui_light": "front",
	"display": {
		"thirdperson_righthand": {
			"rotation": [90, 90, 0],
			"translation": [0, -4, 4.25],
			"scale": [0.8, 0.8, 0.8]
		},
		"thirdperson_lefthand": {
			"rotation": [-90, 180, 0],
			"translation": [-7.25, 0.75, -1],
			"scale": [0.8, 0.8, 0.8]
		},
		"firstperson_righthand": {
			"rotation": [-26, 95, 90],
			"translation": [4.5, 1, 0.5],
			"scale": [0.8, 0.8, 0.8]
		},
		"firstperson_lefthand": {
			"rotation": [30, 0, 0],
			"translation": [-4.25, 1, -0.5],
			"scale": [0.8, 0.8, 0.8]
		},
		"ground": {
			"rotation": [90, 0, 0],
			"translation": [0, -1.75, 0],
			"scale": [0.4, 0.4, 0.4]
		},
		"gui": {
			"rotation": [-38, 153, 124],
			"translation": [1.5, -0.25, 0],
			"scale": [0.7, 0.7, 0.7]
		},
		"head": {
			"rotation": [-180, 0, -45],
			"translation": [2, -16, 4],
			"scale": [0.8, 0.8, 0.9]
		},
		"fixed": {
			"rotation": [9, 0, 90],
			"translation": [-4.5, 5, -9.25],
			"scale": [1.5, 1.5, 1.5]
		}
	},
	"groups": [
		{
			"name": "group",
			"origin": [0, 0, 0],
			"color": 0,
			"children": [0, 1, 2, 3, 4]
		}
	]
}