{"credit": "Made with Blockbench","texture_size": [64, 64],"textures": {"2": "minecraft:item/joosh_7889/bow/mechanical_bow","particle": "minecraft:item/joosh_7889/bow/mechanical_bow"},"elements": [{"from": [6.8, 11, 6],"to": [8.8, 17, 8],"rotation": {"angle": 0,"axis": "y","origin": [8.3, 14.70711, 6.02132]},"faces": {"north": { "uv": [4.5, 4.5, 5, 6], "texture": "#2" },"east": { "uv": [4, 4.5, 4.5, 6], "texture": "#2" },"south": { "uv": [5.5, 4.5, 6, 6], "texture": "#2" },"west": { "uv": [5, 4.5, 5.5, 6], "texture": "#2" },"up": { "uv": [5, 4.5, 4.5, 4], "texture": "#2" },"down": { "uv": [5.5, 4, 5, 4.5], "texture": "#2" }}},{"from": [6.3, 8, 5.5],"to": [9.3, 8, 8.5],"rotation": {"angle": 22.5,"axis": "x","origin": [7.8, 11, 5.5]},"faces": {"north": {"uv": [3.75, 0.5, 3, 0],"rotation": 180,"texture": "#2"},"east": {"uv": [2.5, 0.5, 3, 1.25],"rotation": 90,"texture": "#2"},"south": { "uv": [4.5, 0, 3.75, 0.5], "texture": "#2" },"west": {"uv": [3.75, 0.5, 4.25, 1.25],"rotation": 270,"texture": "#2"},"up": { "uv": [3.75, 0.5, 3, 1.25], "texture": "#2" },"down": {"uv": [3, 0.5, 3.75, 1.25],"rotation": 180,"texture": "#2"}}},{"from": [6.3, 8, 5.5],"to": [6.3, 10, 8.5],"rotation": {"angle": 22.5,"axis": "x","origin": [7.8, 11, 5.5]},"faces": {"north": {"uv": [3.75, 0.5, 3, 0],"rotation": 180,"texture": "#2"},"east": {"uv": [3, 0.5, 3.5, 1.25],"rotation": 90,"texture": "#2"},"south": { "uv": [4.5, 0, 3.75, 0.5], "texture": "#2" },"west": {"uv": [3.75, 0.5, 4.25, 1.25],"rotation": 270,"texture": "#2"},"up": { "uv": [4.25, 0.5, 5, 1.25], "texture": "#2" },"down": {"uv": [3, 0.5, 3.75, 1.25],"rotation": 180,"texture": "#2"}}},{"from": [9.3, 8, 5.5],"to": [9.3, 10, 8.5],"rotation": {"angle": 22.5,"axis": "x","origin": [7.8, 11, 5.5]},"faces": {"north": {"uv": [3.75, 0.5, 3, 0],"rotation": 180,"texture": "#2"},"east": {"uv": [2.5, 0.5, 3, 1.25],"rotation": 90,"texture": "#2"},"south": { "uv": [4.5, 0, 3.75, 0.5], "texture": "#2" },"west": {"uv": [3, 0.5, 2.5, 1.25],"rotation": 270,"texture": "#2"},"up": { "uv": [4.25, 0.5, 5, 1.25], "texture": "#2" },"down": {"uv": [3, 0.5, 3.75, 1.25],"rotation": 180,"texture": "#2"}}},{"from": [6.3, 18, 2.5],"to": [9.3, 18, 9.5],"rotation": {"angle": -22.5,"axis": "x","origin": [7.8, 17, 5.5]},"faces": {"north": {"uv": [9.5, 0, 8.75, 0.5],"rotation": 180,"texture": "#2"},"east": {"uv": [7.5, 0.5, 8, 2.25],"rotation": 270,"texture": "#2"},"south": { "uv": [8.75, 0.5, 8, 0], "texture": "#2" },"west": {"uv": [8.75, 0.5, 9.25, 2.25],"rotation": 90,"texture": "#2"},"up": {"uv": [8, 0.5, 8.75, 2.25],"rotation": 180,"texture": "#2"},"down": { "uv": [8.75, 0.5, 8, 2.25], "texture": "#2" }}},{"from": [6.3, 16, 2.5],"to": [9.3, 16, 9.5],"rotation": {"angle": -22.5,"axis": "x","origin": [7.8, 17, 5.5]},"faces": {"north": {"uv": [9.5, 0, 8.75, 0.5],"rotation": 180,"texture": "#2"},"east": {"uv": [7.5, 0.5, 8, 2.25],"rotation": 270,"texture": "#2"},"south": { "uv": [8.75, 0.5, 8, 0], "texture": "#2" },"west": {"uv": [8.75, 0.5, 9.25, 2.25],"rotation": 90,"texture": "#2"},"up": {"uv": [9.25, 4.5, 10, 2.75],"rotation": 180,"texture": "#2"},"down": { "uv": [10, 4.5, 9.25, 2.75], "texture": "#2" }}},{"from": [6.3, 16, 9.5],"to": [9.3, 18, 9.5],"rotation": {"angle": -22.5,"axis": "x","origin": [7.8, 17, 5.5]},"faces": {"north": {"uv": [8, 0, 8.75, 0.5],"rotation": 180,"texture": "#2"},"east": {"uv": [7.5, 0.5, 8, 2.25],"rotation": 270,"texture": "#2"},"south": { "uv": [8.75, 0.75, 8, 0.25], "texture": "#2" },"west": {"uv": [8.75, 0.5, 9.25, 2.25],"rotation": 90,"texture": "#2"},"up": {"uv": [8, 0.5, 8.75, 2.25],"rotation": 180,"texture": "#2"},"down": { "uv": [9.25, 0.5, 10, 2.25], "texture": "#2" }}},{"from": [6.3, 16, 2.5],"to": [6.3, 18, 9.5],"rotation": {"angle": -22.5,"axis": "x","origin": [7.8, 17, 5.5]},"faces": {"north": {"uv": [9.5, 0, 8.75, 0.5],"rotation": 180,"texture": "#2"},"east": {"uv": [9.25, 0.5, 8.75, 2.25],"rotation": 270,"texture": "#2"},"south": { "uv": [8.75, 0.5, 8, 0], "texture": "#2" },"west": {"uv": [8.75, 0.5, 9.25, 2.25],"rotation": 90,"texture": "#2"},"up": {"uv": [8, 0.5, 8.75, 2.25],"rotation": 180,"texture": "#2"},"down": { "uv": [9.25, 0.5, 10, 2.25], "texture": "#2" }}},{"from": [9.3, 16, 2.5],"to": [9.3, 18, 9.5],"rotation": {"angle": -22.5,"axis": "x","origin": [7.8, 17, 5.5]},"faces": {"north": {"uv": [9.5, 0, 8.75, 0.5],"rotation": 180,"texture": "#2"},"east": {"uv": [7.5, 0.5, 8, 2.25],"rotation": 270,"texture": "#2"},"south": { "uv": [8.75, 0.5, 8, 0], "texture": "#2" },"west": {"uv": [8, 0.5, 7.5, 2.25],"rotation": 90,"texture": "#2"},"up": {"uv": [8, 0.5, 8.75, 2.25],"rotation": 180,"texture": "#2"},"down": { "uv": [9.25, 0.5, 10, 2.25], "texture": "#2" }}},{"from": [6.8, 6.2, 9],"to": [8.8, 11.2, 10],"rotation": { "angle": 22.5, "axis": "x", "origin": [7.8, 14, 6] },"faces": {"north": { "uv": [7.5, 6, 8, 7.25], "texture": "#2" },"east": { "uv": [7.25, 6, 7.5, 7.25], "texture": "#2" },"south": { "uv": [8.25, 6, 8.75, 7.25], "texture": "#2" },"west": { "uv": [8, 6, 8.25, 7.25], "texture": "#2" },"up": { "uv": [8, 6, 7.5, 5.75], "texture": "#2" },"down": { "uv": [8.5, 5.75, 8, 6], "texture": "#2" }}},{"from": [7.3, 20.7, 12.7],"to": [7.3, 22.7, 16.7],"rotation": { "angle": -22.5, "axis": "x", "origin": [7.8, 17, 6] },"faces": {"north": {"uv": [3.75, 6.75, 3.5, 7.25],"rotation": 180,"texture": "#2"},"east": {"uv": [2.75, 7.25, 3.25, 8.25],"rotation": 270,"texture": "#2"},"south": { "uv": [3.5, 7.25, 3.25, 6.75], "texture": "#2" },"west": {"uv": [3.5, 7.25, 4, 8.25],"rotation": 90,"texture": "#2"},"up": {"uv": [3.25, 7.25, 3.5, 8.25],"rotation": 180,"texture": "#2"},"down": { "uv": [4, 7.25, 4.25, 8.25], "texture": "#2" }}},{"from": [8.3, 20.7, 12.7],"to": [8.3, 22.7, 16.7],"rotation": { "angle": -22.5, "axis": "x", "origin": [7.8, 17, 6] },"faces": {"north": {"uv": [3.75, 6.75, 3.5, 7.25],"rotation": 180,"texture": "#2"},"east": {"uv": [2.75, 7.25, 3.25, 8.25],"rotation": 270,"texture": "#2"},"south": { "uv": [3.5, 7.25, 3.25, 6.75], "texture": "#2" },"west": {"uv": [3.5, 7.25, 4, 8.25],"rotation": 90,"texture": "#2"},"up": {"uv": [3.25, 7.25, 3.5, 8.25],"rotation": 180,"texture": "#2"},"down": { "uv": [4, 7.25, 4.25, 8.25], "texture": "#2" }}},{"from": [6.3, 23.7, 8.7],"to": [9.3, 23.7, 12.7],"rotation": { "angle": -22.5, "axis": "x", "origin": [7.8, 17, 6] },"faces": {"north": {"uv": [6.75, 2, 6, 2.25],"rotation": 180,"texture": "#2"},"east": {"uv": [5, 2.25, 5.25, 3.25],"rotation": 270,"texture": "#2"},"south": { "uv": [6, 2.25, 5.25, 2], "texture": "#2" },"west": {"uv": [6, 2.25, 6.25, 3.25],"rotation": 90,"texture": "#2"},"up": {"uv": [5.25, 2.25, 6, 3.25],"rotation": 180,"texture": "#2"},"down": { "uv": [6, 2.25, 5.25, 3.25], "texture": "#2" }}},{"from": [9.3, 22.7, 8.7],"to": [9.3, 23.7, 12.7],"rotation": { "angle": -22.5, "axis": "x", "origin": [7.8, 17, 6] },"faces": {"north": {"uv": [6.75, 2, 6, 2.25],"rotation": 180,"texture": "#2"},"east": {"uv": [5, 2.25, 5.25, 3.25],"rotation": 270,"texture": "#2"},"south": { "uv": [6, 2.25, 5.25, 2], "texture": "#2" },"west": {"uv": [5.25, 2.25, 5.5, 3.25],"rotation": 90,"texture": "#2"},"up": {"uv": [5.25, 2.25, 6, 3.25],"rotation": 180,"texture": "#2"},"down": { "uv": [6.25, 2.25, 7, 3.25], "texture": "#2" }}},{"from": [6.3, 22.7, 8.7],"to": [6.3, 23.7, 12.7],"rotation": { "angle": -22.5, "axis": "x", "origin": [7.8, 17, 6] },"faces": {"north": {"uv": [6.75, 2, 6, 2.25],"rotation": 180,"texture": "#2"},"east": {"uv": [6, 2.25, 6.25, 3.25],"rotation": 270,"texture": "#2"},"south": { "uv": [6, 2.25, 5.25, 2], "texture": "#2" },"west": {"uv": [6, 2.25, 6.25, 3.25],"rotation": 90,"texture": "#2"},"up": {"uv": [5.25, 2.25, 6, 3.25],"rotation": 180,"texture": "#2"},"down": { "uv": [6.25, 2.25, 7, 3.25], "texture": "#2" }}},{"from": [7.6, 22.5, 9],"to": [7.6, 26.5, 13],"rotation": { "angle": 0, "axis": "y", "origin": [7.1, 24.5, 11] },"faces": {"north": { "uv": [4.75, 6, 4.75, 7], "texture": "#2" },"east": { "uv": [3.75, 6, 4.75, 7], "texture": "#2" },"south": { "uv": [5.75, 6, 5.75, 7], "texture": "#2" },"west": { "uv": [4.75, 6, 3.75, 7], "texture": "#2" },"up": { "uv": [4.75, 6, 4.75, 5], "texture": "#2" },"down": { "uv": [4.75, 5, 4.75, 6], "texture": "#2" }}},{"from": [9.3, 4.3, 8.7],"to": [9.3, 5.3, 12.7],"rotation": { "angle": 22.5, "axis": "x", "origin": [7.8, 11, 6] },"faces": {"north": {"uv": [6, 2.5, 5.25, 2.25],"rotation": 180,"texture": "#2"},"east": {"uv": [5, 2.5, 5.25, 3.5],"rotation": 90,"texture": "#2"},"south": { "uv": [6.75, 2.25, 6, 2.5], "texture": "#2" },"west": {"uv": [5, 2.5, 5.25, 3.5],"rotation": 270,"texture": "#2"},"up": { "uv": [6.25, 2.5, 7, 3.5], "texture": "#2" },"down": {"uv": [5.25, 2.5, 6, 3.5],"rotation": 180,"texture": "#2"}}},{"from": [6.3, 4.3, 8.7],"to": [9.3, 4.3, 12.7],"rotation": { "angle": 22.5, "axis": "x", "origin": [7.8, 11, 6] },"faces": {"north": {"uv": [6, 2.5, 5.25, 2.25],"rotation": 180,"texture": "#2"},"east": {"uv": [5, 2.5, 5.25, 3.5],"rotation": 90,"texture": "#2"},"south": { "uv": [6.75, 2.25, 6, 2.5], "texture": "#2" },"west": {"uv": [6, 2.5, 6.25, 3.5],"rotation": 270,"texture": "#2"},"up": { "uv": [6, 2.5, 5.25, 3.5], "texture": "#2" },"down": {"uv": [5.25, 2.5, 6, 3.5],"rotation": 180,"texture": "#2"}}},{"from": [6.3, 10, 9.5],"to": [9.3, 12, 9.5],"rotation": {"angle": 22.5,"axis": "x","origin": [7.8, 11, 5.5]},"faces": {"north": {"uv": [9.5, 2.75, 8.75, 2.25],"rotation": 180,"texture": "#2"},"east": {"uv": [7.5, 2.75, 8, 4.5],"rotation": 90,"texture": "#2"},"south": { "uv": [8.75, 0.25, 8, 0.75], "texture": "#2" },"west": {"uv": [8.75, 2.75, 9.25, 4.5],"rotation": 270,"texture": "#2"},"up": { "uv": [9.25, 2.75, 10, 4.5], "texture": "#2" },"down": {"uv": [8, 2.75, 8.75, 4.5],"rotation": 180,"texture": "#2"}}},{"from": [6.3, 12, 2.5],"to": [9.3, 12, 9.5],"rotation": {"angle": 22.5,"axis": "x","origin": [7.8, 11, 5.5]},"faces": {"north": {"uv": [8.75, 2.75, 8, 2.25],"rotation": 180,"texture": "#2"},"east": {"uv": [7.5, 2.75, 8, 4.5],"rotation": 90,"texture": "#2"},"south": { "uv": [9.5, 2.25, 8.75, 2.75], "texture": "#2" },"west": {"uv": [8.75, 2.75, 9.25, 4.5],"rotation": 270,"texture": "#2"},"up": { "uv": [9.25, 2.75, 10, 4.5], "texture": "#2" },"down": {"uv": [9.25, 2.75, 10, 4.5],"rotation": 180,"texture": "#2"}}},{"from": [6.3, 10, 2.5],"to": [9.3, 10, 9.5],"rotation": {"angle": 22.5,"axis": "x","origin": [7.8, 11, 5.5]},"faces": {"north": {"uv": [8.75, 2.75, 8, 2.25],"rotation": 180,"texture": "#2"},"east": {"uv": [7.5, 2.75, 8, 4.5],"rotation": 90,"texture": "#2"},"south": { "uv": [9.5, 2.25, 8.75, 2.75], "texture": "#2" },"west": {"uv": [8.75, 2.75, 9.25, 4.5],"rotation": 270,"texture": "#2"},"up": { "uv": [8, 2.25, 8.75, 0.5], "texture": "#2" },"down": {"uv": [8, 2.25, 8.75, 0.5],"rotation": 180,"texture": "#2"}}},{"from": [6.3, 10, 2.5],"to": [6.3, 12, 9.5],"rotation": {"angle": 22.5,"axis": "x","origin": [7.8, 11, 5.5]},"faces": {"north": {"uv": [8.75, 2.75, 8, 2.25],"rotation": 180,"texture": "#2"},"east": {"uv": [7.5, 2.75, 8, 4.5],"rotation": 90,"texture": "#2"},"south": { "uv": [9.5, 2.25, 8.75, 2.75], "texture": "#2" },"west": {"uv": [8.75, 2.75, 9.25, 4.5],"rotation": 270,"texture": "#2"},"up": { "uv": [9.25, 2.75, 10, 4.5], "texture": "#2" },"down": {"uv": [8, 2.75, 8.75, 4.5],"rotation": 180,"texture": "#2"}}},{"from": [9.3, 10, 2.5],"to": [9.3, 12, 9.5],"rotation": {"angle": 22.5,"axis": "x","origin": [7.8, 11, 5.5]},"faces": {"north": {"uv": [8.75, 2.75, 8, 2.25],"rotation": 180,"texture": "#2"},"east": {"uv": [7.5, 2.75, 8, 4.5],"rotation": 90,"texture": "#2"},"south": { "uv": [9.5, 2.25, 8.75, 2.75], "texture": "#2" },"west": {"uv": [8.75, 2.75, 9.25, 4.5],"rotation": 270,"texture": "#2"},"up": { "uv": [9.25, 2.75, 10, 4.5], "texture": "#2" },"down": {"uv": [8, 2.75, 8.75, 4.5],"rotation": 180,"texture": "#2"}}},{"from": [6.3, 4.3, 8.7],"to": [6.3, 5.3, 12.7],"rotation": { "angle": 22.5, "axis": "x", "origin": [7.8, 11, 6] },"faces": {"north": {"uv": [6, 2.5, 5.25, 2.25],"rotation": 180,"texture": "#2"},"east": {"uv": [6, 2.5, 6.25, 3.5],"rotation": 90,"texture": "#2"},"south": { "uv": [6.75, 2.25, 6, 2.5], "texture": "#2" },"west": {"uv": [6, 2.5, 6.25, 3.5],"rotation": 270,"texture": "#2"},"up": { "uv": [6.25, 2.5, 7, 3.5], "texture": "#2" },"down": {"uv": [5.25, 2.5, 6, 3.5],"rotation": 180,"texture": "#2"}}},{"from": [8.3, 5.3, 12.7],"to": [8.3, 7.3, 16.7],"rotation": { "angle": 22.5, "axis": "x", "origin": [7.8, 11, 6] },"faces": {"north": {"uv": [2.25, 7.25, 2, 6.75],"rotation": 180,"texture": "#2"},"east": {"uv": [1.5, 7.25, 2, 8.25],"rotation": 90,"texture": "#2"},"south": { "uv": [2.5, 6.75, 2.25, 7.25], "texture": "#2" },"west": {"uv": [2.25, 7.25, 2.75, 8.25],"rotation": 270,"texture": "#2"},"up": { "uv": [2.75, 7.25, 3, 8.25], "texture": "#2" },"down": {"uv": [2, 7.25, 2.25, 8.25],"rotation": 180,"texture": "#2"}}},{"from": [9.3, 18, 5.5],"to": [9.3, 20, 8.5],"rotation": {"angle": -22.5,"axis": "x","origin": [7.8, 17, 5.5]},"faces": {"north": {"uv": [4.5, 0, 3.75, 0.5],"rotation": 180,"texture": "#2"},"east": {"uv": [2.5, 0.5, 3, 1.25],"rotation": 270,"texture": "#2"},"south": { "uv": [3.75, 0.5, 3, 0], "texture": "#2" },"west": {"uv": [3, 0.5, 2.5, 1.25],"rotation": 90,"texture": "#2"},"up": {"uv": [3, 0.5, 3.75, 1.25],"rotation": 180,"texture": "#2"},"down": { "uv": [4.25, 0.5, 5, 1.25], "texture": "#2" }}},{"from": [6.3, 20, 5.5],"to": [9.3, 20, 8.5],"rotation": {"angle": -22.5,"axis": "x","origin": [7.8, 17, 5.5]},"faces": {"north": {"uv": [4.5, 0, 3.75, 0.5],"rotation": 180,"texture": "#2"},"east": {"uv": [2.5, 0.5, 3, 1.25],"rotation": 270,"texture": "#2"},"south": { "uv": [3.75, 0.5, 3, 0], "texture": "#2" },"west": {"uv": [3.75, 0.5, 4.25, 1.25],"rotation": 90,"texture": "#2"},"up": {"uv": [3, 0.5, 3.75, 1.25],"rotation": 180,"texture": "#2"},"down": { "uv": [3.75, 0.5, 3, 1.25], "texture": "#2" }}},{"from": [7.8, 18.6, 10],"to": [7.8, 21.6, 12],"rotation": { "angle": -22.5, "axis": "x", "origin": [7.8, 14, 6] },"faces": {"north": { "uv": [6.25, 7.25, 6.25, 8], "texture": "#2" },"east": { "uv": [5.75, 7.25, 6.25, 8], "texture": "#2" },"south": { "uv": [6.75, 7.25, 6.75, 8], "texture": "#2" },"west": { "uv": [6.25, 7.25, 5.75, 8], "texture": "#2" },"up": { "uv": [6.25, 7.25, 6.25, 6.75], "texture": "#2" },"down": { "uv": [6.25, 6.75, 6.25, 7.25], "texture": "#2" }}},{"from": [7.3, 5.3, 16.7],"to": [8.3, 7.3, 16.7],"rotation": { "angle": 22.5, "axis": "x", "origin": [7.8, 11, 6] },"faces": {"north": {"uv": [2.5, 7.25, 2.25, 6.75],"rotation": 180,"texture": "#2"},"east": {"uv": [1.5, 7.25, 2, 8.25],"rotation": 90,"texture": "#2"},"south": { "uv": [2.5, 6.75, 2.25, 7.25], "texture": "#2" },"west": {"uv": [2.25, 7.25, 2.75, 8.25],"rotation": 270,"texture": "#2"},"up": { "uv": [2.75, 7.25, 3, 8.25], "texture": "#2" },"down": {"uv": [2, 7.25, 2.25, 8.25],"rotation": 180,"texture": "#2"}}},{"from": [7.8, 15.6, 4],"to": [7.8, 19.6, 8],"rotation": { "angle": 0, "axis": "y", "origin": [7.3, 17.6, 6] },"faces": {"north": { "uv": [4.75, 6, 4.75, 7], "texture": "#2" },"east": { "uv": [3.75, 6, 4.75, 7], "texture": "#2" },"south": { "uv": [5.75, 6, 5.75, 7], "texture": "#2" },"west": { "uv": [4.75, 6, 3.75, 7], "texture": "#2" },"up": { "uv": [4.75, 6, 4.75, 5], "texture": "#2" },"down": { "uv": [4.75, 5, 4.75, 6], "texture": "#2" }}},{"from": [7.3, 5.3, 12.7],"to": [7.3, 7.3, 16.7],"rotation": { "angle": 22.5, "axis": "x", "origin": [7.8, 11, 6] },"faces": {"north": {"uv": [2.25, 7.25, 2, 6.75],"rotation": 180,"texture": "#2"},"east": {"uv": [1.5, 7.25, 2, 8.25],"rotation": 90,"texture": "#2"},"south": { "uv": [2.5, 6.75, 2.25, 7.25], "texture": "#2" },"west": {"uv": [2.25, 7.25, 2.75, 8.25],"rotation": 270,"texture": "#2"},"up": { "uv": [2.75, 7.25, 3, 8.25], "texture": "#2" },"down": {"uv": [2, 7.25, 2.25, 8.25],"rotation": 180,"texture": "#2"}}},{"from": [6.3, 18, 5.5],"to": [6.3, 20, 8.5],"rotation": {"angle": -22.5,"axis": "x","origin": [7.8, 17, 5.5]},"faces": {"north": {"uv": [4.5, 0, 3.75, 0.5],"rotation": 180,"texture": "#2"},"east": {"uv": [4.25, 0.5, 3.75, 1.25],"rotation": 270,"texture": "#2"},"south": { "uv": [3.75, 0.5, 3, 0], "texture": "#2" },"west": {"uv": [3.75, 0.5, 4.25, 1.25],"rotation": 90,"texture": "#2"},"up": {"uv": [3, 0.5, 3.75, 1.25],"rotation": 180,"texture": "#2"},"down": { "uv": [4.25, 0.5, 5, 1.25], "texture": "#2" }}},{"from": [7.6, 1.5, 9],"to": [7.6, 5.5, 13],"rotation": { "angle": 0, "axis": "y", "origin": [7.1, 3.5, 11] },"faces": {"north": { "uv": [4.75, 6, 4.75, 7], "texture": "#2" },"east": { "uv": [3.75, 6, 4.75, 7], "texture": "#2" },"south": { "uv": [5.75, 6, 5.75, 7], "texture": "#2" },"west": { "uv": [4.75, 6, 3.75, 7], "texture": "#2" },"up": { "uv": [4.75, 6, 4.75, 5], "texture": "#2" },"down": { "uv": [4.75, 5, 4.75, 6], "texture": "#2" }}},{"from": [6.8, 16.8, 9],"to": [8.8, 21.8, 10],"rotation": { "angle": -22.5, "axis": "x", "origin": [7.8, 14, 6] },"faces": {"north": { "uv": [6, 6, 6.5, 7.25], "texture": "#2" },"east": { "uv": [5.75, 6, 6, 7.25], "texture": "#2" },"south": { "uv": [6.75, 6, 7.25, 7.25], "texture": "#2" },"west": { "uv": [6.5, 6, 6.75, 7.25], "texture": "#2" },"up": { "uv": [6.5, 6, 6, 5.75], "texture": "#2" },"down": { "uv": [7, 5.75, 6.5, 6], "texture": "#2" }}},{"from": [6.3, 5.3, 8.7],"to": [9.3, 7.3, 12.7],"rotation": { "angle": 22.5, "axis": "x", "origin": [7.8, 11, 6] },"faces": {"north": {"uv": [3.75, 2.5, 3, 2],"rotation": 180,"texture": "#2"},"east": {"uv": [2.5, 2.5, 3, 3.5],"rotation": 90,"texture": "#2"},"south": { "uv": [4.5, 2, 3.75, 2.5], "texture": "#2" },"west": {"uv": [3.75, 2.5, 4.25, 3.5],"rotation": 270,"texture": "#2"},"up": { "uv": [4.25, 2.5, 5, 3.5], "texture": "#2" },"down": {"uv": [3, 2.5, 3.75, 3.5],"rotation": 180,"texture": "#2"}}},{"from": [7.8, 6.4, 10],"to": [7.8, 9.4, 12],"rotation": { "angle": 22.5, "axis": "x", "origin": [7.8, 14, 6] },"faces": {"north": { "uv": [6.25, 8, 6.25, 8.75], "texture": "#2" },"east": { "uv": [5.75, 8, 6.25, 8.75], "texture": "#2" },"south": { "uv": [6.75, 8, 6.75, 8.75], "texture": "#2" },"west": { "uv": [6.25, 8, 5.75, 8.75], "texture": "#2" },"up": { "uv": [6.25, 8, 6.25, 7.5], "texture": "#2" },"down": { "uv": [6.25, 7.5, 6.25, 8], "texture": "#2" }}},{"from": [7.8, -0.5, 11],"to": [7.8, 14.5, 16],"rotation": { "angle": 0, "axis": "y", "origin": [7.3, 2, 13.5] },"faces": {"north": { "uv": [1.25, 8.25, 1.25, 12], "texture": "#2" },"east": { "uv": [0, 8.25, 1.25, 12], "texture": "#2" },"south": { "uv": [2.5, 8.25, 2.5, 12], "texture": "#2" },"west": { "uv": [1.25, 8.25, 0, 12], "texture": "#2" },"up": { "uv": [1.25, 8.25, 1.25, 7], "texture": "#2" },"down": { "uv": [1.25, 7, 1.25, 8.25], "texture": "#2" }}},{"from": [6.3, 20.7, 8.7],"to": [9.3, 22.7, 12.7],"rotation": { "angle": -22.5, "axis": "x", "origin": [7.8, 17, 6] },"faces": {"north": {"uv": [4.5, 2, 3.75, 2.5],"rotation": 180,"texture": "#2"},"east": {"uv": [2.5, 2.5, 3, 3.5],"rotation": 270,"texture": "#2"},"south": { "uv": [3.75, 2.5, 3, 2], "texture": "#2" },"west": {"uv": [3.75, 2.5, 4.25, 3.5],"rotation": 90,"texture": "#2"},"up": {"uv": [3, 2.5, 3.75, 3.5],"rotation": 180,"texture": "#2"},"down": { "uv": [4.25, 2.5, 5, 3.5], "texture": "#2" }}},{"from": [7.8, 13.5, 11],"to": [7.8, 28.5, 16],"rotation": { "angle": 0, "axis": "y", "origin": [7.3, 26, 13.5] },"faces": {"north": { "uv": [2.75, 8.25, 2.75, 12], "texture": "#2" },"east": { "uv": [4, 8.25, 2.75, 12], "texture": "#2" },"south": { "uv": [4, 8.25, 4, 12], "texture": "#2" },"west": { "uv": [2.75, 8.25, 4, 12], "texture": "#2" },"up": { "uv": [2.75, 8.25, 2.75, 7], "texture": "#2" },"down": { "uv": [2.75, 7, 2.75, 8.25], "texture": "#2" }}},{"from": [7.8, 8.4, 4],"to": [7.8, 12.4, 8],"rotation": { "angle": 0, "axis": "y", "origin": [7.3, 10.4, 6] },"faces": {"north": { "uv": [4.75, 6, 4.75, 7], "texture": "#2" },"east": { "uv": [3.75, 6, 4.75, 7], "texture": "#2" },"south": { "uv": [5.75, 6, 5.75, 7], "texture": "#2" },"west": { "uv": [4.75, 6, 3.75, 7], "texture": "#2" },"up": { "uv": [4.75, 6, 4.75, 5], "texture": "#2" },"down": { "uv": [4.75, 5, 4.75, 6], "texture": "#2" }}}],"display": {"thirdperson_righthand": {"rotation": [10.75, 0, 0],"translation": [-1, -6.75, -0.75],"scale": [0.85, 0.85, 0.85]},"thirdperson_lefthand": {"rotation": [10.75, 0, 0],"translation": [-1, -6.75, -0.75],"scale": [0.85, 0.85, 0.85]},"firstperson_righthand": {"rotation": [18, 18, 0],"translation": [3.75, -0.5, -1.25],"scale": [0.85, 0.85, 0.85]},"firstperson_lefthand": {"rotation": [18, 18, 0],"translation": [3.75, -0.5, -1.25],"scale": [0.85, 0.85, 0.85]},"ground": {"translation": [0, 3, 0],"scale": [0.48, 0.5, 0.5]},"gui": {"rotation": [90, 52, -90],"translation": [-3, -1, 0],"scale": [0.5, 0.5, 0.5]},"head": {"rotation": [-90, 0, -90],"translation": [-6, 10, 0],"scale": [0.85, 0.85, 0.85]},"fixed": {"rotation": [91.46, -44.88, -90.14],"translation": [-1, 4, -1],"scale": [0.55, 0.55, 0.55]}},"groups": [{"name": "main","origin": [-0.2, 13, -1],"color": 0,"nbt": "{}","armAnimationEnabled": false,"children": [0, 1, 2, 3, 4, 5, 6, 7, 8, 9, 10, 11, 12, 13, 14, 15, 16, 17,18, 19, 20, 21, 22, 23, 24, 25, 26, 27, 28, 29, 30, 31, 32, 33,34, 35, 36, 37, 38, 39]}]}