{"credit": "Made with Blockbench","texture_size": [64, 64],"textures": {"2": "minecraft:item/joosh_7889/bow/mechanical_bow","particle": "minecraft:joosh_7889/bow/mechanical_bow"},"elements": [{"from": [6.8, 11, 6],"to": [8.8, 17, 8],"rotation": {"angle": 0,"axis": "y","origin": [8.3, 14.70711, 6.02132]},"faces": {"north": { "uv": [4.5, 4.5, 5, 6], "texture": "#2" },"east": { "uv": [4, 4.5, 4.5, 6], "texture": "#2" },"south": { "uv": [5.5, 4.5, 6, 6], "texture": "#2" },"west": { "uv": [5, 4.5, 5.5, 6], "texture": "#2" },"up": { "uv": [5, 4.5, 4.5, 4], "texture": "#2" },"down": { "uv": [5.5, 4, 5, 4.5], "texture": "#2" }}},{"from": [6.3, 8, 5],"to": [9.3, 8, 8],"rotation": {"angle": 22.5,"axis": "x","origin": [7.8, 11, 5.5]},"faces": {"north": {"uv": [3.75, 0.5, 3, 0],"rotation": 180,"texture": "#2"},"east": {"uv": [2.5, 0.5, 3, 1.25],"rotation": 90,"texture": "#2"},"south": { "uv": [4.5, 0, 3.75, 0.5], "texture": "#2" },"west": {"uv": [3.75, 0.5, 4.25, 1.25],"rotation": 270,"texture": "#2"},"up": { "uv": [3.75, 0.5, 3, 1.25], "texture": "#2" },"down": {"uv": [3, 0.5, 3.75, 1.25],"rotation": 180,"texture": "#2"}}},{"from": [6.3, 8, 5],"to": [6.3, 10, 8],"rotation": {"angle": 22.5,"axis": "x","origin": [7.8, 11, 5.5]},"faces": {"north": {"uv": [3.75, 0.5, 3, 0],"rotation": 180,"texture": "#2"},"east": {"uv": [4.25, 0.5, 3.75, 1.25],"rotation": 90,"texture": "#2"},"south": { "uv": [4.5, 0, 3.75, 0.5], "texture": "#2" },"west": {"uv": [3.75, 0.5, 4.25, 1.25],"rotation": 270,"texture": "#2"},"up": { "uv": [4.25, 0.5, 5, 1.25], "texture": "#2" },"down": {"uv": [3, 0.5, 3.75, 1.25],"rotation": 180,"texture": "#2"}}},{"from": [9.3, 8, 5],"to": [9.3, 10, 8],"rotation": {"angle": 22.5,"axis": "x","origin": [7.8, 11, 5.5]},"faces": {"north": {"uv": [3.75, 0.5, 3, 0],"rotation": 180,"texture": "#2"},"east": {"uv": [2.5, 0.5, 3, 1.25],"rotation": 90,"texture": "#2"},"south": { "uv": [4.5, 0, 3.75, 0.5], "texture": "#2" },"west": {"uv": [3, 0.5, 2.5, 1.25],"rotation": 270,"texture": "#2"},"up": { "uv": [4.25, 0.5, 5, 1.25], "texture": "#2" },"down": {"uv": [3, 0.5, 3.75, 1.25],"rotation": 180,"texture": "#2"}}},{"from": [6.3, 18, 2],"to": [9.3, 18, 9],"rotation": {"angle": -22.5,"axis": "x","origin": [7.8, 17, 5.5]},"faces": {"north": {"uv": [9.5, 0, 8.75, 0.5],"rotation": 180,"texture": "#2"},"east": {"uv": [7.5, 0.5, 8, 2.25],"rotation": 270,"texture": "#2"},"south": { "uv": [8.75, 0.5, 8, 0], "texture": "#2" },"west": {"uv": [8.75, 0.5, 9.25, 2.25],"rotation": 90,"texture": "#2"},"up": {"uv": [8, 0.5, 8.75, 2.25],"rotation": 180,"texture": "#2"},"down": { "uv": [8.75, 0.5, 8, 2.25], "texture": "#2" }}},{"from": [6.3, 16, 9],"to": [9.3, 18, 9],"rotation": {"angle": -22.5,"axis": "x","origin": [7.8, 17, 5.5]},"faces": {"north": {"uv": [8, 0, 8.75, 0.5],"rotation": 180,"texture": "#2"},"east": {"uv": [7.5, 0.5, 8, 2.25],"rotation": 270,"texture": "#2"},"south": { "uv": [8.75, 0.75, 8, 0.25], "texture": "#2" },"west": {"uv": [8.75, 0.5, 9.25, 2.25],"rotation": 90,"texture": "#2"},"up": {"uv": [8, 0.5, 8.75, 2.25],"rotation": 180,"texture": "#2"},"down": { "uv": [9.25, 0.5, 10, 2.25], "texture": "#2" }}},{"from": [6.3, 16, 2],"to": [6.3, 18, 9],"rotation": {"angle": -22.5,"axis": "x","origin": [7.8, 17, 5.5]},"faces": {"north": {"uv": [9.5, 0, 8.75, 0.5],"rotation": 180,"texture": "#2"},"east": {"uv": [9.25, 0.5, 8.75, 2.25],"rotation": 270,"texture": "#2"},"south": { "uv": [8.75, 0.5, 8, 0], "texture": "#2" },"west": {"uv": [8.75, 0.5, 9.25, 2.25],"rotation": 90,"texture": "#2"},"up": {"uv": [8, 0.5, 8.75, 2.25],"rotation": 180,"texture": "#2"},"down": { "uv": [9.25, 0.5, 10, 2.25], "texture": "#2" }}},{"from": [9.3, 16, 2],"to": [9.3, 18, 9],"rotation": {"angle": -22.5,"axis": "x","origin": [7.8, 17, 5.5]},"faces": {"north": {"uv": [9.5, 0, 8.75, 0.5],"rotation": 180,"texture": "#2"},"east": {"uv": [7.5, 0.5, 8, 2.25],"rotation": 270,"texture": "#2"},"south": { "uv": [8.75, 0.5, 8, 0], "texture": "#2" },"west": {"uv": [8, 0.5, 7.5, 2.25],"rotation": 90,"texture": "#2"},"up": {"uv": [8, 0.5, 8.75, 2.25],"rotation": 180,"texture": "#2"},"down": { "uv": [9.25, 0.5, 10, 2.25], "texture": "#2" }}},{"from": [6.8, 6.2, 9],"to": [8.8, 11.2, 10],"rotation": { "angle": 22.5, "axis": "x", "origin": [7.8, 14, 6] },"faces": {"north": { "uv": [7.5, 6, 8, 7.25], "texture": "#2" },"east": { "uv": [7.25, 6, 7.5, 7.25], "texture": "#2" },"south": { "uv": [8.25, 6, 8.75, 7.25], "texture": "#2" },"west": { "uv": [8, 6, 8.25, 7.25], "texture": "#2" },"up": { "uv": [8, 6, 7.5, 5.75], "texture": "#2" },"down": { "uv": [8.5, 5.75, 8, 6], "texture": "#2" }}},{"from": [9.3, 4.8, 8.4],"to": [9.3, 5.8, 12.4],"rotation": {"angle": 22.5,"axis": "x","origin": [7.8, 11.5, 5.7]},"faces": {"north": {"uv": [6, 2.5, 5.25, 2.25],"rotation": 180,"texture": "#2"},"east": {"uv": [5, 2.5, 5.25, 3.5],"rotation": 90,"texture": "#2"},"south": { "uv": [6.75, 2.25, 6, 2.5], "texture": "#2" },"west": {"uv": [5, 2.5, 5.25, 3.5],"rotation": 270,"texture": "#2"},"up": { "uv": [6.25, 2.5, 7, 3.5], "texture": "#2" },"down": {"uv": [5.25, 2.5, 6, 3.5],"rotation": 180,"texture": "#2"}}},{"from": [6.3, 4.8, 8.4],"to": [9.3, 4.8, 12.4],"rotation": {"angle": 22.5,"axis": "x","origin": [7.8, 11.5, 5.7]},"faces": {"north": {"uv": [6, 2.5, 5.25, 2.25],"rotation": 180,"texture": "#2"},"east": {"uv": [5, 2.5, 5.25, 3.5],"rotation": 90,"texture": "#2"},"south": { "uv": [6.75, 2.25, 6, 2.5], "texture": "#2" },"west": {"uv": [6, 2.5, 6.25, 3.5],"rotation": 270,"texture": "#2"},"up": { "uv": [6, 2.5, 5.25, 3.5], "texture": "#2" },"down": {"uv": [5.25, 2.5, 6, 3.5],"rotation": 180,"texture": "#2"}}},{"from": [6.3, 10, 9],"to": [9.3, 12, 9],"rotation": {"angle": 22.5,"axis": "x","origin": [7.8, 11, 5.5]},"faces": {"north": {"uv": [9.5, 2.75, 8.75, 2.25],"rotation": 180,"texture": "#2"},"east": {"uv": [7.5, 2.75, 8, 4.5],"rotation": 90,"texture": "#2"},"south": { "uv": [8.75, 0.25, 8, 0.75], "texture": "#2" },"west": {"uv": [8.75, 2.75, 9.25, 4.5],"rotation": 270,"texture": "#2"},"up": { "uv": [9.25, 2.75, 10, 4.5], "texture": "#2" },"down": {"uv": [8, 2.75, 8.75, 4.5],"rotation": 180,"texture": "#2"}}},{"from": [6.3, 12, 2],"to": [9.3, 12, 9],"rotation": {"angle": 22.5,"axis": "x","origin": [7.8, 11, 5.5]},"faces": {"north": {"uv": [8.75, 2.75, 8, 2.25],"rotation": 180,"texture": "#2"},"east": {"uv": [7.5, 2.75, 8, 4.5],"rotation": 90,"texture": "#2"},"south": { "uv": [9.5, 2.25, 8.75, 2.75], "texture": "#2" },"west": {"uv": [8.75, 2.75, 9.25, 4.5],"rotation": 270,"texture": "#2"},"up": { "uv": [9.25, 2.75, 10, 4.5], "texture": "#2" },"down": {"uv": [9.25, 2.75, 10, 4.5],"rotation": 180,"texture": "#2"}}},{"from": [6.3, 10, 2],"to": [9.3, 10, 9],"rotation": {"angle": 22.5,"axis": "x","origin": [7.8, 11, 5.5]},"faces": {"north": {"uv": [8.75, 2.75, 8, 2.25],"rotation": 180,"texture": "#2"},"east": {"uv": [7.5, 2.75, 8, 4.5],"rotation": 90,"texture": "#2"},"south": { "uv": [9.5, 2.25, 8.75, 2.75], "texture": "#2" },"west": {"uv": [8.75, 2.75, 9.25, 4.5],"rotation": 270,"texture": "#2"},"up": { "uv": [8, 2.25, 8.75, 0.5], "texture": "#2" },"down": {"uv": [8, 2.25, 8.75, 0.5],"rotation": 180,"texture": "#2"}}},{"from": [6.3, 16.15224, 2.76537],"to": [9.3, 16.15224, 9.76537],"rotation": {"angle": -22.5,"axis": "x","origin": [7.8, 15.15224, 6.26537]},"faces": {"north": { "uv": [8.75, 2.25, 9.5, 2.75], "texture": "#2" },"east": {"uv": [7.5, 4.5, 8, 2.75],"rotation": 90,"texture": "#2"},"south": {"uv": [8, 2.75, 8.75, 2.25],"rotation": 180,"texture": "#2"},"west": {"uv": [8.75, 4.5, 9.25, 2.75],"rotation": 270,"texture": "#2"},"up": { "uv": [9.25, 2.75, 10, 4.5], "texture": "#2" },"down": {"uv": [9.25, 2.75, 10, 4.5],"rotation": 180,"texture": "#2"}}},{"from": [6.3, 10, 2],"to": [6.3, 12, 9],"rotation": {"angle": 22.5,"axis": "x","origin": [7.8, 11, 5.5]},"faces": {"north": {"uv": [8.75, 2.75, 8, 2.25],"rotation": 180,"texture": "#2"},"east": {"uv": [7.5, 2.75, 8, 4.5],"rotation": 90,"texture": "#2"},"south": { "uv": [9.5, 2.25, 8.75, 2.75], "texture": "#2" },"west": {"uv": [8.75, 2.75, 9.25, 4.5],"rotation": 270,"texture": "#2"},"up": { "uv": [9.25, 2.75, 10, 4.5], "texture": "#2" },"down": {"uv": [8, 2.75, 8.75, 4.5],"rotation": 180,"texture": "#2"}}},{"from": [9.3, 10, 2],"to": [9.3, 12, 9],"rotation": {"angle": 22.5,"axis": "x","origin": [7.8, 11, 5.5]},"faces": {"north": {"uv": [8.75, 2.75, 8, 2.25],"rotation": 180,"texture": "#2"},"east": {"uv": [7.5, 2.75, 8, 4.5],"rotation": 90,"texture": "#2"},"south": { "uv": [9.5, 2.25, 8.75, 2.75], "texture": "#2" },"west": {"uv": [8.75, 2.75, 9.25, 4.5],"rotation": 270,"texture": "#2"},"up": { "uv": [9.25, 2.75, 10, 4.5], "texture": "#2" },"down": {"uv": [8, 2.75, 8.75, 4.5],"rotation": 180,"texture": "#2"}}},{"from": [6.3, 4.8, 8.4],"to": [6.3, 5.8, 12.4],"rotation": {"angle": 22.5,"axis": "x","origin": [7.8, 11.5, 5.7]},"faces": {"north": {"uv": [6, 2.5, 5.25, 2.25],"rotation": 180,"texture": "#2"},"east": {"uv": [6, 2.5, 6.25, 3.5],"rotation": 90,"texture": "#2"},"south": { "uv": [6.75, 2.25, 6, 2.5], "texture": "#2" },"west": {"uv": [6, 2.5, 6.25, 3.5],"rotation": 270,"texture": "#2"},"up": { "uv": [6.25, 2.5, 7, 3.5], "texture": "#2" },"down": {"uv": [5.25, 2.5, 6, 3.5],"rotation": 180,"texture": "#2"}}},{"from": [8.3, 6, 12.4],"to": [8.3, 8, 16.4],"rotation": {"angle": 22.5,"axis": "x","origin": [7.8, 11.7, 5.7]},"faces": {"north": {"uv": [2.25, 7.25, 2, 6.75],"rotation": 180,"texture": "#2"},"east": {"uv": [1.5, 7.25, 2, 8.25],"rotation": 90,"texture": "#2"},"south": { "uv": [2.5, 6.75, 2.25, 7.25], "texture": "#2" },"west": {"uv": [2.25, 7.25, 2.75, 8.25],"rotation": 270,"texture": "#2"},"up": { "uv": [2.75, 7.25, 3, 8.25], "texture": "#2" },"down": {"uv": [2, 7.25, 2.25, 8.25],"rotation": 180,"texture": "#2"}}},{"from": [9.3, 18, 5],"to": [9.3, 20, 8],"rotation": {"angle": -22.5,"axis": "x","origin": [7.8, 17, 5.5]},"faces": {"north": {"uv": [4.5, 0, 3.75, 0.5],"rotation": 180,"texture": "#2"},"east": {"uv": [2.5, 0.5, 3, 1.25],"rotation": 270,"texture": "#2"},"south": { "uv": [3.75, 0.5, 3, 0], "texture": "#2" },"west": {"uv": [3, 0.5, 2.5, 1.25],"rotation": 90,"texture": "#2"},"up": {"uv": [3, 0.5, 3.75, 1.25],"rotation": 180,"texture": "#2"},"down": { "uv": [4.25, 0.5, 5, 1.25], "texture": "#2" }}},{"from": [6.3, 20, 5],"to": [9.3, 20, 8],"rotation": {"angle": -22.5,"axis": "x","origin": [7.8, 17, 5.5]},"faces": {"north": {"uv": [4.5, 0, 3.75, 0.5],"rotation": 180,"texture": "#2"},"east": {"uv": [2.5, 0.5, 3, 1.25],"rotation": 270,"texture": "#2"},"south": { "uv": [3.75, 0.5, 3, 0], "texture": "#2" },"west": {"uv": [3.75, 0.5, 4.25, 1.25],"rotation": 90,"texture": "#2"},"up": {"uv": [3, 0.5, 3.75, 1.25],"rotation": 180,"texture": "#2"},"down": { "uv": [3.75, 0.5, 3, 1.25], "texture": "#2" }}},{"from": [7.3, 6, 16.4],"to": [8.3, 8, 16.4],"rotation": {"angle": 22.5,"axis": "x","origin": [7.8, 11.7, 5.7]},"faces": {"north": {"uv": [2.5, 7.25, 2.25, 6.75],"rotation": 180,"texture": "#2"},"east": {"uv": [1.5, 7.25, 2, 8.25],"rotation": 90,"texture": "#2"},"south": { "uv": [2.5, 6.75, 2.25, 7.25], "texture": "#2" },"west": {"uv": [2.25, 7.25, 2.75, 8.25],"rotation": 270,"texture": "#2"},"up": { "uv": [2.75, 7.25, 3, 8.25], "texture": "#2" },"down": {"uv": [2, 7.25, 2.25, 8.25],"rotation": 180,"texture": "#2"}}},{"from": [7.8, 14.6, 3.7],"to": [7.8, 18.6, 7.7],"rotation": {"angle": -22.5,"axis": "x","origin": [7.8, 16.6, 5.7]},"faces": {"north": { "uv": [4.75, 6, 4.75, 7], "texture": "#2" },"east": { "uv": [3.75, 6, 4.75, 7], "texture": "#2" },"south": { "uv": [5.75, 6, 5.75, 7], "texture": "#2" },"west": { "uv": [4.75, 6, 3.75, 7], "texture": "#2" },"up": { "uv": [4.75, 6, 4.75, 5], "texture": "#2" },"down": { "uv": [4.75, 5, 4.75, 6], "texture": "#2" }}},{"from": [7.3, 6, 12.4],"to": [7.3, 8, 16.4],"rotation": {"angle": 22.5,"axis": "x","origin": [7.8, 11.7, 5.7]},"faces": {"north": {"uv": [2.25, 7.25, 2, 6.75],"rotation": 180,"texture": "#2"},"east": {"uv": [1.5, 7.25, 2, 8.25],"rotation": 90,"texture": "#2"},"south": { "uv": [2.5, 6.75, 2.25, 7.25], "texture": "#2" },"west": {"uv": [2.25, 7.25, 2.75, 8.25],"rotation": 270,"texture": "#2"},"up": { "uv": [2.75, 7.25, 3, 8.25], "texture": "#2" },"down": {"uv": [2, 7.25, 2.25, 8.25],"rotation": 180,"texture": "#2"}}},{"from": [6.3, 18, 5],"to": [6.3, 20, 8],"rotation": {"angle": -22.5,"axis": "x","origin": [7.8, 17, 5.5]},"faces": {"north": {"uv": [4.5, 0, 3.75, 0.5],"rotation": 180,"texture": "#2"},"east": {"uv": [4.25, 0.5, 3.75, 1.25],"rotation": 270,"texture": "#2"},"south": { "uv": [3.75, 0.5, 3, 0], "texture": "#2" },"west": {"uv": [3.75, 0.5, 4.25, 1.25],"rotation": 90,"texture": "#2"},"up": {"uv": [3, 0.5, 3.75, 1.25],"rotation": 180,"texture": "#2"},"down": { "uv": [4.25, 0.5, 5, 1.25], "texture": "#2" }}},{"from": [7.6, 2.2, 8.7],"to": [7.6, 6.2, 12.7],"rotation": {"angle": -22.5,"axis": "x","origin": [7.1, 4.2, 10.7]},"faces": {"north": { "uv": [4.75, 6, 4.75, 7], "texture": "#2" },"east": { "uv": [3.75, 6, 4.75, 7], "texture": "#2" },"south": { "uv": [5.75, 6, 5.75, 7], "texture": "#2" },"west": { "uv": [4.75, 6, 3.75, 7], "texture": "#2" },"up": { "uv": [4.75, 6, 4.75, 5], "texture": "#2" },"down": { "uv": [4.75, 5, 4.75, 6], "texture": "#2" }}},{"from": [6.3, 5.8, 8.4],"to": [9.3, 7.8, 12.4],"rotation": {"angle": 22.5,"axis": "x","origin": [7.8, 11.5, 5.7]},"faces": {"north": {"uv": [3.75, 2.5, 3, 2],"rotation": 180,"texture": "#2"},"east": {"uv": [2.5, 2.5, 3, 3.5],"rotation": 90,"texture": "#2"},"south": { "uv": [4.5, 2, 3.75, 2.5], "texture": "#2" },"west": {"uv": [3.75, 2.5, 4.25, 3.5],"rotation": 270,"texture": "#2"},"up": { "uv": [4.25, 2.5, 5, 3.5], "texture": "#2" },"down": {"uv": [3, 2.5, 3.75, 3.5],"rotation": 180,"texture": "#2"}}},{"from": [7.8, 6.4, 10],"to": [7.8, 9.4, 12],"rotation": { "angle": 22.5, "axis": "x", "origin": [7.8, 14, 6] },"faces": {"north": { "uv": [6.25, 8, 6.25, 8.75], "texture": "#2" },"east": { "uv": [5.75, 8, 6.25, 8.75], "texture": "#2" },"south": { "uv": [6.75, 8, 6.75, 8.75], "texture": "#2" },"west": { "uv": [6.25, 8, 5.75, 8.75], "texture": "#2" },"up": { "uv": [6.25, 8, 6.25, 7.5], "texture": "#2" },"down": { "uv": [6.25, 7.5, 6.25, 8], "texture": "#2" }}},{"from": [7.8, 0.5, 10.7],"to": [7.8, 15.5, 15.7],"rotation": {"angle": 22.5,"axis": "x","origin": [7.3, 2.7, 13.2]},"faces": {"north": { "uv": [1.25, 8.25, 1.25, 12], "texture": "#2" },"east": { "uv": [0, 8.25, 1.25, 12], "texture": "#2" },"south": { "uv": [2.5, 8.25, 2.5, 12], "texture": "#2" },"west": { "uv": [1.25, 8.25, 0, 12], "texture": "#2" },"up": { "uv": [1.25, 8.25, 1.25, 7], "texture": "#2" },"down": { "uv": [1.25, 7, 1.25, 8.25], "texture": "#2" }}},{"from": [6.8, 16.8, 9],"to": [8.8, 21.8, 10],"rotation": { "angle": -22.5, "axis": "x", "origin": [7.8, 14, 6] },"faces": {"north": { "uv": [7.5, 7.25, 8, 6], "texture": "#2" },"east": { "uv": [7.25, 7.25, 7.5, 6], "texture": "#2" },"south": { "uv": [8.25, 7.25, 8.75, 6], "texture": "#2" },"west": { "uv": [8, 7.25, 8.25, 6], "texture": "#2" },"up": { "uv": [8.5, 6, 8, 5.75], "texture": "#2" },"down": { "uv": [8, 5.75, 7.5, 6], "texture": "#2" }}},{"from": [9.3, 22.2, 8.4],"to": [9.3, 23.2, 12.4],"rotation": {"angle": -22.5,"axis": "x","origin": [7.8, 16.5, 5.7]},"faces": {"north": {"uv": [6, 2.25, 5.25, 2.5],"rotation": 180,"texture": "#2"},"east": {"uv": [5.25, 2.5, 5, 3.5],"rotation": 90,"texture": "#2"},"south": { "uv": [6.75, 2.5, 6, 2.25], "texture": "#2" },"west": {"uv": [5.25, 2.5, 5, 3.5],"rotation": 270,"texture": "#2"},"up": {"uv": [5.25, 3.5, 6, 2.5],"rotation": 180,"texture": "#2"},"down": { "uv": [6.25, 3.5, 7, 2.5], "texture": "#2" }}},{"from": [8.3, 20, 12.4],"to": [8.3, 22, 16.4],"rotation": {"angle": -22.5,"axis": "x","origin": [7.8, 16.3, 5.7]},"faces": {"north": {"uv": [2.25, 6.75, 2, 7.25],"rotation": 180,"texture": "#2"},"east": {"uv": [2, 7.25, 1.5, 8.25],"rotation": 90,"texture": "#2"},"south": { "uv": [2.5, 7.25, 2.25, 6.75], "texture": "#2" },"west": {"uv": [2.75, 7.25, 2.25, 8.25],"rotation": 270,"texture": "#2"},"up": {"uv": [2, 8.25, 2.25, 7.25],"rotation": 180,"texture": "#2"},"down": { "uv": [2.75, 8.25, 3, 7.25], "texture": "#2" }}},{"from": [6.3, 20.2, 8.4],"to": [9.3, 22.2, 12.4],"rotation": {"angle": -22.5,"axis": "x","origin": [7.8, 16.5, 5.7]},"faces": {"north": {"uv": [3.75, 2, 3, 2.5],"rotation": 180,"texture": "#2"},"east": {"uv": [3, 2.5, 2.5, 3.5],"rotation": 90,"texture": "#2"},"south": { "uv": [4.5, 2.5, 3.75, 2], "texture": "#2" },"west": {"uv": [4.25, 2.5, 3.75, 3.5],"rotation": 270,"texture": "#2"},"up": {"uv": [3, 3.5, 3.75, 2.5],"rotation": 180,"texture": "#2"},"down": { "uv": [4.25, 3.5, 5, 2.5], "texture": "#2" }}},{"from": [7.8, 18.6, 10],"to": [7.8, 21.6, 12],"rotation": { "angle": -22.5, "axis": "x", "origin": [7.8, 14, 6] },"faces": {"north": { "uv": [6.25, 8.75, 6.25, 8], "texture": "#2" },"east": { "uv": [5.75, 8.75, 6.25, 8], "texture": "#2" },"south": { "uv": [6.75, 8.75, 6.75, 8], "texture": "#2" },"west": { "uv": [6.25, 8.75, 5.75, 8], "texture": "#2" },"up": { "uv": [6.25, 8, 6.25, 7.5], "texture": "#2" },"down": { "uv": [6.25, 7.5, 6.25, 8], "texture": "#2" }}},{"from": [7.8, 12.5, 10.7],"to": [7.8, 27.5, 15.7],"rotation": {"angle": -22.5,"axis": "x","origin": [7.3, 25.3, 13.2]},"faces": {"north": { "uv": [1.25, 12, 1.25, 8.25], "texture": "#2" },"east": { "uv": [0, 12, 1.25, 8.25], "texture": "#2" },"south": { "uv": [2.5, 12, 2.5, 8.25], "texture": "#2" },"west": { "uv": [1.25, 12, 0, 8.25], "texture": "#2" },"up": { "uv": [1.25, 8.25, 1.25, 7], "texture": "#2" },"down": { "uv": [1.25, 7, 1.25, 8.25], "texture": "#2" }}},{"from": [7.6, 21.8, 8.7],"to": [7.6, 25.8, 12.7],"rotation": {"angle": 22.5,"axis": "x","origin": [7.1, 23.8, 10.7]},"faces": {"north": { "uv": [4.75, 7, 4.75, 6], "texture": "#2" },"east": { "uv": [3.75, 7, 4.75, 6], "texture": "#2" },"south": { "uv": [5.75, 7, 5.75, 6], "texture": "#2" },"west": { "uv": [4.75, 7, 3.75, 6], "texture": "#2" },"up": { "uv": [4.75, 6, 4.75, 5], "texture": "#2" },"down": { "uv": [4.75, 5, 4.75, 6], "texture": "#2" }}},{"from": [6.3, 22.2, 8.4],"to": [6.3, 23.2, 12.4],"rotation": {"angle": -22.5,"axis": "x","origin": [7.8, 16.5, 5.7]},"faces": {"north": {"uv": [6, 2.25, 5.25, 2.5],"rotation": 180,"texture": "#2"},"east": {"uv": [6.25, 2.5, 6, 3.5],"rotation": 90,"texture": "#2"},"south": { "uv": [6.75, 2.5, 6, 2.25], "texture": "#2" },"west": {"uv": [6.25, 2.5, 6, 3.5],"rotation": 270,"texture": "#2"},"up": {"uv": [5.25, 3.5, 6, 2.5],"rotation": 180,"texture": "#2"},"down": { "uv": [6.25, 3.5, 7, 2.5], "texture": "#2" }}},{"from": [6.3, 23.2, 8.4],"to": [9.3, 23.2, 12.4],"rotation": {"angle": -22.5,"axis": "x","origin": [7.8, 16.5, 5.7]},"faces": {"north": {"uv": [6, 2.25, 5.25, 2.5],"rotation": 180,"texture": "#2"},"east": {"uv": [5.25, 2.5, 5, 3.5],"rotation": 90,"texture": "#2"},"south": { "uv": [6.75, 2.5, 6, 2.25], "texture": "#2" },"west": {"uv": [6.25, 2.5, 6, 3.5],"rotation": 270,"texture": "#2"},"up": {"uv": [5.25, 3.5, 6, 2.5],"rotation": 180,"texture": "#2"},"down": { "uv": [6, 3.5, 5.25, 2.5], "texture": "#2" }}},{"from": [7.3, 20, 12.4],"to": [7.3, 22, 16.4],"rotation": {"angle": -22.5,"axis": "x","origin": [7.8, 16.3, 5.7]},"faces": {"north": {"uv": [2.25, 6.75, 2, 7.25],"rotation": 180,"texture": "#2"},"east": {"uv": [2, 7.25, 1.5, 8.25],"rotation": 90,"texture": "#2"},"south": { "uv": [2.5, 7.25, 2.25, 6.75], "texture": "#2" },"west": {"uv": [2.75, 7.25, 2.25, 8.25],"rotation": 270,"texture": "#2"},"up": {"uv": [2, 8.25, 2.25, 7.25],"rotation": 180,"texture": "#2"},"down": { "uv": [2.75, 8.25, 3, 7.25], "texture": "#2" }}},{"from": [7.3, 20, 16.4],"to": [8.3, 22, 16.4],"rotation": {"angle": -22.5,"axis": "x","origin": [7.8, 16.3, 5.7]},"faces": {"north": {"uv": [2.5, 6.75, 2.25, 7.25],"rotation": 180,"texture": "#2"},"east": {"uv": [2, 7.25, 1.5, 8.25],"rotation": 90,"texture": "#2"},"south": { "uv": [2.5, 7.25, 2.25, 6.75], "texture": "#2" },"west": {"uv": [2.75, 7.25, 2.25, 8.25],"rotation": 270,"texture": "#2"},"up": {"uv": [2, 8.25, 2.25, 7.25],"rotation": 180,"texture": "#2"},"down": { "uv": [2.75, 8.25, 3, 7.25], "texture": "#2" }}},{"from": [7.8, 9.4, 3.7],"to": [7.8, 13.4, 7.7],"rotation": {"angle": 22.5,"axis": "x","origin": [7.8, 11.4, 5.7]},"faces": {"north": {"uv": [4.75, 5, 4.75, 6],"rotation": 180,"texture": "#2"},"east": {"uv": [3.75, 6, 4.75, 7],"rotation": 270,"texture": "#2"},"south": { "uv": [4.75, 6, 4.75, 5], "texture": "#2" },"west": {"uv": [4.75, 6, 3.75, 7],"rotation": 90,"texture": "#2"},"up": {"uv": [4.75, 6, 4.75, 7],"rotation": 180,"texture": "#2"},"down": { "uv": [5.75, 6, 5.75, 7], "texture": "#2" }}},{"name": "arrow","from": [7.25556, 13.55385, 1.3],"to": [8.25556, 14.55385, 4.3],"rotation": {"angle": 0,"axis": "y","origin": [7.74421, 14.0047, 7.74444]},"faces": {"north": {"uv": [8.75, 15.5, 9, 15.75],"rotation": 180,"texture": "#2"},"east": {"uv": [9, 15.5, 9.75, 15.75],"rotation": 180,"texture": "#2"},"south": {"uv": [7.75, 15.5, 8, 15.75],"rotation": 180,"texture": "#2"},"west": {"uv": [8, 15.5, 8.75, 15.75],"rotation": 180,"texture": "#2"},"up": {"uv": [9.5, 15.25, 8.75, 15.5],"rotation": 90,"texture": "#2"},"down": {"uv": [8.75, 15.5, 8, 15.25],"rotation": 270,"texture": "#2"}}},{"from": [6.25556, 13.55385, 8],"to": [9.25556, 13.55385, 11],"rotation": {"angle": 22.5,"axis": "y","origin": [7.75556, 13.55385, 9.5]},"faces": {"north": {"uv": [8.75, 11.5, 8.75, 12.25],"rotation": 90,"texture": "#2"},"east": {"uv": [9.5, 11.5, 8.75, 11.5],"rotation": 180,"texture": "#2"},"south": {"uv": [8, 11.5, 8, 12.25],"rotation": 270,"texture": "#2"},"west": { "uv": [8.75, 11.5, 8, 11.5], "texture": "#2" },"up": {"uv": [9.5, 11.5, 8.75, 12.25],"rotation": 270,"texture": "#2"},"down": {"uv": [8.75, 11.5, 9.5, 12.25],"rotation": 270,"texture": "#2"}}},{"name": "arrow","from": [7.75556, 10.55385, 11],"to": [7.75556, 17.55385, 17],"rotation": {"angle": 0,"axis": "y","origin": [7.74421, 14.0047, 7.74444]},"faces": {"north": {"uv": [14, 9.75, 14, 11.5],"rotation": 180,"texture": "#2"},"east": {"uv": [14, 9.75, 15.5, 11.5],"rotation": 180,"texture": "#2"},"south": {"uv": [12.5, 9.75, 12.5, 11.5],"rotation": 180,"texture": "#2"},"west": {"uv": [15.5, 9.75, 14, 11.5],"rotation": 180,"texture": "#2"},"up": {"uv": [15.5, 9.75, 14, 9.75],"rotation": 90,"texture": "#2"},"down": {"uv": [14, 9.75, 12.5, 9.75],"rotation": 270,"texture": "#2"}}},{"name": "arrow","from": [7.75556, 11.55385, -0.8],"to": [7.75556, 16.55385, 4.2],"rotation": {"angle": 0,"axis": "y","origin": [7.74421, 14.0047, 7.74444]},"faces": {"north": {"uv": [11.5, 8.5, 11.5, 9.75],"rotation": 180,"texture": "#2"},"east": {"uv": [11.5, 8.5, 12.75, 9.75],"rotation": 180,"texture": "#2"},"south": {"uv": [10.25, 8.5, 10.25, 9.75],"rotation": 180,"texture": "#2"},"west": {"uv": [12.75, 8.5, 11.5, 9.75],"rotation": 180,"texture": "#2"},"up": {"uv": [12.75, 8.5, 11.5, 8.5],"rotation": 90,"texture": "#2"},"down": {"uv": [11.5, 8.5, 10.25, 8.5],"rotation": 270,"texture": "#2"}}},{"name": "arrow","from": [5.25556, 14.05385, -0.8],"to": [10.25556, 14.05385, 4.2],"rotation": {"angle": 0,"axis": "y","origin": [7.74421, 14.0047, 7.74444]},"faces": {"north": {"uv": [11.5, 8.5, 11.5, 9.75],"rotation": 270,"texture": "#2"},"east": {"uv": [11.5, 8.5, 10.25, 8.5],"rotation": 180,"texture": "#2"},"south": {"uv": [10.25, 8.5, 10.25, 9.75],"rotation": 90,"texture": "#2"},"west": { "uv": [12.75, 8.5, 11.5, 8.5], "texture": "#2" },"up": {"uv": [11.5, 8.5, 12.75, 9.75],"rotation": 90,"texture": "#2"},"down": {"uv": [12.75, 8.5, 11.5, 9.75],"rotation": 90,"texture": "#2"}}},{"name": "arrow","from": [7.75556, 10.55385, 4],"to": [7.75556, 17.55385, 11],"rotation": {"angle": 0,"axis": "y","origin": [7.74421, 14.0047, 7.74444]},"faces": {"north": {"uv": [12.5, 12.25, 12.5, 14],"rotation": 180,"texture": "#2"},"east": {"uv": [12.5, 12.25, 14.25, 14],"rotation": 180,"texture": "#2"},"south": {"uv": [10.75, 12.25, 10.75, 14],"rotation": 180,"texture": "#2"},"west": {"uv": [14.25, 12.25, 12.5, 14],"rotation": 180,"texture": "#2"},"up": {"uv": [14.25, 12.25, 12.5, 12.25],"rotation": 90,"texture": "#2"},"down": {"uv": [12.5, 12.25, 10.75, 12.25],"rotation": 270,"texture": "#2"}}},{"name": "arrow","from": [4.25556, 14.05385, 4],"to": [11.25556, 14.05385, 11],"rotation": {"angle": 0,"axis": "y","origin": [7.74421, 14.0047, 7.74444]},"faces": {"north": {"uv": [12.5, 12.25, 12.5, 14],"rotation": 90,"texture": "#2"},"east": {"uv": [14.25, 12.25, 12.5, 12.25],"rotation": 180,"texture": "#2"},"south": {"uv": [10.75, 12.25, 10.75, 14],"rotation": 270,"texture": "#2"},"west": { "uv": [12.5, 12.25, 10.75, 12.25], "texture": "#2" },"up": {"uv": [14.25, 12.25, 12.5, 14],"rotation": 270,"texture": "#2"},"down": {"uv": [12.5, 12.25, 14.25, 14],"rotation": 270,"texture": "#2"}}},{"name": "arrow","from": [4.25556, 14.05385, 11],"to": [11.25556, 14.05385, 17],"rotation": {"angle": 0,"axis": "y","origin": [7.74421, 14.0047, 7.74444]},"faces": {"north": {"uv": [14, 9.75, 14, 11.5],"rotation": 90,"texture": "#2"},"east": {"uv": [15.5, 9.75, 14, 9.75],"rotation": 180,"texture": "#2"},"south": {"uv": [12.5, 9.75, 12.5, 11.5],"rotation": 270,"texture": "#2"},"west": { "uv": [14, 9.75, 12.5, 9.75], "texture": "#2" },"up": {"uv": [15.5, 9.75, 14, 11.5],"rotation": 270,"texture": "#2"},"down": {"uv": [14, 9.75, 15.5, 11.5],"rotation": 270,"texture": "#2"}}},{"name": "arrow","from": [5.15342, 11.61154, 11],"to": [10.15342, 16.61154, 11],"rotation": {"angle": -22.5,"axis": "z","origin": [7.65342, 14.11154, 11]},"faces": {"north": {"uv": [8.75, 10, 7.5, 11.25],"rotation": 180,"texture": "#2"},"east": {"uv": [10, 10, 10, 11.25],"rotation": 180,"texture": "#2"},"south": {"uv": [7.5, 10, 8.75, 11.25],"rotation": 180,"texture": "#2"},"west": {"uv": [8.75, 10, 8.75, 11.25],"rotation": 180,"texture": "#2"},"up": {"uv": [8.75, 8.75, 8.75, 10],"rotation": 90,"texture": "#2"},"down": {"uv": [8.75, 10, 8.75, 8.75],"rotation": 270,"texture": "#2"}}}],"display": {"thirdperson_righthand": {"rotation": [10.75, 0, 0],"translation": [-1, -6.75, -0.75],"scale": [0.85, 0.85, 0.85]},"thirdperson_lefthand": {"rotation": [10.75, 0, 0],"translation": [-1, -6.75, -0.75],"scale": [0.85, 0.85, 0.85]},"firstperson_righthand": {"rotation": [18, 18, 0],"translation": [3.75, -0.5, -1.25],"scale": [0.85, 0.85, 0.85]},"firstperson_lefthand": {"rotation": [18, 18, 0],"translation": [3.75, -0.5, -1.25],"scale": [0.85, 0.85, 0.85]},"ground": {"translation": [0, 3, 0],"scale": [0.48, 0.5, 0.5]},"gui": {"rotation": [90, 52, -90],"translation": [-3, -1, 0],"scale": [0.5, 0.5, 0.5]},"head": {"rotation": [-90, 0, -90],"translation": [-6, 10, 0],"scale": [0.85, 0.85, 0.85]},"fixed": {"rotation": [91.46, -44.88, -90.14],"translation": [-1, 4, -1],"scale": [0.55, 0.55, 0.55]}},"groups": [{"name": "main","origin": [-0.2, 13, -1],"color": 0,"nbt": "{}","armAnimationEnabled": false,"children": [0, 1, 2, 3, 4, 5, 6, 7, 8, 9, 10, 11, 12, 13, 14, 15, 16, 17,18, 19, 20, 21, 22, 23, 24, 25, 26, 27, 28, 29, 30, 31, 32, 33,34, 35, 36, 37, 38, 39, 40]},{"name": "arrowm","origin": [8, 8, 8],"color": 0,"nbt": "{}","armAnimationEnabled": false,"children": [41, 42, 43, 44, 45, 46, 47, 48, 49]}]}