{
	"credit": "Made with Blockbench",
	"parent": "create:block/block",
	"texture_size": [32, 32],
	"textures": {
		"0": "minecraft:item/overgrown/gear_axe",
		"particle": "minecraft:item/overgrown/custom/gear_axe"
	},
	"elements": [
		{
			"from": [9.5, 10.5, 7],
			"to": [10.5, 15.5, 9],
			"rotation": {"angle": 0, "axis": "y", "origin": [8.5, 7, 8]},
			"faces": {
				"north": {"uv": [7.5, 0, 8, 2.5], "texture": "#0"},
				"east": {"uv": [3.5, 0, 4.5, 2.5], "texture": "#0"},
				"south": {"uv": [7.5, 2.5, 8, 5], "texture": "#0"},
				"west": {"uv": [0.5, 3.5, 1.5, 6], "texture": "#0"},
				"up": {"uv": [11, 6, 10.5, 5], "texture": "#0"},
				"down": {"uv": [6, 10.5, 5.5, 11.5], "texture": "#0"}
			}
		},
		{
			"from": [5.5, 13.5, 7.25],
			"to": [9.6, 15, 8.75],
			"rotation": {"angle": 0, "axis": "y", "origin": [0.1, -1, 0]},
			"faces": {
				"north": {"uv": [4.5, 0, 6.5, 1], "texture": "#0"},
				"east": {"uv": [6.5, 0, 7.5, 1], "texture": "#0"},
				"south": {"uv": [4.5, 1, 6.5, 2], "texture": "#0"},
				"west": {"uv": [6.5, 1, 7.5, 2], "texture": "#0"},
				"up": {"uv": [5.5, 5.5, 3.5, 4.5], "texture": "#0"},
				"down": {"uv": [3.5, 5.5, 1.5, 6.5], "texture": "#0"}
			}
		},
		{
			"from": [5.5, 11, 7.25],
			"to": [9.5, 12.5, 8.75],
			"faces": {
				"north": {"uv": [5.5, 2, 7.5, 3], "texture": "#0"},
				"east": {"uv": [7.5, 6, 8.5, 7], "texture": "#0"},
				"south": {"uv": [5.5, 3, 7.5, 4], "texture": "#0"},
				"west": {"uv": [7.5, 7, 8.5, 8], "texture": "#0"},
				"up": {"uv": [5.5, 6.5, 3.5, 5.5], "texture": "#0"},
				"down": {"uv": [7.5, 4, 5.5, 5], "texture": "#0"}
			}
		},
		{
			"from": [7.5, 1, 7.5],
			"to": [8.5, 12, 8.5],
			"faces": {
				"north": {"uv": [2, 0, 2.5, 5.5], "texture": "#0"},
				"east": {"uv": [2.5, 0, 3, 5.5], "texture": "#0"},
				"south": {"uv": [3, 0, 3.5, 5.5], "texture": "#0"},
				"west": {"uv": [0, 3.5, 0.5, 9], "texture": "#0"},
				"up": {"uv": [12, 6.5, 11.5, 6], "texture": "#0"},
				"down": {"uv": [12, 6.5, 11.5, 7], "texture": "#0"}
			}
		},
		{
			"from": [7, 0, 7],
			"to": [9, 1, 9],
			"rotation": {"angle": -45, "axis": "y", "origin": [8, 8, 8]},
			"faces": {
				"north": {"uv": [4.5, 2, 5.5, 2.5], "texture": "#0"},
				"east": {"uv": [10.5, 6, 11.5, 6.5], "texture": "#0"},
				"south": {"uv": [10.5, 6.5, 11.5, 7], "texture": "#0"},
				"west": {"uv": [10.5, 7, 11.5, 7.5], "texture": "#0"},
				"up": {"uv": [9, 1, 8, 0], "texture": "#0"},
				"down": {"uv": [9, 1, 8, 2], "texture": "#0"}
			}
		},
		{
			"from": [7, 8, 7],
			"to": [9, 9, 9],
			"rotation": {"angle": -45, "axis": "y", "origin": [8, 8, 8]},
			"faces": {
				"north": {"uv": [7.5, 10.5, 8.5, 11], "texture": "#0"},
				"east": {"uv": [10.5, 7.5, 11.5, 8], "texture": "#0"},
				"south": {"uv": [8.5, 10.5, 9.5, 11], "texture": "#0"},
				"west": {"uv": [9.5, 10.5, 10.5, 11], "texture": "#0"},
				"up": {"uv": [9, 3, 8, 2], "texture": "#0"},
				"down": {"uv": [9, 3, 8, 4], "texture": "#0"}
			}
		},
		{
			"from": [7.5, 9, 6],
			"to": [8.5, 10, 10],
			"rotation": {"angle": -45, "axis": "y", "origin": [8, 8.5, 8]},
			"faces": {
				"north": {"uv": [11.5, 7, 12, 7.5], "texture": "#0"},
				"east": {"uv": [8, 4, 10, 4.5], "texture": "#0"},
				"south": {"uv": [7.5, 11.5, 8, 12], "texture": "#0"},
				"west": {"uv": [8, 4.5, 10, 5], "texture": "#0"},
				"up": {"uv": [2, 5.5, 1.5, 3.5], "texture": "#0"},
				"down": {"uv": [7, 8, 6.5, 10], "texture": "#0"}
			}
		},
		{
			"from": [7.5, 9, 6],
			"to": [8.5, 10, 10],
			"rotation": {"angle": 0, "axis": "y", "origin": [8, 8.5, 8]},
			"faces": {
				"north": {"uv": [11.5, 7.5, 12, 8], "texture": "#0"},
				"east": {"uv": [7, 8, 9, 8.5], "texture": "#0"},
				"south": {"uv": [8, 11.5, 8.5, 12], "texture": "#0"},
				"west": {"uv": [8.5, 6, 10.5, 6.5], "texture": "#0"},
				"up": {"uv": [6, 10.5, 5.5, 8.5], "texture": "#0"},
				"down": {"uv": [6.5, 8.5, 6, 10.5], "texture": "#0"}
			}
		},
		{
			"from": [7.5, 9, 6],
			"to": [8.5, 10, 10],
			"rotation": {"angle": 45, "axis": "y", "origin": [8, 8.5, 8]},
			"faces": {
				"north": {"uv": [11.5, 8, 12, 8.5], "texture": "#0"},
				"east": {"uv": [8.5, 6.5, 10.5, 7], "texture": "#0"},
				"south": {"uv": [11.5, 8.5, 12, 9], "texture": "#0"},
				"west": {"uv": [7, 8.5, 9, 9], "texture": "#0"},
				"up": {"uv": [0.5, 11, 0, 9], "texture": "#0"},
				"down": {"uv": [9.5, 0, 9, 2], "texture": "#0"}
			}
		},
		{
			"from": [6, 9, 7.5],
			"to": [10, 10, 8.5],
			"rotation": {"angle": 0, "axis": "y", "origin": [8, 8.5, 8]},
			"faces": {
				"north": {"uv": [8.5, 7, 10.5, 7.5], "texture": "#0"},
				"east": {"uv": [11.5, 9, 12, 9.5], "texture": "#0"},
				"south": {"uv": [8.5, 7.5, 10.5, 8], "texture": "#0"},
				"west": {"uv": [9.5, 11.5, 10, 12], "texture": "#0"},
				"up": {"uv": [11, 2.5, 9, 2], "texture": "#0"},
				"down": {"uv": [11, 2.5, 9, 3], "texture": "#0"}
			}
		},
		{
			"from": [5.75, 12, 7.5],
			"to": [9.5, 14, 8.5],
			"rotation": {"angle": 0, "axis": "y", "origin": [10, 16.5, 7.5]},
			"faces": {
				"north": {"uv": [3.5, 2.5, 5.5, 3.5], "texture": "#0"},
				"east": {"uv": [0.5, 10.5, 1, 11.5], "texture": "#0"},
				"south": {"uv": [3.5, 3.5, 5.5, 4.5], "texture": "#0"},
				"west": {"uv": [1, 10.5, 1.5, 11.5], "texture": "#0"},
				"up": {"uv": [9.5, 5.5, 7.5, 5], "texture": "#0"},
				"down": {"uv": [9.5, 5.5, 7.5, 6], "texture": "#0"}
			}
		},
		{
			"from": [10.25, 9.45, 7.5],
			"to": [11.75, 15.95, 8.5],
			"rotation": {"angle": 0, "axis": "y", "origin": [8, 6.75, 8]},
			"faces": {
				"north": {"uv": [0, 0, 1, 3.5], "texture": "#0"},
				"east": {"uv": [5.5, 5, 6, 8.5], "texture": "#0"},
				"south": {"uv": [1, 0, 2, 3.5], "texture": "#0"},
				"west": {"uv": [0.5, 6, 1, 9.5], "texture": "#0"},
				"up": {"uv": [11.5, 10.5, 10.5, 10], "texture": "#0"},
				"down": {"uv": [11.5, 10.5, 10.5, 11], "texture": "#0"}
			}
		},
		{
			"from": [7.6, 5.4, 8.5],
			"to": [10.1, 5.8, 8.7],
			"rotation": {"angle": 0, "axis": "y", "origin": [-9.4, -16.7, -7.1]},
			"faces": {
				"north": {"uv": [7.5, 10, 9, 10.5], "texture": "#0"},
				"east": {"uv": [11.5, 9.5, 12, 10], "texture": "#0"},
				"south": {"uv": [10, 8, 11.5, 8.5], "texture": "#0"},
				"west": {"uv": [10, 11.5, 10.5, 12], "texture": "#0"},
				"up": {"uv": [11.5, 9, 10, 8.5], "texture": "#0"},
				"down": {"uv": [10.5, 10, 9, 10.5], "texture": "#0"}
			}
		},
		{
			"from": [9.95, 3.8, 8.5],
			"to": [10.35, 9.5, 8.7],
			"rotation": {"angle": -22.5, "axis": "z", "origin": [11.6, 5.7, 8.9]},
			"faces": {
				"north": {"uv": [2.5, 6.5, 3, 9.5], "texture": "#0"},
				"east": {"uv": [3, 6.5, 3.5, 9.5], "texture": "#0"},
				"south": {"uv": [3.5, 6.5, 4, 9.5], "texture": "#0"},
				"west": {"uv": [4, 6.5, 4.5, 9.5], "texture": "#0"},
				"up": {"uv": [12, 10.5, 11.5, 10], "texture": "#0"},
				"down": {"uv": [11, 11.5, 10.5, 12], "texture": "#0"}
			}
		},
		{
			"from": [7.6, 5.4, 7.9],
			"to": [10.1, 5.8, 8.1],
			"rotation": {"angle": 0, "axis": "y", "origin": [-9.4, -16.7, -7.7]},
			"faces": {
				"north": {"uv": [10, 9, 11.5, 9.5], "texture": "#0"},
				"east": {"uv": [11.5, 10.5, 12, 11], "texture": "#0"},
				"south": {"uv": [10, 9.5, 11.5, 10], "texture": "#0"},
				"west": {"uv": [11, 11.5, 11.5, 12], "texture": "#0"},
				"up": {"uv": [12, 0.5, 10.5, 0], "texture": "#0"},
				"down": {"uv": [12, 0.5, 10.5, 1], "texture": "#0"}
			}
		},
		{
			"from": [9.95, 3.4, 7.9],
			"to": [10.35, 9.9, 8.1],
			"rotation": {"angle": -22.5, "axis": "z", "origin": [11.6, 5.7, 8.3]},
			"faces": {
				"north": {"uv": [1, 6, 1.5, 9.5], "texture": "#0"},
				"east": {"uv": [6, 5, 6.5, 8.5], "texture": "#0"},
				"south": {"uv": [1.5, 6.5, 2, 10], "texture": "#0"},
				"west": {"uv": [2, 6.5, 2.5, 10], "texture": "#0"},
				"up": {"uv": [12, 11.5, 11.5, 11], "texture": "#0"},
				"down": {"uv": [12, 11.5, 11.5, 12], "texture": "#0"}
			}
		},
		{
			"from": [7.6, 5.4, 7.3],
			"to": [10.1, 5.8, 7.5],
			"rotation": {"angle": 0, "axis": "y", "origin": [-9.4, -16.7, -8.3]},
			"faces": {
				"north": {"uv": [10.5, 1, 12, 1.5], "texture": "#0"},
				"east": {"uv": [0, 12, 0.5, 12.5], "texture": "#0"},
				"south": {"uv": [10.5, 1.5, 12, 2], "texture": "#0"},
				"west": {"uv": [12, 0, 12.5, 0.5], "texture": "#0"},
				"up": {"uv": [4, 11, 2.5, 10.5], "texture": "#0"},
				"down": {"uv": [5.5, 10.5, 4, 11], "texture": "#0"}
			}
		},
		{
			"from": [9.95, 3.8, 7.3],
			"to": [10.35, 9.5, 7.5],
			"rotation": {"angle": -22.5, "axis": "z", "origin": [11.6, 5.7, 7.7]},
			"faces": {
				"north": {"uv": [4.5, 6.5, 5, 9.5], "texture": "#0"},
				"east": {"uv": [5, 6.5, 5.5, 9.5], "texture": "#0"},
				"south": {"uv": [6.5, 5, 7, 8], "texture": "#0"},
				"west": {"uv": [7, 5, 7.5, 8], "texture": "#0"},
				"up": {"uv": [12.5, 1, 12, 0.5], "texture": "#0"},
				"down": {"uv": [12.5, 1, 12, 1.5], "texture": "#0"}
			}
		},
		{
			"from": [9.3, 13.3, 7.9],
			"to": [11.3, 15.3, 8.1],
			"rotation": {"angle": -45, "axis": "z", "origin": [11.8, 12.7, 7.9]},
			"faces": {
				"north": {"uv": [9, 3, 10, 4], "texture": "#0"},
				"east": {"uv": [6, 10.5, 6.5, 11.5], "texture": "#0"},
				"south": {"uv": [7, 9, 8, 10], "texture": "#0"},
				"west": {"uv": [0, 11, 0.5, 12], "texture": "#0"},
				"up": {"uv": [2.5, 11.5, 1.5, 11], "texture": "#0"},
				"down": {"uv": [12, 2, 11, 2.5], "texture": "#0"}
			}
		},
		{
			"from": [12.4, 13.2, 7.9],
			"to": [14.4, 15.2, 8.1],
			"rotation": {"angle": 22.5, "axis": "z", "origin": [11.8, 12.7, 7.9]},
			"faces": {
				"north": {"uv": [8, 9, 9, 10], "texture": "#0"},
				"east": {"uv": [2.5, 11, 3, 12], "texture": "#0"},
				"south": {"uv": [9, 8, 10, 9], "texture": "#0"},
				"west": {"uv": [11, 2.5, 11.5, 3.5], "texture": "#0"},
				"up": {"uv": [4, 11.5, 3, 11], "texture": "#0"},
				"down": {"uv": [12, 3.5, 11, 4], "texture": "#0"}
			}
		},
		{
			"from": [12.4, 13.2, 7.9],
			"to": [14.4, 15.2, 8.1],
			"rotation": {"angle": 0, "axis": "y", "origin": [11.8, 12.7, 7.9]},
			"faces": {
				"north": {"uv": [9, 9, 10, 10], "texture": "#0"},
				"east": {"uv": [4, 11, 4.5, 12], "texture": "#0"},
				"south": {"uv": [9.5, 0, 10.5, 1], "texture": "#0"},
				"west": {"uv": [11, 4, 11.5, 5], "texture": "#0"},
				"up": {"uv": [5.5, 11.5, 4.5, 11], "texture": "#0"},
				"down": {"uv": [12, 5, 11, 5.5], "texture": "#0"}
			}
		},
		{
			"from": [12.4, 13.2, 7.9],
			"to": [14.4, 15.2, 8.1],
			"rotation": {"angle": -22.5, "axis": "z", "origin": [11.8, 12.7, 7.9]},
			"faces": {
				"north": {"uv": [0.5, 9.5, 1.5, 10.5], "texture": "#0"},
				"east": {"uv": [6.5, 11, 7, 12], "texture": "#0"},
				"south": {"uv": [9.5, 1, 10.5, 2], "texture": "#0"},
				"west": {"uv": [7, 11, 7.5, 12], "texture": "#0"},
				"up": {"uv": [12, 6, 11, 5.5], "texture": "#0"},
				"down": {"uv": [8.5, 11, 7.5, 11.5], "texture": "#0"}
			}
		},
		{
			"from": [12.4, 13.2, 7.9],
			"to": [14.4, 15.2, 8.1],
			"rotation": {"angle": -45, "axis": "z", "origin": [11.8, 12.7, 7.9]},
			"faces": {
				"north": {"uv": [2.5, 9.5, 3.5, 10.5], "texture": "#0"},
				"east": {"uv": [8.5, 11, 9, 12], "texture": "#0"},
				"south": {"uv": [3.5, 9.5, 4.5, 10.5], "texture": "#0"},
				"west": {"uv": [9, 11, 9.5, 12], "texture": "#0"},
				"up": {"uv": [10.5, 11.5, 9.5, 11], "texture": "#0"},
				"down": {"uv": [11.5, 11, 10.5, 11.5], "texture": "#0"}
			}
		},
		{
			"from": [12.3, 10.1, 7.9],
			"to": [14.3, 12.1, 8.1],
			"rotation": {"angle": 22.5, "axis": "z", "origin": [11.8, 12.7, 7.9]},
			"faces": {
				"north": {"uv": [4.5, 9.5, 5.5, 10.5], "texture": "#0"},
				"east": {"uv": [0.5, 11.5, 1, 12.5], "texture": "#0"},
				"south": {"uv": [9.5, 5, 10.5, 6], "texture": "#0"},
				"west": {"uv": [1, 11.5, 1.5, 12.5], "texture": "#0"},
				"up": {"uv": [2.5, 12, 1.5, 11.5], "texture": "#0"},
				"down": {"uv": [12.5, 2.5, 11.5, 3], "texture": "#0"}
			}
		},
		{
			"from": [12.3, 10.1, 7.9],
			"to": [14.3, 12.1, 8.1],
			"rotation": {"angle": 0, "axis": "y", "origin": [11.8, 12.7, 7.9]},
			"faces": {
				"north": {"uv": [1.5, 10, 2.5, 11], "texture": "#0"},
				"east": {"uv": [3, 11.5, 3.5, 12.5], "texture": "#0"},
				"south": {"uv": [10, 3, 11, 4], "texture": "#0"},
				"west": {"uv": [3.5, 11.5, 4, 12.5], "texture": "#0"},
				"up": {"uv": [12.5, 3.5, 11.5, 3], "texture": "#0"},
				"down": {"uv": [12.5, 4, 11.5, 4.5], "texture": "#0"}
			}
		},
		{
			"from": [12.3, 10.1, 7.9],
			"to": [14.3, 12.1, 8.1],
			"rotation": {"angle": -22.5, "axis": "z", "origin": [11.8, 12.7, 7.9]},
			"faces": {
				"north": {"uv": [10, 4, 11, 5], "texture": "#0"},
				"east": {"uv": [4.5, 11.5, 5, 12.5], "texture": "#0"},
				"south": {"uv": [6.5, 10, 7.5, 11], "texture": "#0"},
				"west": {"uv": [5, 11.5, 5.5, 12.5], "texture": "#0"},
				"up": {"uv": [12.5, 5, 11.5, 4.5], "texture": "#0"},
				"down": {"uv": [6.5, 11.5, 5.5, 12], "texture": "#0"}
			}
		},
		{
			"from": [9.8, 13.6, 8.1],
			"to": [10.8, 14.6, 8.3],
			"rotation": {"angle": -45, "axis": "z", "origin": [11.8, 12.5, 8.1]},
			"faces": {
				"north": {"uv": [4, 12, 4.5, 12.5], "texture": "#0"},
				"east": {"uv": [12, 5, 12.5, 5.5], "texture": "#0"},
				"south": {"uv": [5.5, 12, 6, 12.5], "texture": "#0"},
				"west": {"uv": [12, 5.5, 12.5, 6], "texture": "#0"},
				"up": {"uv": [6.5, 12.5, 6, 12], "texture": "#0"},
				"down": {"uv": [12.5, 6, 12, 6.5], "texture": "#0"}
			}
		},
		{
			"from": [12.9, 13.5, 8.1],
			"to": [13.9, 14.5, 8.3],
			"rotation": {"angle": 22.5, "axis": "z", "origin": [11.8, 12.5, 8.1]},
			"faces": {
				"north": {"uv": [6.5, 12, 7, 12.5], "texture": "#0"},
				"east": {"uv": [12, 6.5, 12.5, 7], "texture": "#0"},
				"south": {"uv": [7, 12, 7.5, 12.5], "texture": "#0"},
				"west": {"uv": [12, 7, 12.5, 7.5], "texture": "#0"},
				"up": {"uv": [8, 12.5, 7.5, 12], "texture": "#0"},
				"down": {"uv": [12.5, 7.5, 12, 8], "texture": "#0"}
			}
		},
		{
			"from": [12.9, 13.5, 8.1],
			"to": [13.9, 14.5, 8.3],
			"rotation": {"angle": 0, "axis": "y", "origin": [11.8, 12.5, 8.1]},
			"faces": {
				"north": {"uv": [8, 12, 8.5, 12.5], "texture": "#0"},
				"east": {"uv": [12, 8, 12.5, 8.5], "texture": "#0"},
				"south": {"uv": [8.5, 12, 9, 12.5], "texture": "#0"},
				"west": {"uv": [12, 8.5, 12.5, 9], "texture": "#0"},
				"up": {"uv": [9.5, 12.5, 9, 12], "texture": "#0"},
				"down": {"uv": [12.5, 9, 12, 9.5], "texture": "#0"}
			}
		},
		{
			"from": [12.9, 13.5, 8.1],
			"to": [13.9, 14.5, 8.3],
			"rotation": {"angle": -22.5, "axis": "z", "origin": [11.8, 12.5, 8.1]},
			"faces": {
				"north": {"uv": [9.5, 12, 10, 12.5], "texture": "#0"},
				"east": {"uv": [12, 9.5, 12.5, 10], "texture": "#0"},
				"south": {"uv": [10, 12, 10.5, 12.5], "texture": "#0"},
				"west": {"uv": [12, 10, 12.5, 10.5], "texture": "#0"},
				"up": {"uv": [11, 12.5, 10.5, 12], "texture": "#0"},
				"down": {"uv": [12.5, 10.5, 12, 11], "texture": "#0"}
			}
		},
		{
			"from": [12.9, 13.5, 8.1],
			"to": [13.9, 14.5, 8.3],
			"rotation": {"angle": -45, "axis": "z", "origin": [11.8, 12.5, 8.1]},
			"faces": {
				"north": {"uv": [11, 12, 11.5, 12.5], "texture": "#0"},
				"east": {"uv": [12, 11, 12.5, 11.5], "texture": "#0"},
				"south": {"uv": [11.5, 12, 12, 12.5], "texture": "#0"},
				"west": {"uv": [12, 11.5, 12.5, 12], "texture": "#0"},
				"up": {"uv": [12.5, 12.5, 12, 12], "texture": "#0"},
				"down": {"uv": [0.5, 12.5, 0, 13], "texture": "#0"}
			}
		},
		{
			"from": [12.8, 10.4, 8.1],
			"to": [13.8, 11.4, 8.3],
			"rotation": {"angle": 22.5, "axis": "z", "origin": [11.8, 12.5, 8.1]},
			"faces": {
				"north": {"uv": [12.5, 0, 13, 0.5], "texture": "#0"},
				"east": {"uv": [0.5, 12.5, 1, 13], "texture": "#0"},
				"south": {"uv": [12.5, 0.5, 13, 1], "texture": "#0"},
				"west": {"uv": [1, 12.5, 1.5, 13], "texture": "#0"},
				"up": {"uv": [13, 1.5, 12.5, 1], "texture": "#0"},
				"down": {"uv": [2, 12.5, 1.5, 13], "texture": "#0"}
			}
		},
		{
			"from": [12.8, 10.4, 8.1],
			"to": [13.8, 11.4, 8.3],
			"rotation": {"angle": 0, "axis": "y", "origin": [11.8, 12.5, 8.1]},
			"faces": {
				"north": {"uv": [12.5, 1.5, 13, 2], "texture": "#0"},
				"east": {"uv": [2, 12.5, 2.5, 13], "texture": "#0"},
				"south": {"uv": [12.5, 2, 13, 2.5], "texture": "#0"},
				"west": {"uv": [2.5, 12.5, 3, 13], "texture": "#0"},
				"up": {"uv": [13, 3, 12.5, 2.5], "texture": "#0"},
				"down": {"uv": [3.5, 12.5, 3, 13], "texture": "#0"}
			}
		},
		{
			"from": [12.8, 10.4, 8.1],
			"to": [13.8, 11.4, 8.3],
			"rotation": {"angle": -22.5, "axis": "z", "origin": [11.8, 12.5, 8.1]},
			"faces": {
				"north": {"uv": [12.5, 3, 13, 3.5], "texture": "#0"},
				"east": {"uv": [3.5, 12.5, 4, 13], "texture": "#0"},
				"south": {"uv": [12.5, 3.5, 13, 4], "texture": "#0"},
				"west": {"uv": [4, 12.5, 4.5, 13], "texture": "#0"},
				"up": {"uv": [13, 4.5, 12.5, 4], "texture": "#0"},
				"down": {"uv": [5, 12.5, 4.5, 13], "texture": "#0"}
			}
		},
		{
			"from": [12.8, 10.4, 8.1],
			"to": [13.8, 11.4, 8.3],
			"rotation": {"angle": -45, "axis": "z", "origin": [11.8, 12.5, 8.1]},
			"faces": {
				"north": {"uv": [12.5, 4.5, 13, 5], "texture": "#0"},
				"east": {"uv": [5, 12.5, 5.5, 13], "texture": "#0"},
				"south": {"uv": [12.5, 5, 13, 5.5], "texture": "#0"},
				"west": {"uv": [5.5, 12.5, 6, 13], "texture": "#0"},
				"up": {"uv": [13, 6, 12.5, 5.5], "texture": "#0"},
				"down": {"uv": [6.5, 12.5, 6, 13], "texture": "#0"}
			}
		},
		{
			"from": [9.8, 13.6, 7.7],
			"to": [10.8, 14.6, 7.9],
			"rotation": {"angle": -45, "axis": "z", "origin": [11.8, 12.5, 7.7]},
			"faces": {
				"north": {"uv": [12.5, 9, 13, 9.5], "texture": "#0"},
				"east": {"uv": [9.5, 12.5, 10, 13], "texture": "#0"},
				"south": {"uv": [12.5, 9.5, 13, 10], "texture": "#0"},
				"west": {"uv": [10, 12.5, 10.5, 13], "texture": "#0"},
				"up": {"uv": [13, 10.5, 12.5, 10], "texture": "#0"},
				"down": {"uv": [11, 12.5, 10.5, 13], "texture": "#0"}
			}
		},
		{
			"from": [12.9, 13.5, 7.7],
			"to": [13.9, 14.5, 7.9],
			"rotation": {"angle": 22.5, "axis": "z", "origin": [11.8, 12.5, 7.7]},
			"faces": {
				"north": {"uv": [12.5, 10.5, 13, 11], "texture": "#0"},
				"east": {"uv": [11, 12.5, 11.5, 13], "texture": "#0"},
				"south": {"uv": [12.5, 11, 13, 11.5], "texture": "#0"},
				"west": {"uv": [11.5, 12.5, 12, 13], "texture": "#0"},
				"up": {"uv": [13, 12, 12.5, 11.5], "texture": "#0"},
				"down": {"uv": [12.5, 12.5, 12, 13], "texture": "#0"}
			}
		},
		{
			"from": [12.9, 13.5, 7.7],
			"to": [13.9, 14.5, 7.9],
			"rotation": {"angle": 0, "axis": "y", "origin": [11.8, 12.5, 7.7]},
			"faces": {
				"north": {"uv": [12.5, 12, 13, 12.5], "texture": "#0"},
				"east": {"uv": [12.5, 12.5, 13, 13], "texture": "#0"},
				"south": {"uv": [0, 13, 0.5, 13.5], "texture": "#0"},
				"west": {"uv": [13, 0, 13.5, 0.5], "texture": "#0"},
				"up": {"uv": [1, 13.5, 0.5, 13], "texture": "#0"},
				"down": {"uv": [13.5, 0.5, 13, 1], "texture": "#0"}
			}
		},
		{
			"from": [12.9, 13.5, 7.7],
			"to": [13.9, 14.5, 7.9],
			"rotation": {"angle": -22.5, "axis": "z", "origin": [11.8, 12.5, 7.7]},
			"faces": {
				"north": {"uv": [1, 13, 1.5, 13.5], "texture": "#0"},
				"east": {"uv": [13, 1, 13.5, 1.5], "texture": "#0"},
				"south": {"uv": [1.5, 13, 2, 13.5], "texture": "#0"},
				"west": {"uv": [13, 1.5, 13.5, 2], "texture": "#0"},
				"up": {"uv": [2.5, 13.5, 2, 13], "texture": "#0"},
				"down": {"uv": [13.5, 2, 13, 2.5], "texture": "#0"}
			}
		},
		{
			"from": [12.9, 13.5, 7.7],
			"to": [13.9, 14.5, 7.9],
			"rotation": {"angle": -45, "axis": "z", "origin": [11.8, 12.5, 7.7]},
			"faces": {
				"north": {"uv": [2.5, 13, 3, 13.5], "texture": "#0"},
				"east": {"uv": [13, 2.5, 13.5, 3], "texture": "#0"},
				"south": {"uv": [3, 13, 3.5, 13.5], "texture": "#0"},
				"west": {"uv": [13, 3, 13.5, 3.5], "texture": "#0"},
				"up": {"uv": [4, 13.5, 3.5, 13], "texture": "#0"},
				"down": {"uv": [13.5, 3.5, 13, 4], "texture": "#0"}
			}
		},
		{
			"from": [12.8, 10.4, 7.7],
			"to": [13.8, 11.4, 7.9],
			"rotation": {"angle": 22.5, "axis": "z", "origin": [11.8, 12.5, 7.7]},
			"faces": {
				"north": {"uv": [4, 13, 4.5, 13.5], "texture": "#0"},
				"east": {"uv": [13, 4, 13.5, 4.5], "texture": "#0"},
				"south": {"uv": [4.5, 13, 5, 13.5], "texture": "#0"},
				"west": {"uv": [13, 4.5, 13.5, 5], "texture": "#0"},
				"up": {"uv": [5.5, 13.5, 5, 13], "texture": "#0"},
				"down": {"uv": [13.5, 5, 13, 5.5], "texture": "#0"}
			}
		},
		{
			"from": [12.8, 10.4, 7.7],
			"to": [13.8, 11.4, 7.9],
			"rotation": {"angle": 0, "axis": "y", "origin": [11.8, 12.5, 7.7]},
			"faces": {
				"north": {"uv": [5.5, 13, 6, 13.5], "texture": "#0"},
				"east": {"uv": [13, 5.5, 13.5, 6], "texture": "#0"},
				"south": {"uv": [6, 13, 6.5, 13.5], "texture": "#0"},
				"west": {"uv": [13, 6, 13.5, 6.5], "texture": "#0"},
				"up": {"uv": [7, 13.5, 6.5, 13], "texture": "#0"},
				"down": {"uv": [13.5, 6.5, 13, 7], "texture": "#0"}
			}
		},
		{
			"from": [12.8, 10.4, 7.7],
			"to": [13.8, 11.4, 7.9],
			"rotation": {"angle": -22.5, "axis": "z", "origin": [11.8, 12.5, 7.7]},
			"faces": {
				"north": {"uv": [7, 13, 7.5, 13.5], "texture": "#0"},
				"east": {"uv": [13, 7, 13.5, 7.5], "texture": "#0"},
				"south": {"uv": [7.5, 13, 8, 13.5], "texture": "#0"},
				"west": {"uv": [13, 7.5, 13.5, 8], "texture": "#0"},
				"up": {"uv": [8.5, 13.5, 8, 13], "texture": "#0"},
				"down": {"uv": [13.5, 8, 13, 8.5], "texture": "#0"}
			}
		},
		{
			"from": [12.8, 10.4, 7.7],
			"to": [13.8, 11.4, 7.9],
			"rotation": {"angle": -45, "axis": "z", "origin": [11.8, 12.5, 7.7]},
			"faces": {
				"north": {"uv": [8.5, 13, 9, 13.5], "texture": "#0"},
				"east": {"uv": [13, 8.5, 13.5, 9], "texture": "#0"},
				"south": {"uv": [9, 13, 9.5, 13.5], "texture": "#0"},
				"west": {"uv": [13, 9, 13.5, 9.5], "texture": "#0"},
				"up": {"uv": [10, 13.5, 9.5, 13], "texture": "#0"},
				"down": {"uv": [13.5, 9.5, 13, 10], "texture": "#0"}
			}
		}
	],
	"display": {
		"thirdperson_righthand": {
			"rotation": [0, 90, 0],
			"translation": [0, 2.5, 1.5]
		},
		"thirdperson_lefthand": {
			"rotation": [0, -90, 0],
			"translation": [0, 2.5, 1.5]
		},
		"firstperson_righthand": {
			"rotation": [0, 90, 0],
			"translation": [0, 2.5, 1.5]
		},
		"firstperson_lefthand": {
			"rotation": [0, -90, 0],
			"translation": [0, 2.5, 1.5]
		},
		"ground": {
			"rotation": [90, 0, 0]
		},
		"gui": {
			"rotation": [21, -157, 46],
			"translation": [0, -1.25, 0]
		},
		"head": {
			"rotation": [0, 0, -116],
			"translation": [-6.75, 14, 0]
		},
		"fixed": {
			"translation": [-0.75, 0, -2]
		}
	}
}