{
	"credit": "Made with Blockbench",
	"texture_size": [32, 32],
	"textures": {
		"0": "minecraft:item/overgrown/polymath_wrench",
		"particle": "minecraft:item/overgrown//polymath_wrench"
	},
	"elements": [
		{
			"name": "top",
			"from": [6.4, 15, 7],
			"to": [10.4, 16, 9],
			"rotation": {"angle": 0, "axis": "y", "origin": [9, 11, 8]},
			"faces": {
				"north": {"uv": [5.5, 3, 7.5, 3.5], "texture": "#0"},
				"east": {"uv": [5, 7, 6, 7.5], "texture": "#0"},
				"south": {"uv": [5.5, 3.5, 7.5, 4], "texture": "#0"},
				"west": {"uv": [6, 7, 7, 7.5], "texture": "#0"},
				"up": {"uv": [2, 3, 0, 2], "texture": "#0"},
				"down": {"uv": [4, 0, 2, 1], "texture": "#0"}
			}
		},
		{
			"name": "top_grip",
			"from": [8, 14, 7],
			"to": [11, 15, 9],
			"rotation": {"angle": 0, "axis": "y", "origin": [8.5, 11, 7]},
			"faces": {
				"north": {"uv": [6, 5.5, 7.5, 6], "texture": "#0"},
				"east": {"uv": [0, 7.5, 1, 8], "texture": "#0"},
				"south": {"uv": [6, 6, 7.5, 6.5], "texture": "#0"},
				"west": {"uv": [7.5, 0, 8.5, 0.5], "texture": "#0"},
				"up": {"uv": [5.5, 3, 4, 2], "texture": "#0"},
				"down": {"uv": [5.5, 3, 4, 4], "texture": "#0"}
			}
		},
		{
			"name": "bottom_grip",
			"from": [8, 12, 7],
			"to": [11, 13, 9],
			"rotation": {"angle": 0, "axis": "y", "origin": [8.5, 11, 7]},
			"faces": {
				"north": {"uv": [6, 4.5, 7.5, 5], "texture": "#0"},
				"east": {"uv": [7, 6.5, 8, 7], "texture": "#0"},
				"south": {"uv": [6, 5, 7.5, 5.5], "texture": "#0"},
				"west": {"uv": [7, 7, 8, 7.5], "texture": "#0"},
				"up": {"uv": [5.5, 1, 4, 0], "texture": "#0"},
				"down": {"uv": [5.5, 1, 4, 2], "texture": "#0"}
			}
		},
		{
			"name": "top_gear_handle",
			"from": [6.4, 14.1, 7],
			"to": [8.4, 15, 9],
			"rotation": {"angle": 45, "axis": "y", "origin": [7.4, 10.5, 8]},
			"faces": {
				"north": {"uv": [2, 7, 3, 7.5], "texture": "#0"},
				"east": {"uv": [3, 7, 4, 7.5], "texture": "#0"},
				"south": {"uv": [4, 7, 5, 7.5], "texture": "#0"},
				"west": {"uv": [7, 4, 8, 4.5], "texture": "#0"},
				"up": {"uv": [6.5, 3, 5.5, 2], "texture": "#0"},
				"down": {"uv": [4, 5.5, 3, 6.5], "texture": "#0"}
			}
		},
		{
			"name": "gear_handle_middle",
			"from": [6.9, 11, 7.5],
			"to": [7.9, 14.1, 8.5],
			"rotation": {"angle": 45, "axis": "y", "origin": [7.4, 10.5, 8]},
			"faces": {
				"north": {"uv": [4, 5.5, 4.5, 7], "texture": "#0"},
				"east": {"uv": [4.5, 5.5, 5, 7], "texture": "#0"},
				"south": {"uv": [5, 5.5, 5.5, 7], "texture": "#0"},
				"west": {"uv": [5.5, 5.5, 6, 7], "texture": "#0"},
				"up": {"uv": [8, 1.5, 7.5, 1], "texture": "#0"},
				"down": {"uv": [2, 7.5, 1.5, 8], "texture": "#0"}
			}
		},
		{
			"name": "bottom_gear_handle",
			"from": [6.4, 10, 7],
			"to": [8.4, 11, 9],
			"rotation": {"angle": 45, "axis": "y", "origin": [7.4, 10.5, 8]},
			"faces": {
				"north": {"uv": [3, 6.5, 4, 7], "texture": "#0"},
				"east": {"uv": [6, 6.5, 7, 7], "texture": "#0"},
				"south": {"uv": [0, 7, 1, 7.5], "texture": "#0"},
				"west": {"uv": [1, 7, 2, 7.5], "texture": "#0"},
				"up": {"uv": [6.5, 2, 5.5, 1], "texture": "#0"},
				"down": {"uv": [3, 5.5, 2, 6.5], "texture": "#0"}
			}
		},
		{
			"name": "axle",
			"from": [8.35355, 5, 7.14645],
			"to": [9.35355, 12, 8.14645],
			"rotation": {"angle": -45, "axis": "y", "origin": [8.5, 11, 8]},
			"faces": {
				"north": {"uv": [1, 3, 1.5, 6.5], "texture": "#0"},
				"east": {"uv": [3, 1, 3.5, 4.5], "texture": "#0"},
				"south": {"uv": [1.5, 3, 2, 6.5], "texture": "#0"},
				"west": {"uv": [3.5, 1, 4, 4.5], "texture": "#0"},
				"up": {"uv": [8, 2, 7.5, 1.5], "texture": "#0"},
				"down": {"uv": [2.5, 7.5, 2, 8], "texture": "#0"}
			}
		},
		{
			"name": "wood_handle_top",
			"from": [6.4, 9, 7],
			"to": [8.4, 10, 9],
			"rotation": {"angle": 0, "axis": "y", "origin": [9, 11, 8]},
			"faces": {
				"north": {"uv": [6.5, 1.5, 7.5, 2], "texture": "#0"},
				"east": {"uv": [2, 6.5, 3, 7], "texture": "#0"},
				"south": {"uv": [6.5, 2, 7.5, 2.5], "texture": "#0"},
				"west": {"uv": [6.5, 2.5, 7.5, 3], "texture": "#0"},
				"up": {"uv": [6, 5.5, 5, 4.5], "texture": "#0"},
				"down": {"uv": [6.5, 0, 5.5, 1], "texture": "#0"}
			}
		},
		{
			"name": "wood_handle_middle",
			"from": [6.4, 8, 7],
			"to": [10.4, 9, 9],
			"rotation": {"angle": 0, "axis": "y", "origin": [9, 11, 8]},
			"faces": {
				"north": {"uv": [3, 5, 5, 5.5], "texture": "#0"},
				"east": {"uv": [1, 6.5, 2, 7], "texture": "#0"},
				"south": {"uv": [5, 4, 7, 4.5], "texture": "#0"},
				"west": {"uv": [6.5, 1, 7.5, 1.5], "texture": "#0"},
				"up": {"uv": [2, 1, 0, 0], "texture": "#0"},
				"down": {"uv": [2, 1, 0, 2], "texture": "#0"}
			}
		},
		{
			"name": "wood_handle_bottom_connector",
			"from": [7.5, 7, 7],
			"to": [9.5, 8, 9],
			"rotation": {"angle": 45, "axis": "y", "origin": [8.5, 11, 8]},
			"faces": {
				"north": {"uv": [3, 4.5, 4, 5], "texture": "#0"},
				"east": {"uv": [0, 6.5, 1, 7], "texture": "#0"},
				"south": {"uv": [6.5, 0, 7.5, 0.5], "texture": "#0"},
				"west": {"uv": [6.5, 0.5, 7.5, 1], "texture": "#0"},
				"up": {"uv": [5, 5, 4, 4], "texture": "#0"},
				"down": {"uv": [3, 4.5, 2, 5.5], "texture": "#0"}
			}
		},
		{
			"name": "wood_handle",
			"from": [7.6, 0, 7.5],
			"to": [8.6, 7, 8.5],
			"rotation": {"angle": 0, "axis": "y", "origin": [8.5, 11, 8]},
			"faces": {
				"north": {"uv": [2, 1, 2.5, 4.5], "texture": "#0"},
				"east": {"uv": [2.5, 1, 3, 4.5], "texture": "#0"},
				"south": {"uv": [0, 3, 0.5, 6.5], "texture": "#0"},
				"west": {"uv": [0.5, 3, 1, 6.5], "texture": "#0"},
				"up": {"uv": [8, 1, 7.5, 0.5], "texture": "#0"},
				"down": {"uv": [1.5, 7.5, 1, 8], "texture": "#0"}
			}
		}
	],
	"display": {
		"thirdperson_righthand": {
			"rotation": [0, 90, 0],
			"translation": [0, 3.25, 1.25]
		},
		"thirdperson_lefthand": {
			"rotation": [0, -90, 0],
			"translation": [0, 3.25, 1.25]
		},
		"firstperson_righthand": {
			"rotation": [-4.5, 100.25, 10],
			"translation": [1, 4, 1]
		},
		"firstperson_lefthand": {
			"rotation": [17.25, -93, 10],
			"translation": [1, 4, 1]
		},
		"ground": {
			"rotation": [-90, 0, 0],
			"translation": [0, -1.55, 0]
		},
		"gui": {
			"rotation": [28, -163, 43],
			"translation": [0.5, 0, 0],
			"scale": [1.09453, 1.09453, 1.09453]
		},
		"head": {
			"rotation": [0, 0, -113.25],
			"translation": [-9.5, 10.25, 0]
		},
		"fixed": {
			"rotation": [0, 160.5, 0],
			"translation": [0.5, 0.5, -1.5]
		}
	}
}