{
	"credit": "Made with Blockbench",
	"texture_size": [32, 32],
	"textures": {
		"0": "minecraft:item/overgrown/armadillo_drill_inner_gear",
		"1": "minecraft:item/overgrown/armadillo_drill",
		"2": "minecraft:item/overgrown/armadillo_drill_hand_casing",
		"particle": "minecraft:item/overgrown/armadillo_drill_inner_gear"
	},
	"elements": [
		{
			"from": [11, 6, -1.5],
			"to": [13, 10, 2.5],
			"rotation": {"angle": 0, "axis": "y", "origin": [8, 8, 5]},
			"faces": {
				"north": {"uv": [5, 3.5, 6, 5.5], "texture": "#1"},
				"east": {"uv": [5.5, 3.5, 7.5, 5.5], "texture": "#1"},
				"south": {"uv": [5, 3.5, 6, 5.5], "texture": "#1"},
				"west": {"uv": [5.5, 3.5, 7.5, 5.5], "texture": "#1"},
				"up": {"uv": [0, 4, 1.5, 5], "rotation": 90, "texture": "#1"},
				"down": {"uv": [0, 4, 1.5, 5], "rotation": 90, "texture": "#1"}
			}
		},
		{
			"from": [7, 7, -8.5],
			"to": [9, 9, -6.5],
			"rotation": {"angle": 0, "axis": "y", "origin": [8, 8, 5]},
			"faces": {
				"north": {"uv": [1.5, 1, 2.5, 2], "texture": "#1"},
				"east": {"uv": [1.5, 1, 2.5, 2], "texture": "#1"},
				"south": {"uv": [1.5, 1, 2.5, 2], "texture": "#1"},
				"west": {"uv": [1.5, 1, 2.5, 2], "texture": "#1"},
				"up": {"uv": [1.5, 1, 2.5, 2], "texture": "#1"},
				"down": {"uv": [1.5, 1, 2.5, 2], "texture": "#1"}
			}
		},
		{
			"from": [5.5, 5.5, -2.5],
			"to": [10.5, 10.5, -0.5],
			"rotation": {"angle": 0, "axis": "y", "origin": [8, 8, 5]},
			"faces": {
				"north": {"uv": [0.5, 0.5, 3, 3], "texture": "#1"},
				"east": {"uv": [0, 0, 0.5, 3.5], "rotation": 90, "texture": "#1"},
				"south": {"uv": [0.5, 0.5, 3, 3], "texture": "#1"},
				"west": {"uv": [3, 0, 3.5, 3.5], "rotation": 90, "texture": "#1"},
				"up": {"uv": [0, 0, 3.5, 0.5], "texture": "#1"},
				"down": {"uv": [0, 3, 3.5, 3.5], "texture": "#1"}
			}
		},
		{
			"from": [6, 6, -4.5],
			"to": [10, 10, -2.5],
			"rotation": {"angle": 0, "axis": "y", "origin": [8, 8, 5]},
			"faces": {
				"north": {"uv": [0.5, 0.5, 3, 3], "texture": "#1"},
				"east": {"uv": [0, 0, 0.5, 3.5], "texture": "#1"},
				"south": {"uv": [0.5, 0.5, 3, 3], "texture": "#1"},
				"west": {"uv": [3, 0, 3.5, 3.5], "texture": "#1"},
				"up": {"uv": [0, 0, 3.5, 0.5], "texture": "#1"},
				"down": {"uv": [0, 3, 3.5, 3.5], "texture": "#1"}
			}
		},
		{
			"from": [6.5, 6.5, -6.5],
			"to": [9.5, 9.5, -4.5],
			"rotation": {"angle": 0, "axis": "y", "origin": [8, 8, 5]},
			"faces": {
				"north": {"uv": [1, 1, 2.5, 2.5], "texture": "#1"},
				"east": {"uv": [0.5, 0.5, 1, 3], "texture": "#1"},
				"south": {"uv": [1, 1, 2.5, 2.5], "texture": "#1"},
				"west": {"uv": [2.5, 0.5, 3, 3], "texture": "#1"},
				"up": {"uv": [0.5, 0.5, 3, 1], "texture": "#1"},
				"down": {"uv": [0.5, 2.5, 3, 3], "texture": "#1"}
			}
		},
		{
			"from": [5, 5, -0.5],
			"to": [11, 11, 2.5],
			"rotation": {"angle": 0, "axis": "y", "origin": [8, 8, 5]},
			"faces": {
				"north": {"uv": [3.5, 0, 6.5, 3], "texture": "#1"},
				"east": {"uv": [0, 4, 3, 5.5], "rotation": 90, "texture": "#1"},
				"south": {"uv": [3.5, 0, 6.5, 3], "texture": "#1"},
				"west": {"uv": [0, 4, 3, 5.5], "rotation": 90, "texture": "#1"},
				"up": {"uv": [0, 4, 3, 5.5], "texture": "#1"},
				"down": {"uv": [0, 4, 3, 5.5], "texture": "#1"}
			}
		},
		{
			"from": [6, 11, -1.5],
			"to": [10, 13, 2.5],
			"rotation": {"angle": 0, "axis": "y", "origin": [8, 8, 5]},
			"faces": {
				"north": {"uv": [5, 3.5, 6, 5.5], "rotation": 90, "texture": "#1"},
				"east": {"uv": [0, 4, 1.5, 5], "texture": "#1"},
				"south": {"uv": [5, 3.5, 6, 5.5], "rotation": 90, "texture": "#1"},
				"west": {"uv": [0, 4, 1.5, 5], "texture": "#1"},
				"up": {"uv": [5.5, 3.5, 7.5, 5.5], "rotation": 90, "texture": "#1"},
				"down": {"uv": [5.5, 3.5, 7.5, 5.5], "rotation": 90, "texture": "#1"}
			}
		},
		{
			"from": [6, 3, -1.5],
			"to": [10, 5, 2.5],
			"rotation": {"angle": 0, "axis": "y", "origin": [8, 8, 5]},
			"faces": {
				"north": {"uv": [5, 3.5, 6, 5.5], "rotation": 90, "texture": "#1"},
				"east": {"uv": [0, 4, 1.5, 5], "texture": "#1"},
				"south": {"uv": [5, 3.5, 6, 5.5], "rotation": 90, "texture": "#1"},
				"west": {"uv": [0, 4, 1.5, 5], "texture": "#1"},
				"up": {"uv": [5.5, 3.5, 7.5, 5.5], "rotation": 90, "texture": "#1"},
				"down": {"uv": [5.5, 3.5, 7.5, 5.5], "rotation": 90, "texture": "#1"}
			}
		},
		{
			"from": [3, 6, -1.5],
			"to": [5, 10, 2.5],
			"rotation": {"angle": 0, "axis": "y", "origin": [8, 8, 5]},
			"faces": {
				"north": {"uv": [5, 3.5, 6, 5.5], "texture": "#1"},
				"east": {"uv": [5.5, 3.5, 7.5, 5.5], "texture": "#1"},
				"south": {"uv": [5, 3.5, 6, 5.5], "texture": "#1"},
				"west": {"uv": [5.5, 3.5, 7.5, 5.5], "texture": "#1"},
				"up": {"uv": [0, 4, 1.5, 5], "rotation": 90, "texture": "#1"},
				"down": {"uv": [0, 4, 1.5, 5], "rotation": 90, "texture": "#1"}
			}
		},
		{
			"from": [11, 6, -1.5],
			"to": [13, 10, 2.5],
			"rotation": {"angle": 22.5, "axis": "z", "origin": [8, 8, 5]},
			"faces": {
				"north": {"uv": [5, 9.5, 6, 11.5], "texture": "#1"},
				"east": {"uv": [5.5, 9.5, 7.5, 11.5], "texture": "#1"},
				"south": {"uv": [5, 9.5, 6, 11.5], "texture": "#1"},
				"west": {"uv": [5.5, 9.5, 7.5, 11.5], "texture": "#1"},
				"up": {"uv": [0, 10, 1.5, 11], "rotation": 90, "texture": "#1"},
				"down": {"uv": [0, 10, 1.5, 11], "rotation": 90, "texture": "#1"}
			}
		},
		{
			"from": [7, 7, -8.5],
			"to": [9, 9, -6.5],
			"rotation": {"angle": 22.5, "axis": "z", "origin": [8, 8, 5]},
			"faces": {
				"north": {"uv": [1.5, 7, 2.5, 8], "texture": "#1"},
				"east": {"uv": [1.5, 7, 2.5, 8], "texture": "#1"},
				"south": {"uv": [1.5, 7, 2.5, 8], "texture": "#1"},
				"west": {"uv": [1.5, 7, 2.5, 8], "texture": "#1"},
				"up": {"uv": [1.5, 7, 2.5, 8], "texture": "#1"},
				"down": {"uv": [1.5, 7, 2.5, 8], "texture": "#1"}
			}
		},
		{
			"from": [5.5, 5.5, -2.5],
			"to": [10.5, 10.5, -0.5],
			"rotation": {"angle": 22.5, "axis": "z", "origin": [8, 8, 5]},
			"faces": {
				"north": {"uv": [0.5, 6.5, 3, 9], "texture": "#1"},
				"east": {"uv": [0.5, 6.5, 1.5, 9], "rotation": 90, "texture": "#1"},
				"south": {"uv": [0.5, 6.5, 3, 9], "texture": "#1"},
				"west": {"uv": [0.5, 6.5, 1.5, 9], "rotation": 90, "texture": "#1"},
				"up": {"uv": [0.5, 6.5, 3, 7.5], "texture": "#1"},
				"down": {"uv": [0.5, 6.5, 3, 7.5], "texture": "#1"}
			}
		},
		{
			"from": [6, 6, -4.5],
			"to": [10, 10, -2.5],
			"rotation": {"angle": 22.5, "axis": "z", "origin": [8, 8, 5]},
			"faces": {
				"north": {"uv": [1, 6.5, 3, 8.5], "texture": "#1"},
				"east": {"uv": [0.5, 6.5, 1.5, 8.5], "texture": "#1"},
				"south": {"uv": [1, 6.5, 3, 8.5], "texture": "#1"},
				"west": {"uv": [0.5, 6.5, 1.5, 8.5], "texture": "#1"},
				"up": {"uv": [0.5, 6.5, 3, 9], "texture": "#1"},
				"down": {"uv": [0.5, 6.5, 2.5, 7.5], "texture": "#1"}
			}
		},
		{
			"from": [6.5, 6.5, -6.5],
			"to": [9.5, 9.5, -4.5],
			"rotation": {"angle": 22.5, "axis": "z", "origin": [8, 8, 5]},
			"faces": {
				"north": {"uv": [0.5, 6.5, 2, 8], "texture": "#1"},
				"east": {"uv": [0.5, 6.5, 1.5, 8], "texture": "#1"},
				"south": {"uv": [0.5, 6.5, 2, 8], "texture": "#1"},
				"west": {"uv": [0.5, 6.5, 1.5, 8], "texture": "#1"},
				"up": {"uv": [0.5, 6.5, 2, 7.5], "texture": "#1"},
				"down": {"uv": [0.5, 6.5, 2, 7.5], "texture": "#1"}
			}
		},
		{
			"from": [5, 5, -0.5],
			"to": [11, 11, 2.5],
			"rotation": {"angle": 22.5, "axis": "z", "origin": [8, 8, 5]},
			"faces": {
				"north": {"uv": [3.5, 6, 6.5, 9], "texture": "#1"},
				"east": {"uv": [0, 10, 3, 11.5], "texture": "#1"},
				"south": {"uv": [3.5, 6, 6.5, 9], "texture": "#1"},
				"west": {"uv": [0, 10, 3, 11.5], "texture": "#1"},
				"up": {"uv": [0, 10, 3, 11.5], "texture": "#1"},
				"down": {"uv": [0, 10, 3, 11.5], "texture": "#1"}
			}
		},
		{
			"from": [6, 11, -1.5],
			"to": [10, 13, 2.5],
			"rotation": {"angle": 22.5, "axis": "z", "origin": [8, 8, 5]},
			"faces": {
				"north": {"uv": [4.5, 9.5, 5.5, 11.5], "rotation": 90, "texture": "#1"},
				"east": {"uv": [0, 10, 1.5, 11], "texture": "#1"},
				"south": {"uv": [4.5, 9.5, 5.5, 11.5], "rotation": 90, "texture": "#1"},
				"west": {"uv": [0, 10, 1.5, 11], "texture": "#1"},
				"up": {"uv": [5.5, 9.5, 7.5, 11.5], "rotation": 90, "texture": "#1"},
				"down": {"uv": [5.5, 9.5, 7.5, 11.5], "rotation": 90, "texture": "#1"}
			}
		},
		{
			"from": [6, 3, -1.5],
			"to": [10, 5, 2.5],
			"rotation": {"angle": 22.5, "axis": "z", "origin": [8, 8, 5]},
			"faces": {
				"north": {"uv": [5, 9.5, 6, 11.5], "rotation": 90, "texture": "#1"},
				"east": {"uv": [0, 10, 1.5, 11], "texture": "#1"},
				"south": {"uv": [5, 9.5, 6, 11.5], "rotation": 90, "texture": "#1"},
				"west": {"uv": [0, 10, 1.5, 11], "texture": "#1"},
				"up": {"uv": [5.5, 9.5, 7.5, 11.5], "rotation": 90, "texture": "#1"},
				"down": {"uv": [5.5, 9.5, 7.5, 11.5], "rotation": 90, "texture": "#1"}
			}
		},
		{
			"from": [3, 6, -1.5],
			"to": [5, 10, 2.5],
			"rotation": {"angle": 22.5, "axis": "z", "origin": [8, 8, 5]},
			"faces": {
				"north": {"uv": [5, 9.5, 6, 11.5], "texture": "#1"},
				"east": {"uv": [5.5, 9.5, 7.5, 11.5], "texture": "#1"},
				"south": {"uv": [5, 9.5, 6, 11.5], "rotation": 90, "texture": "#1"},
				"west": {"uv": [5.5, 9.5, 7.5, 11.5], "texture": "#1"},
				"up": {"uv": [0, 10, 1.5, 11], "rotation": 90, "texture": "#1"},
				"down": {"uv": [0, 10, 1.5, 11], "rotation": 90, "texture": "#1"}
			}
		},
		{
			"from": [6, 11, -1.5],
			"to": [10, 13, 2.5],
			"rotation": {"angle": -45, "axis": "z", "origin": [8, 8, 5]},
			"faces": {
				"north": {"uv": [12.5, 3.5, 13.5, 5.5], "rotation": 270, "texture": "#1"},
				"east": {"uv": [8, 4, 9.5, 5], "texture": "#1"},
				"south": {"uv": [12.5, 3.5, 13.5, 5.5], "rotation": 270, "texture": "#1"},
				"west": {"uv": [8, 4, 9.5, 5], "texture": "#1"},
				"up": {"uv": [13.5, 3.5, 15.5, 5.5], "rotation": 270, "texture": "#1"},
				"down": {"uv": [13.5, 3.5, 15.5, 5.5], "rotation": 270, "texture": "#1"}
			}
		},
		{
			"from": [7, 7, -8.5],
			"to": [9, 9, -6.5],
			"rotation": {"angle": -45, "axis": "z", "origin": [8, 8, 5]},
			"faces": {
				"north": {"uv": [9.5, 1, 10.5, 2], "rotation": 90, "texture": "#1"},
				"east": {"uv": [9.5, 1, 10.5, 2], "rotation": 90, "texture": "#1"},
				"south": {"uv": [9.5, 1, 10.5, 2], "rotation": 90, "texture": "#1"},
				"west": {"uv": [9.5, 1, 10.5, 2], "rotation": 90, "texture": "#1"},
				"up": {"uv": [9.5, 1, 10.5, 2], "rotation": 90, "texture": "#1"},
				"down": {"uv": [9.5, 1, 10.5, 2], "rotation": 90, "texture": "#1"}
			}
		},
		{
			"from": [5.5, 5.5, -2.5],
			"to": [10.5, 10.5, -0.5],
			"rotation": {"angle": -45, "axis": "z", "origin": [8, 8, 5]},
			"faces": {
				"north": {"uv": [8.5, 0.5, 11, 3], "rotation": 90, "texture": "#1"},
				"east": {"uv": [8.5, 0.5, 11, 1.5], "rotation": 270, "texture": "#1"},
				"south": {"uv": [8.5, 0.5, 11, 3], "rotation": 90, "texture": "#1"},
				"west": {"uv": [8.5, 0.5, 11, 1.5], "rotation": 270, "texture": "#1"},
				"up": {"uv": [8.5, 0.5, 9.5, 3], "texture": "#1"},
				"down": {"uv": [8.5, 0.5, 9.5, 3], "texture": "#1"}
			}
		},
		{
			"from": [6, 6, -4.5],
			"to": [10, 10, -2.5],
			"rotation": {"angle": -45, "axis": "z", "origin": [8, 8, 5]},
			"faces": {
				"north": {"uv": [9, 0.5, 11, 2.5], "rotation": 90, "texture": "#1"},
				"east": {"uv": [8.5, 0.5, 10.5, 1.5], "rotation": 270, "texture": "#1"},
				"south": {"uv": [9, 0.5, 11, 2.5], "rotation": 270, "texture": "#1"},
				"west": {"uv": [8.5, 0.5, 10.5, 1.5], "rotation": 270, "texture": "#1"},
				"up": {"uv": [8.5, 0.5, 9.5, 2.5], "rotation": 270, "texture": "#1"},
				"down": {"uv": [8.5, 0.5, 9.5, 2.5], "rotation": 270, "texture": "#1"}
			}
		},
		{
			"from": [6.5, 6.5, -6.5],
			"to": [9.5, 9.5, -4.5],
			"rotation": {"angle": -45, "axis": "z", "origin": [8, 8, 5]},
			"faces": {
				"north": {"uv": [8.5, 0.5, 10, 2], "rotation": 90, "texture": "#1"},
				"east": {"uv": [8.5, 0.5, 10, 1.5], "rotation": 270, "texture": "#1"},
				"south": {"uv": [8.5, 0.5, 10, 2], "rotation": 270, "texture": "#1"},
				"west": {"uv": [8.5, 0.5, 10, 1.5], "rotation": 270, "texture": "#1"},
				"up": {"uv": [8.5, 0.5, 9.5, 2], "rotation": 270, "texture": "#1"},
				"down": {"uv": [8.5, 0.5, 9.5, 2], "rotation": 270, "texture": "#1"}
			}
		},
		{
			"from": [5, 5, -0.5],
			"to": [11, 11, 2.5],
			"rotation": {"angle": -45, "axis": "z", "origin": [8, 8, 5]},
			"faces": {
				"north": {"uv": [11.5, 0, 14.5, 3], "rotation": 90, "texture": "#1"},
				"east": {"uv": [8, 4, 11, 5.5], "rotation": 270, "texture": "#1"},
				"south": {"uv": [11.5, 0, 14.5, 3], "rotation": 270, "texture": "#1"},
				"west": {"uv": [8, 4, 11, 5.5], "rotation": 270, "texture": "#1"},
				"up": {"uv": [8, 4, 11, 5.5], "texture": "#1"},
				"down": {"uv": [8, 4, 11, 5.5], "texture": "#1"}
			}
		},
		{
			"from": [3, 6, -1.5],
			"to": [5, 10, 2.5],
			"rotation": {"angle": -45, "axis": "z", "origin": [8, 8, 5]},
			"faces": {
				"north": {"uv": [13, 3.5, 14, 5.5], "rotation": 180, "texture": "#1"},
				"east": {"uv": [13.5, 3.5, 15.5, 5.5], "texture": "#1"},
				"south": {"uv": [13, 3.5, 14, 5.5], "texture": "#1"},
				"west": {"uv": [13.5, 3.5, 15.5, 5.5], "texture": "#1"},
				"up": {"uv": [8, 4, 9.5, 5], "rotation": 270, "texture": "#1"},
				"down": {"uv": [8, 4, 9.5, 5], "rotation": 270, "texture": "#1"}
			}
		},
		{
			"from": [11, 6, -1.5],
			"to": [13, 10, 2.5],
			"rotation": {"angle": -45, "axis": "z", "origin": [8, 8, 5]},
			"faces": {
				"north": {"uv": [13, 3.5, 14, 5.5], "rotation": 180, "texture": "#1"},
				"east": {"uv": [13.5, 3.5, 15.5, 5.5], "texture": "#1"},
				"south": {"uv": [13, 3.5, 14, 5.5], "texture": "#1"},
				"west": {"uv": [13.5, 3.5, 15.5, 5.5], "texture": "#1"},
				"up": {"uv": [8, 4, 9.5, 5], "rotation": 270, "texture": "#1"},
				"down": {"uv": [8, 4, 9.5, 5], "rotation": 270, "texture": "#1"}
			}
		},
		{
			"from": [6, 3, -1.5],
			"to": [10, 5, 2.5],
			"rotation": {"angle": -45, "axis": "z", "origin": [8, 8, 5]},
			"faces": {
				"north": {"uv": [13, 3.5, 14, 5.5], "rotation": 90, "texture": "#1"},
				"east": {"uv": [8, 4, 9.5, 5], "texture": "#1"},
				"south": {"uv": [13, 3.5, 14, 5.5], "rotation": 270, "texture": "#1"},
				"west": {"uv": [8, 4, 9.5, 5], "texture": "#1"},
				"up": {"uv": [13.5, 3.5, 15.5, 5.5], "rotation": 270, "texture": "#1"},
				"down": {"uv": [13.5, 3.5, 15.5, 5.5], "rotation": 270, "texture": "#1"}
			}
		},
		{
			"from": [6, 11, -1.5],
			"to": [10, 13, 2.5],
			"rotation": {"angle": -22.5, "axis": "z", "origin": [8, 8, 5]},
			"faces": {
				"north": {"uv": [12.5, 9.5, 13.5, 11.5], "rotation": 270, "texture": "#1"},
				"east": {"uv": [8, 10, 9.5, 11], "texture": "#1"},
				"south": {"uv": [12.5, 9.5, 13.5, 11.5], "rotation": 270, "texture": "#1"},
				"west": {"uv": [8, 10, 9.5, 11], "texture": "#1"},
				"up": {"uv": [13.5, 9.5, 15.5, 11.5], "rotation": 270, "texture": "#1"},
				"down": {"uv": [13.5, 9.5, 15.5, 11.5], "rotation": 270, "texture": "#1"}
			}
		},
		{
			"from": [7, 7, -8.5],
			"to": [9, 9, -6.5],
			"rotation": {"angle": -22.5, "axis": "z", "origin": [8, 8, 5]},
			"faces": {
				"north": {"uv": [9.5, 7, 10.5, 8], "rotation": 90, "texture": "#1"},
				"east": {"uv": [9.5, 7, 10.5, 8], "rotation": 90, "texture": "#1"},
				"south": {"uv": [9.5, 7, 10.5, 8], "rotation": 90, "texture": "#1"},
				"west": {"uv": [9.5, 7, 10.5, 8], "rotation": 90, "texture": "#1"},
				"up": {"uv": [9.5, 7, 10.5, 8], "rotation": 90, "texture": "#1"},
				"down": {"uv": [9.5, 7, 10.5, 8], "rotation": 90, "texture": "#1"}
			}
		},
		{
			"from": [5.5, 5.5, -2.5],
			"to": [10.5, 10.5, -0.5],
			"rotation": {"angle": -22.5, "axis": "z", "origin": [8, 8, 5]},
			"faces": {
				"north": {"uv": [8.5, 6.5, 11, 9], "rotation": 90, "texture": "#1"},
				"east": {"uv": [8.5, 6.5, 11, 7.5], "rotation": 270, "texture": "#1"},
				"south": {"uv": [8.5, 6.5, 11, 9], "rotation": 90, "texture": "#1"},
				"west": {"uv": [8.5, 6.5, 11, 7.5], "rotation": 270, "texture": "#1"},
				"up": {"uv": [8.5, 6.5, 9.5, 9], "texture": "#1"},
				"down": {"uv": [8.5, 6.5, 9.5, 9], "texture": "#1"}
			}
		},
		{
			"from": [6, 6, -4.5],
			"to": [10, 10, -2.5],
			"rotation": {"angle": -22.5, "axis": "z", "origin": [8, 8, 5]},
			"faces": {
				"north": {"uv": [9, 6.5, 11, 8.5], "rotation": 90, "texture": "#1"},
				"east": {"uv": [8.5, 6.5, 10.5, 7.5], "rotation": 270, "texture": "#1"},
				"south": {"uv": [9, 6.5, 11, 8.5], "rotation": 270, "texture": "#1"},
				"west": {"uv": [8.5, 6.5, 10.5, 7.5], "rotation": 270, "texture": "#1"},
				"up": {"uv": [8.5, 6.5, 9.5, 8.5], "rotation": 270, "texture": "#1"},
				"down": {"uv": [8.5, 6.5, 9.5, 8.5], "rotation": 270, "texture": "#1"}
			}
		},
		{
			"from": [6.5, 6.5, -6.5],
			"to": [9.5, 9.5, -4.5],
			"rotation": {"angle": -22.5, "axis": "z", "origin": [8, 8, 5]},
			"faces": {
				"north": {"uv": [8.5, 6.5, 10, 8], "rotation": 90, "texture": "#1"},
				"east": {"uv": [8.5, 6.5, 10, 7.5], "rotation": 270, "texture": "#1"},
				"south": {"uv": [8.5, 6.5, 10, 8], "rotation": 270, "texture": "#1"},
				"west": {"uv": [8.5, 6.5, 10, 7.5], "rotation": 270, "texture": "#1"},
				"up": {"uv": [8.5, 6.5, 9.5, 8], "rotation": 270, "texture": "#1"},
				"down": {"uv": [8.5, 6.5, 9.5, 8], "rotation": 270, "texture": "#1"}
			}
		},
		{
			"from": [5, 5, -0.5],
			"to": [11, 11, 2.5],
			"rotation": {"angle": -22.5, "axis": "z", "origin": [8, 8, 5]},
			"faces": {
				"north": {"uv": [11.5, 6, 14.5, 9], "rotation": 90, "texture": "#1"},
				"east": {"uv": [8, 9.5, 11, 11], "rotation": 270, "texture": "#1"},
				"south": {"uv": [11.5, 6, 14.5, 9], "rotation": 270, "texture": "#1"},
				"west": {"uv": [8, 9.5, 11, 11], "rotation": 270, "texture": "#1"},
				"up": {"uv": [8, 9.5, 11, 11], "texture": "#1"},
				"down": {"uv": [8, 9.5, 11, 11], "texture": "#1"}
			}
		},
		{
			"from": [3, 6, -1.5],
			"to": [5, 10, 2.5],
			"rotation": {"angle": -22.5, "axis": "z", "origin": [8, 8, 5]},
			"faces": {
				"north": {"uv": [13, 9.5, 14, 11.5], "rotation": 180, "texture": "#1"},
				"east": {"uv": [13.5, 9.5, 15.5, 11.5], "texture": "#1"},
				"south": {"uv": [13, 9.5, 14, 11.5], "texture": "#1"},
				"west": {"uv": [13.5, 9.5, 15.5, 11.5], "texture": "#1"},
				"up": {"uv": [8, 10, 9.5, 11], "rotation": 270, "texture": "#1"},
				"down": {"uv": [8, 10, 9.5, 11], "rotation": 270, "texture": "#1"}
			}
		},
		{
			"from": [11, 6, -1.5],
			"to": [13, 10, 2.5],
			"rotation": {"angle": -22.5, "axis": "z", "origin": [8, 8, 5]},
			"faces": {
				"north": {"uv": [13, 9.5, 14, 11.5], "rotation": 180, "texture": "#1"},
				"east": {"uv": [13.5, 9.5, 15.5, 11.5], "texture": "#1"},
				"south": {"uv": [13, 9.5, 14, 11.5], "texture": "#1"},
				"west": {"uv": [13.5, 9.5, 15.5, 11.5], "texture": "#1"},
				"up": {"uv": [8, 10, 9.5, 11], "rotation": 270, "texture": "#1"},
				"down": {"uv": [8, 10, 9.5, 11], "rotation": 270, "texture": "#1"}
			}
		},
		{
			"from": [6, 3, -1.5],
			"to": [10, 5, 2.5],
			"rotation": {"angle": -22.5, "axis": "z", "origin": [8, 8, 5]},
			"faces": {
				"north": {"uv": [13, 9.5, 14, 11.5], "rotation": 90, "texture": "#1"},
				"east": {"uv": [8, 10, 9.5, 11], "texture": "#1"},
				"south": {"uv": [13, 9.5, 14, 11.5], "rotation": 270, "texture": "#1"},
				"west": {"uv": [8.5, 10, 10, 11], "texture": "#1"},
				"up": {"uv": [13.5, 9.5, 15.5, 11.5], "rotation": 270, "texture": "#1"},
				"down": {"uv": [13.5, 9.5, 15.5, 11.5], "rotation": 270, "texture": "#1"}
			}
		},
		{
			"from": [5.125, 5.125, 2.875],
			"to": [10.875, 10.875, 4.625],
			"rotation": {"angle": 22.5, "axis": "z", "origin": [8, 8, 2.25]},
			"faces": {
				"north": {"uv": [14, 9, 11, 6], "texture": "#0"},
				"east": {"uv": [7, 10, 6, 7], "texture": "#0"},
				"south": {"uv": [14, 9, 11, 6], "texture": "#0"},
				"west": {"uv": [7, 10, 6, 7], "texture": "#0"},
				"up": {"uv": [9, 8, 6, 7], "texture": "#0"},
				"down": {"uv": [9, 8, 6, 7], "texture": "#0"}
			}
		},
		{
			"from": [7, 7, 2.5],
			"to": [9, 9, 5.5],
			"rotation": {"angle": 22.5, "axis": "z", "origin": [8, 8, 5]},
			"faces": {
				"north": {"uv": [7.5, 15, 6.5, 14], "texture": "#0"},
				"east": {"uv": [8, 15, 6.5, 14], "texture": "#0"},
				"south": {"uv": [7.5, 15, 6.5, 14], "texture": "#0"},
				"west": {"uv": [8, 15, 6.5, 14], "texture": "#0"},
				"up": {"uv": [8, 15, 6.5, 14], "texture": "#0"},
				"down": {"uv": [8, 15, 6.5, 14], "texture": "#0"}
			}
		},
		{
			"from": [5.95, 5.95, 2.7],
			"to": [10.05, 10.05, 4.8],
			"rotation": {"angle": 0, "axis": "y", "origin": [8, 8, 2.25]},
			"faces": {
				"north": {"uv": [13.5, 2.5, 11.5, 0.5], "texture": "#0"},
				"east": {"uv": [7, 3, 6, 1], "texture": "#0"},
				"south": {"uv": [13.5, 2.5, 11.5, 0.5], "texture": "#0"},
				"west": {"uv": [7, 3, 6, 1], "texture": "#0"},
				"up": {"uv": [8, 2, 6, 1], "texture": "#0"},
				"down": {"uv": [8, 2, 6, 1], "texture": "#0"}
			}
		},
		{
			"from": [5.125, 5.125, 2.875],
			"to": [10.875, 10.875, 4.625],
			"rotation": {"angle": 0, "axis": "y", "origin": [8, 8, 2.25]},
			"faces": {
				"north": {"uv": [14, 3, 11, 0], "texture": "#0"},
				"east": {"uv": [6, 4, 5, 1], "texture": "#0"},
				"south": {"uv": [14, 3, 11, 0], "texture": "#0"},
				"west": {"uv": [6, 4, 5, 1], "texture": "#0"},
				"up": {"uv": [8, 2, 5, 1], "texture": "#0"},
				"down": {"uv": [8, 2, 5, 1], "texture": "#0"}
			}
		},
		{
			"from": [7.1, 3.6, 2.85],
			"to": [8.9, 12.4, 4.65],
			"rotation": {"angle": 0, "axis": "y", "origin": [8, 8, 2.25]},
			"faces": {
				"north": {"uv": [8.5, 0.5, 9.5, 4], "texture": "#0"},
				"east": {"uv": [8.5, 0.5, 9.5, 4], "texture": "#0"},
				"south": {"uv": [8.5, 0.5, 9.5, 4], "texture": "#0"},
				"west": {"uv": [8.5, 0.5, 9.5, 4], "texture": "#0"},
				"up": {"uv": [8, 1, 7, 0], "texture": "#0"},
				"down": {"uv": [8, 1, 7, 0], "texture": "#0"}
			}
		},
		{
			"from": [3.6, 7.1, 2.85],
			"to": [12.4, 8.9, 4.65],
			"rotation": {"angle": -45, "axis": "z", "origin": [8, 8, 2.25]},
			"faces": {
				"north": {"uv": [8.5, 0.5, 9.5, 4], "rotation": 90, "texture": "#0"},
				"east": {"uv": [8, 1, 7, 0], "texture": "#0"},
				"south": {"uv": [8.5, 0.5, 9.5, 4], "rotation": 270, "texture": "#0"},
				"west": {"uv": [8, 1, 7, 0], "texture": "#0"},
				"up": {"uv": [8.5, 0.5, 9.5, 4], "rotation": 270, "texture": "#0"},
				"down": {"uv": [8.5, 0.5, 9.5, 4], "rotation": 270, "texture": "#0"}
			}
		},
		{
			"from": [3.6, 7.1, 2.85],
			"to": [12.4, 8.9, 4.65],
			"rotation": {"angle": 0, "axis": "y", "origin": [8, 8, 2.25]},
			"faces": {
				"north": {"uv": [8.5, 0.5, 9.5, 4], "rotation": 90, "texture": "#0"},
				"east": {"uv": [8, 1, 7, 0], "texture": "#0"},
				"south": {"uv": [8.5, 0.5, 9.5, 4], "rotation": 270, "texture": "#0"},
				"west": {"uv": [8, 1, 7, 0], "texture": "#0"},
				"up": {"uv": [8.5, 0.5, 9.5, 4], "rotation": 270, "texture": "#0"},
				"down": {"uv": [8.5, 0.5, 9.5, 4], "rotation": 270, "texture": "#0"}
			}
		},
		{
			"from": [7.1, 3.6, 2.85],
			"to": [8.9, 12.4, 4.65],
			"rotation": {"angle": -45, "axis": "z", "origin": [8, 8, 2.25]},
			"faces": {
				"north": {"uv": [8.5, 0.5, 9.5, 4], "rotation": 180, "texture": "#0"},
				"east": {"uv": [8.5, 0.5, 9.5, 4], "rotation": 180, "texture": "#0"},
				"south": {"uv": [8.5, 0.5, 9.5, 4], "rotation": 180, "texture": "#0"},
				"west": {"uv": [8.5, 0.5, 9.5, 4], "rotation": 180, "texture": "#0"},
				"up": {"uv": [8, 1, 7, 0], "texture": "#0"},
				"down": {"uv": [8, 1, 7, 0], "texture": "#0"}
			}
		},
		{
			"from": [5.95, 5.95, 2.7],
			"to": [10.05, 10.05, 4.8],
			"rotation": {"angle": 22.5, "axis": "z", "origin": [8, 8, 2.25]},
			"faces": {
				"north": {"uv": [13.5, 8.5, 11.5, 6.5], "texture": "#0"},
				"east": {"uv": [8, 10, 7, 8], "texture": "#0"},
				"south": {"uv": [13.5, 8.5, 11.5, 6.5], "texture": "#0"},
				"west": {"uv": [8, 10, 7, 8], "texture": "#0"},
				"up": {"uv": [8, 10, 7, 8], "texture": "#0"},
				"down": {"uv": [8, 10, 7, 8], "texture": "#0"}
			}
		},
		{
			"from": [7.1, 3.6, 2.85],
			"to": [8.9, 12.4, 4.65],
			"rotation": {"angle": 22.5, "axis": "z", "origin": [8, 8, 2.25]},
			"faces": {
				"north": {"uv": [9.5, 6, 10.5, 9.5], "texture": "#0"},
				"east": {"uv": [9.5, 6, 10.5, 9.5], "texture": "#0"},
				"south": {"uv": [9.5, 6, 10.5, 9.5], "texture": "#0"},
				"west": {"uv": [9.5, 6, 10.5, 9.5], "texture": "#0"},
				"up": {"uv": [8, 6, 9, 7], "texture": "#0"},
				"down": {"uv": [8, 6, 9, 7], "texture": "#0"}
			}
		},
		{
			"from": [3.6, 7.1, 2.85],
			"to": [12.4, 8.9, 4.65],
			"rotation": {"angle": -22.5, "axis": "z", "origin": [8, 8, 2.25]},
			"faces": {
				"north": {"uv": [9.5, 6, 10.5, 9.5], "rotation": 90, "texture": "#0"},
				"east": {"uv": [8, 6, 9, 7], "texture": "#0"},
				"south": {"uv": [9.5, 6, 10.5, 9.5], "rotation": 90, "texture": "#0"},
				"west": {"uv": [8, 6, 9, 7], "texture": "#0"},
				"up": {"uv": [9.5, 6, 10.5, 9.5], "rotation": 90, "texture": "#0"},
				"down": {"uv": [9.5, 6, 10.5, 9.5], "rotation": 90, "texture": "#0"}
			}
		},
		{
			"from": [3.6, 7.1, 2.85],
			"to": [12.4, 8.9, 4.65],
			"rotation": {"angle": 22.5, "axis": "z", "origin": [8, 8, 2.25]},
			"faces": {
				"north": {"uv": [9.5, 6, 10.5, 9.5], "rotation": 90, "texture": "#0"},
				"east": {"uv": [8, 6, 9, 7], "texture": "#0"},
				"south": {"uv": [9.5, 6, 10.5, 9.5], "rotation": 90, "texture": "#0"},
				"west": {"uv": [8, 6, 9, 7], "texture": "#0"},
				"up": {"uv": [9.5, 6, 10.5, 9.5], "rotation": 90, "texture": "#0"},
				"down": {"uv": [9.5, 6, 10.5, 9.5], "rotation": 90, "texture": "#0"}
			}
		},
		{
			"from": [7.1, 3.6, 2.85],
			"to": [8.9, 12.4, 4.65],
			"rotation": {"angle": -22.5, "axis": "z", "origin": [8, 8, 2.25]},
			"faces": {
				"north": {"uv": [9.5, 6, 10.5, 9.5], "texture": "#0"},
				"east": {"uv": [9.5, 6, 10.5, 9.5], "texture": "#0"},
				"south": {"uv": [9.5, 6, 10.5, 9.5], "texture": "#0"},
				"west": {"uv": [9.5, 6, 10.5, 9.5], "texture": "#0"},
				"up": {"uv": [8, 6, 9, 7], "texture": "#0"},
				"down": {"uv": [8, 6, 9, 7], "texture": "#0"}
			}
		},
		{
			"from": [2.4, 7.8, 8.2],
			"to": [3.8, 9.2, 15.2],
			"rotation": {"angle": 0, "axis": "y", "origin": [-3.2, 0, -3.2]},
			"faces": {
				"north": {"uv": [12, 4, 12.5, 4.5], "texture": "#2"},
				"east": {"uv": [11.5, 6, 15, 6.5], "texture": "#2"},
				"south": {"uv": [12, 4.5, 12.5, 5], "texture": "#2"},
				"west": {"uv": [11.5, 6.5, 15, 7], "texture": "#2"},
				"up": {"uv": [6.5, 15, 6, 11.5], "texture": "#2"},
				"down": {"uv": [7, 11.5, 6.5, 15], "texture": "#2"}
			}
		},
		{
			"from": [4.5, 5, 5.12],
			"to": [11.5, 12, 6.8],
			"rotation": {"angle": 0, "axis": "y", "origin": [-3.2, 0, -3.2]},
			"faces": {
				"north": {"uv": [3.5, 8, 7, 11.5], "texture": "#2"},
				"east": {"uv": [10, 10, 11, 13.5], "texture": "#2"},
				"south": {"uv": [8, 3.5, 11.5, 7], "texture": "#2"},
				"west": {"uv": [8.5, 11, 9.5, 14.5], "texture": "#2"},
				"up": {"uv": [14.5, 11, 11, 10], "texture": "#2"},
				"down": {"uv": [14.5, 11, 11, 12], "texture": "#2"}
			}
		},
		{
			"from": [4.5, 5, 15.2],
			"to": [11.5, 12, 16.6],
			"rotation": {"angle": 0, "axis": "y", "origin": [-3.2, 0, -3.2]},
			"faces": {
				"north": {"uv": [0, 8, 3.5, 11.5], "texture": "#2"},
				"east": {"uv": [7.5, 12, 8, 15.5], "texture": "#2"},
				"south": {"uv": [8, 0, 11.5, 3.5], "texture": "#2"},
				"west": {"uv": [8, 12, 8.5, 15.5], "texture": "#2"},
				"up": {"uv": [15.5, 2.5, 12, 2], "texture": "#2"},
				"down": {"uv": [15.5, 2.5, 12, 3], "texture": "#2"}
			}
		},
		{
			"from": [7.3, 2.9, 8.2],
			"to": [8.7, 4.3, 15.2],
			"rotation": {"angle": 0, "axis": "y", "origin": [-3.2, 0, -3.2]},
			"faces": {
				"north": {"uv": [11, 12, 11.5, 12.5], "texture": "#2"},
				"east": {"uv": [0.5, 12, 4, 12.5], "texture": "#2"},
				"south": {"uv": [11.5, 12, 12, 12.5], "texture": "#2"},
				"west": {"uv": [12, 1.5, 15.5, 2], "texture": "#2"},
				"up": {"uv": [4.5, 15.5, 4, 12], "texture": "#2"},
				"down": {"uv": [7.5, 12, 7, 15.5], "texture": "#2"}
			}
		},
		{
			"from": [12.2, 7.8, 8.2],
			"to": [13.6, 9.2, 15.2],
			"rotation": {"angle": 0, "axis": "y", "origin": [-3.2, 0, -3.2]},
			"faces": {
				"north": {"uv": [12, 3, 12.5, 3.5], "texture": "#2"},
				"east": {"uv": [11.5, 5, 15, 5.5], "texture": "#2"},
				"south": {"uv": [12, 3.5, 12.5, 4], "texture": "#2"},
				"west": {"uv": [11.5, 5.5, 15, 6], "texture": "#2"},
				"up": {"uv": [5.5, 15, 5, 11.5], "texture": "#2"},
				"down": {"uv": [6, 11.5, 5.5, 15], "texture": "#2"}
			}
		},
		{
			"from": [7.3, 12.7, 8.2],
			"to": [8.7, 14.1, 15.2],
			"rotation": {"angle": 0, "axis": "y", "origin": [-3.2, 0, -3.2]},
			"faces": {
				"north": {"uv": [8, 7, 8.5, 7.5], "texture": "#2"},
				"east": {"uv": [11.5, 0.5, 15, 1], "texture": "#2"},
				"south": {"uv": [8, 7.5, 8.5, 8], "texture": "#2"},
				"west": {"uv": [11.5, 1, 15, 1.5], "texture": "#2"},
				"up": {"uv": [12, 5, 11.5, 1.5], "texture": "#2"},
				"down": {"uv": [5, 11.5, 4.5, 15], "texture": "#2"}
			}
		},
		{
			"from": [3.8, 4.3, 13.8],
			"to": [12.2, 12.7, 15.2],
			"rotation": {"angle": 0, "axis": "y", "origin": [-3.2, 0, -3.2]},
			"faces": {
				"north": {"uv": [4, 0, 8, 4], "texture": "#2"},
				"east": {"uv": [9.5, 11, 10, 15], "texture": "#2"},
				"south": {"uv": [4, 4, 8, 8], "texture": "#2"},
				"west": {"uv": [0, 11.5, 0.5, 15.5], "texture": "#2"},
				"up": {"uv": [15.5, 0.5, 11.5, 0], "texture": "#2"},
				"down": {"uv": [4.5, 11.5, 0.5, 12], "texture": "#2"}
			}
		},
		{
			"from": [3.8, 4.3, 6.8],
			"to": [12.2, 12.7, 9.6],
			"rotation": {"angle": 0, "axis": "y", "origin": [-3.2, 0, -3.2]},
			"faces": {
				"north": {"uv": [0, 0, 4, 4], "texture": "#2"},
				"east": {"uv": [7, 8, 8.5, 12], "texture": "#2"},
				"south": {"uv": [0, 4, 4, 8], "texture": "#2"},
				"west": {"uv": [8.5, 7, 10, 11], "texture": "#2"},
				"up": {"uv": [14, 8.5, 10, 7], "texture": "#2"},
				"down": {"uv": [14, 8.5, 10, 10], "texture": "#2"}
			}
		}
	],
	"display": {
		"thirdperson_righthand": {
			"translation": [0, -2.36, 1],
			"scale": [0.7, 0.7, 0.7]
		},
		"thirdperson_lefthand": {
			"translation": [0, -2.36, 1],
			"scale": [0.7, 0.7, 0.7]
		},
		"firstperson_righthand": {
			"translation": [1.13, 3.2, 1],
			"scale": [0.7, 0.7, 0.7]
		},
		"firstperson_lefthand": {
			"translation": [1.13, 3.2, 1],
			"scale": [0.7, 0.7, 0.7]
		},
		"ground": {
			"translation": [0, 2, 0],
			"scale": [0.7, 0.7, 0.7]
		},
		"gui": {
			"rotation": [41, -148, 0],
			"translation": [-0.75, 1, 0],
			"scale": [0.9, 0.9, 0.9]
		},
		"head": {
			"rotation": [90, 0, 0],
			"translation": [0, 3.75, 0]
		},
		"fixed": {
			"translation": [0, -0.25, -17.25],
			"scale": [2, 2, 2]
		}
	},
	"groups": [
		{
			"name": "drill",
			"origin": [8, 8, 2.25],
			"color": 0,
			"children": [0, 1, 2, 3, 4, 5, 6, 7, 8, 9, 10, 11, 12, 13, 14, 15, 16, 17, 18, 19, 20, 21, 22, 23, 24, 25, 26, 27, 28, 29, 30, 31, 32, 33, 34, 35]
		},
		{
			"name": "inner_gear",
			"origin": [8, 8, 2.25],
			"color": 0,
			"children": [36, 37, 38, 39, 40, 41, 42, 43, 44, 45, 46, 47, 48]
		},
		{
			"name": "hand_casing",
			"origin": [-3.2, 0, -3.2],
			"color": 0,
			"children": [49, 50, 51, 52, 53, 54, 55, 56]
		}
	]
}