{
	"credit": "Made with Blockbench",
	"textures": {
		"0": "minecraft:item/grimdark/bow/shortbow_pulling_0",
		"particle": "minecraft:item/grimdark/bow/shortbow_pulling_0"
	},
	"elements": [
		{
			"name": "shortbow_pulling_0_0",
			"from": [0, 0, 0],
			"to": [3, 1, 3],
			"faces": {
				"north": {"uv": [3, 0, 0, 1], "texture": "#0"},
				"east": {"uv": [2, 0, 3, 3], "rotation": 90, "texture": "#0"},
				"south": {"uv": [0, 2, 3, 3], "texture": "#0"},
				"west": {"uv": [0, 0, 1, 3], "rotation": 270, "texture": "#0"},
				"up": {"uv": [0, 0, 3, 3], "texture": "#0"},
				"down": {"uv": [0, 3, 3, 0], "texture": "#0"}
			}
		},
		{
			"name": "shortbow_pulling_0_1",
			"from": [3, 0, 1],
			"to": [4, 1, 13],
			"faces": {
				"north": {"uv": [4, 1, 3, 2], "texture": "#0"},
				"east": {"uv": [3, 1, 4, 13], "rotation": 90, "texture": "#0"},
				"south": {"uv": [3, 12, 4, 13], "texture": "#0"},
				"west": {"uv": [3, 1, 4, 13], "rotation": 270, "texture": "#0"},
				"up": {"uv": [3, 1, 4, 13], "texture": "#0"},
				"down": {"uv": [3, 13, 4, 1], "texture": "#0"}
			}
		},
		{
			"name": "shortbow_pulling_0_2",
			"from": [7, 0, 2],
			"to": [11, 1, 4],
			"faces": {
				"north": {"uv": [11, 2, 7, 3], "texture": "#0"},
				"east": {"uv": [10, 2, 11, 4], "rotation": 90, "texture": "#0"},
				"south": {"uv": [7, 3, 11, 4], "texture": "#0"},
				"west": {"uv": [7, 2, 8, 4], "rotation": 270, "texture": "#0"},
				"up": {"uv": [7, 2, 11, 4], "texture": "#0"},
				"down": {"uv": [7, 4, 11, 2], "texture": "#0"}
			}
		},
		{
			"name": "shortbow_pulling_0_3",
			"from": [1, 0, 3],
			"to": [3, 1, 4],
			"faces": {
				"north": {"uv": [3, 3, 1, 4], "texture": "#0"},
				"east": {"uv": [2, 3, 3, 4], "rotation": 90, "texture": "#0"},
				"south": {"uv": [1, 3, 3, 4], "texture": "#0"},
				"west": {"uv": [1, 3, 2, 4], "rotation": 270, "texture": "#0"},
				"up": {"uv": [1, 3, 3, 4], "texture": "#0"},
				"down": {"uv": [1, 4, 3, 3], "texture": "#0"}
			}
		},
		{
			"name": "shortbow_pulling_0_4",
			"from": [4, 0, 3],
			"to": [7, 1, 7],
			"faces": {
				"north": {"uv": [7, 3, 4, 4], "texture": "#0"},
				"east": {"uv": [6, 3, 7, 7], "rotation": 90, "texture": "#0"},
				"south": {"uv": [4, 6, 7, 7], "texture": "#0"},
				"west": {"uv": [4, 3, 5, 7], "rotation": 270, "texture": "#0"},
				"up": {"uv": [4, 3, 7, 7], "texture": "#0"},
				"down": {"uv": [4, 7, 7, 3], "texture": "#0"}
			}
		},
		{
			"name": "shortbow_pulling_0_5",
			"from": [11, 0, 3],
			"to": [13, 1, 5],
			"faces": {
				"north": {"uv": [13, 3, 11, 4], "texture": "#0"},
				"east": {"uv": [12, 3, 13, 5], "rotation": 90, "texture": "#0"},
				"south": {"uv": [11, 4, 13, 5], "texture": "#0"},
				"west": {"uv": [11, 3, 12, 5], "rotation": 270, "texture": "#0"},
				"up": {"uv": [11, 3, 13, 5], "texture": "#0"},
				"down": {"uv": [11, 5, 13, 3], "texture": "#0"}
			}
		},
		{
			"name": "shortbow_pulling_0_6",
			"from": [14, 0, 3],
			"to": [15, 1, 4],
			"faces": {
				"north": {"uv": [15, 3, 14, 4], "texture": "#0"},
				"east": {"uv": [14, 3, 15, 4], "rotation": 90, "texture": "#0"},
				"south": {"uv": [14, 3, 15, 4], "texture": "#0"},
				"west": {"uv": [14, 3, 15, 4], "rotation": 270, "texture": "#0"},
				"up": {"uv": [14, 3, 15, 4], "texture": "#0"},
				"down": {"uv": [14, 4, 15, 3], "texture": "#0"}
			}
		},
		{
			"name": "shortbow_pulling_0_7",
			"from": [13, 0, 4],
			"to": [14, 1, 5],
			"faces": {
				"north": {"uv": [14, 4, 13, 5], "texture": "#0"},
				"east": {"uv": [13, 4, 14, 5], "rotation": 90, "texture": "#0"},
				"south": {"uv": [13, 4, 14, 5], "texture": "#0"},
				"west": {"uv": [13, 4, 14, 5], "rotation": 270, "texture": "#0"},
				"up": {"uv": [13, 4, 14, 5], "texture": "#0"},
				"down": {"uv": [13, 5, 14, 4], "texture": "#0"}
			}
		},
		{
			"name": "shortbow_pulling_0_8",
			"from": [10, 0, 5],
			"to": [12, 1, 6],
			"faces": {
				"north": {"uv": [12, 5, 10, 6], "texture": "#0"},
				"east": {"uv": [11, 5, 12, 6], "rotation": 90, "texture": "#0"},
				"south": {"uv": [10, 5, 12, 6], "texture": "#0"},
				"west": {"uv": [10, 5, 11, 6], "rotation": 270, "texture": "#0"},
				"up": {"uv": [10, 5, 12, 6], "texture": "#0"},
				"down": {"uv": [10, 6, 12, 5], "texture": "#0"}
			}
		},
		{
			"name": "shortbow_pulling_0_9",
			"from": [7, 0, 6],
			"to": [8, 1, 10],
			"faces": {
				"north": {"uv": [8, 6, 7, 7], "texture": "#0"},
				"east": {"uv": [7, 6, 8, 10], "rotation": 90, "texture": "#0"},
				"south": {"uv": [7, 9, 8, 10], "texture": "#0"},
				"west": {"uv": [7, 6, 8, 10], "rotation": 270, "texture": "#0"},
				"up": {"uv": [7, 6, 8, 10], "texture": "#0"},
				"down": {"uv": [7, 10, 8, 6], "texture": "#0"}
			}
		},
		{
			"name": "shortbow_pulling_0_10",
			"from": [9, 0, 6],
			"to": [11, 1, 7],
			"faces": {
				"north": {"uv": [11, 6, 9, 7], "texture": "#0"},
				"east": {"uv": [10, 6, 11, 7], "rotation": 90, "texture": "#0"},
				"south": {"uv": [9, 6, 11, 7], "texture": "#0"},
				"west": {"uv": [9, 6, 10, 7], "rotation": 270, "texture": "#0"},
				"up": {"uv": [9, 6, 11, 7], "texture": "#0"},
				"down": {"uv": [9, 7, 11, 6], "texture": "#0"}
			}
		},
		{
			"name": "shortbow_pulling_0_11",
			"from": [2, 0, 7],
			"to": [3, 1, 11],
			"faces": {
				"north": {"uv": [3, 7, 2, 8], "texture": "#0"},
				"east": {"uv": [2, 7, 3, 11], "rotation": 90, "texture": "#0"},
				"south": {"uv": [2, 10, 3, 11], "texture": "#0"},
				"west": {"uv": [2, 7, 3, 11], "rotation": 270, "texture": "#0"},
				"up": {"uv": [2, 7, 3, 11], "texture": "#0"},
				"down": {"uv": [2, 11, 3, 7], "texture": "#0"}
			}
		},
		{
			"name": "shortbow_pulling_0_12",
			"from": [6, 0, 7],
			"to": [7, 1, 8],
			"faces": {
				"north": {"uv": [7, 7, 6, 8], "texture": "#0"},
				"east": {"uv": [6, 7, 7, 8], "rotation": 90, "texture": "#0"},
				"south": {"uv": [6, 7, 7, 8], "texture": "#0"},
				"west": {"uv": [6, 7, 7, 8], "rotation": 270, "texture": "#0"},
				"up": {"uv": [6, 7, 7, 8], "texture": "#0"},
				"down": {"uv": [6, 8, 7, 7], "texture": "#0"}
			}
		},
		{
			"name": "shortbow_pulling_0_13",
			"from": [8, 0, 7],
			"to": [10, 1, 10],
			"faces": {
				"north": {"uv": [10, 7, 8, 8], "texture": "#0"},
				"east": {"uv": [9, 7, 10, 10], "rotation": 90, "texture": "#0"},
				"south": {"uv": [8, 9, 10, 10], "texture": "#0"},
				"west": {"uv": [8, 7, 9, 10], "rotation": 270, "texture": "#0"},
				"up": {"uv": [8, 7, 10, 10], "texture": "#0"},
				"down": {"uv": [8, 10, 10, 7], "texture": "#0"}
			}
		},
		{
			"name": "shortbow_pulling_0_14",
			"from": [6, 0, 9],
			"to": [7, 1, 11],
			"faces": {
				"north": {"uv": [7, 9, 6, 10], "texture": "#0"},
				"east": {"uv": [6, 9, 7, 11], "rotation": 90, "texture": "#0"},
				"south": {"uv": [6, 10, 7, 11], "texture": "#0"},
				"west": {"uv": [6, 9, 7, 11], "rotation": 270, "texture": "#0"},
				"up": {"uv": [6, 9, 7, 11], "texture": "#0"},
				"down": {"uv": [6, 11, 7, 9], "texture": "#0"}
			}
		},
		{
			"name": "shortbow_pulling_0_15",
			"from": [10, 0, 9],
			"to": [12, 1, 11],
			"faces": {
				"north": {"uv": [12, 9, 10, 10], "texture": "#0"},
				"east": {"uv": [11, 9, 12, 11], "rotation": 90, "texture": "#0"},
				"south": {"uv": [10, 10, 12, 11], "texture": "#0"},
				"west": {"uv": [10, 9, 11, 11], "rotation": 270, "texture": "#0"},
				"up": {"uv": [10, 9, 12, 11], "texture": "#0"},
				"down": {"uv": [10, 11, 12, 9], "texture": "#0"}
			}
		},
		{
			"name": "shortbow_pulling_0_16",
			"from": [5, 0, 10],
			"to": [6, 1, 12],
			"faces": {
				"north": {"uv": [6, 10, 5, 11], "texture": "#0"},
				"east": {"uv": [5, 10, 6, 12], "rotation": 90, "texture": "#0"},
				"south": {"uv": [5, 11, 6, 12], "texture": "#0"},
				"west": {"uv": [5, 10, 6, 12], "rotation": 270, "texture": "#0"},
				"up": {"uv": [5, 10, 6, 12], "texture": "#0"},
				"down": {"uv": [5, 12, 6, 10], "texture": "#0"}
			}
		},
		{
			"name": "shortbow_pulling_0_17",
			"from": [9, 0, 10],
			"to": [10, 1, 12],
			"faces": {
				"north": {"uv": [10, 10, 9, 11], "texture": "#0"},
				"east": {"uv": [9, 10, 10, 12], "rotation": 90, "texture": "#0"},
				"south": {"uv": [9, 11, 10, 12], "texture": "#0"},
				"west": {"uv": [9, 10, 10, 12], "rotation": 270, "texture": "#0"},
				"up": {"uv": [9, 10, 10, 12], "texture": "#0"},
				"down": {"uv": [9, 12, 10, 10], "texture": "#0"}
			}
		},
		{
			"name": "shortbow_pulling_0_18",
			"from": [12, 0, 10],
			"to": [13, 1, 11],
			"faces": {
				"north": {"uv": [13, 10, 12, 11], "texture": "#0"},
				"east": {"uv": [12, 10, 13, 11], "rotation": 90, "texture": "#0"},
				"south": {"uv": [12, 10, 13, 11], "texture": "#0"},
				"west": {"uv": [12, 10, 13, 11], "rotation": 270, "texture": "#0"},
				"up": {"uv": [12, 10, 13, 11], "texture": "#0"},
				"down": {"uv": [12, 11, 13, 10], "texture": "#0"}
			}
		},
		{
			"name": "shortbow_pulling_0_19",
			"from": [4, 0, 11],
			"to": [5, 1, 14],
			"faces": {
				"north": {"uv": [5, 11, 4, 12], "texture": "#0"},
				"east": {"uv": [4, 11, 5, 14], "rotation": 90, "texture": "#0"},
				"south": {"uv": [4, 13, 5, 14], "texture": "#0"},
				"west": {"uv": [4, 11, 5, 14], "rotation": 270, "texture": "#0"},
				"up": {"uv": [4, 11, 5, 14], "texture": "#0"},
				"down": {"uv": [4, 14, 5, 11], "texture": "#0"}
			}
		},
		{
			"name": "shortbow_pulling_0_20",
			"from": [10, 0, 11],
			"to": [11, 1, 13],
			"faces": {
				"north": {"uv": [11, 11, 10, 12], "texture": "#0"},
				"east": {"uv": [10, 11, 11, 13], "rotation": 90, "texture": "#0"},
				"south": {"uv": [10, 12, 11, 13], "texture": "#0"},
				"west": {"uv": [10, 11, 11, 13], "rotation": 270, "texture": "#0"},
				"up": {"uv": [10, 11, 11, 13], "texture": "#0"},
				"down": {"uv": [10, 13, 11, 11], "texture": "#0"}
			}
		},
		{
			"name": "shortbow_pulling_0_21",
			"from": [3, 0, 14],
			"to": [4, 1, 15],
			"faces": {
				"north": {"uv": [4, 14, 3, 15], "texture": "#0"},
				"east": {"uv": [3, 14, 4, 15], "rotation": 90, "texture": "#0"},
				"south": {"uv": [3, 14, 4, 15], "texture": "#0"},
				"west": {"uv": [3, 14, 4, 15], "rotation": 270, "texture": "#0"},
				"up": {"uv": [3, 14, 4, 15], "texture": "#0"},
				"down": {"uv": [3, 15, 4, 14], "texture": "#0"}
			}
		}
	],
	"gui_light": "front",
	"display": {
		"thirdperson_righthand": {
			"rotation": [50, -8, 102],
			"translation": [-7.5, -0.25, 4.75],
			"scale": [1.1, 0.9, 1.1]
		},
		"thirdperson_lefthand": {
			"rotation": [50, -10, -80],
			"translation": [5.5, 0, 8],
			"scale": [1.1, 0.9, 1.1]
		},
		"firstperson_righthand": {
			"rotation": [63, -7, 90],
			"translation": [-1.75, 5, -1.5],
			"scale": [0.9, 0.9, 0.9]
		},
		"firstperson_lefthand": {
			"rotation": [63, -13.5, -84],
			"translation": [12, 3, -0.25],
			"scale": [0.9, 0.9, 0.9]
		},
		"ground": {
			"rotation": [90, 15, 0],
			"translation": [0, -0.5, 0],
			"scale": [0.5, 0.5, 0.5]
		},
		"gui": {
			"rotation": [90, 0, 0]
		},
		"head": {
			"rotation": [90, 90, 0],
			"translation": [-0.75, -12.75, 12.5]
		},
		"fixed": {
			"rotation": [90, 0, -180],
			"translation": [0, 0, -7.5]
		}
	},
	"groups": [
		{
			"name": "shortbow_pulling_0",
			"origin": [8, 8, 8],
			"color": 0,
			"children": [0, 1, 2, 3, 4, 5, 6, 7, 8, 9, 10, 11, 12, 13, 14, 15, 16, 17, 18, 19, 20, 21]
		}
	]
}