{
	"credit": "Made with Blockbench",
	"parent": "yumi",
	"textures": {
		"0": "minecraft:item/grimdark/bow/yumi_pulling_1",
		"particle": "minecraft:item/grimdark/bow/yumi_pulling_1"
	},
	"elements": [
		{
			"name": "yumi_pulling_1_0",
			"from": [5, 0, 0],
			"to": [11, 1, 2],
			"faces": {
				"north": {"uv": [11, 0, 5, 1], "texture": "#0"},
				"east": {"uv": [10, 0, 11, 2], "rotation": 90, "texture": "#0"},
				"south": {"uv": [5, 1, 11, 2], "texture": "#0"},
				"west": {"uv": [5, 0, 6, 2], "rotation": 270, "texture": "#0"},
				"up": {"uv": [5, 0, 11, 2], "texture": "#0"},
				"down": {"uv": [5, 2, 11, 0], "texture": "#0"}
			}
		},
		{
			"name": "yumi_pulling_1_1",
			"from": [15, 0, 0],
			"to": [16, 1, 2],
			"faces": {
				"north": {"uv": [16, 0, 15, 1], "texture": "#0"},
				"east": {"uv": [15, 0, 16, 2], "rotation": 90, "texture": "#0"},
				"south": {"uv": [15, 1, 16, 2], "texture": "#0"},
				"west": {"uv": [15, 0, 16, 2], "rotation": 270, "texture": "#0"},
				"up": {"uv": [15, 0, 16, 2], "texture": "#0"},
				"down": {"uv": [15, 2, 16, 0], "texture": "#0"}
			}
		},
		{
			"name": "yumi_pulling_1_2",
			"from": [4, 0, 1],
			"to": [5, 1, 9],
			"faces": {
				"north": {"uv": [5, 1, 4, 2], "texture": "#0"},
				"east": {"uv": [4, 1, 5, 9], "rotation": 90, "texture": "#0"},
				"south": {"uv": [4, 8, 5, 9], "texture": "#0"},
				"west": {"uv": [4, 1, 5, 9], "rotation": 270, "texture": "#0"},
				"up": {"uv": [4, 1, 5, 9], "texture": "#0"},
				"down": {"uv": [4, 9, 5, 1], "texture": "#0"}
			}
		},
		{
			"name": "yumi_pulling_1_3",
			"from": [11, 0, 1],
			"to": [15, 1, 2],
			"faces": {
				"north": {"uv": [15, 1, 11, 2], "texture": "#0"},
				"east": {"uv": [14, 1, 15, 2], "rotation": 90, "texture": "#0"},
				"south": {"uv": [11, 1, 15, 2], "texture": "#0"},
				"west": {"uv": [11, 1, 12, 2], "rotation": 270, "texture": "#0"},
				"up": {"uv": [11, 1, 15, 2], "texture": "#0"},
				"down": {"uv": [11, 2, 15, 1], "texture": "#0"}
			}
		},
		{
			"name": "yumi_pulling_1_4",
			"from": [5, 0, 2],
			"to": [6, 1, 4],
			"faces": {
				"north": {"uv": [6, 2, 5, 3], "texture": "#0"},
				"east": {"uv": [5, 2, 6, 4], "rotation": 90, "texture": "#0"},
				"south": {"uv": [5, 3, 6, 4], "texture": "#0"},
				"west": {"uv": [5, 2, 6, 4], "rotation": 270, "texture": "#0"},
				"up": {"uv": [5, 2, 6, 4], "texture": "#0"},
				"down": {"uv": [5, 4, 6, 2], "texture": "#0"}
			}
		},
		{
			"name": "yumi_pulling_1_5",
			"from": [12, 0, 2],
			"to": [15, 1, 3],
			"faces": {
				"north": {"uv": [15, 2, 12, 3], "texture": "#0"},
				"east": {"uv": [14, 2, 15, 3], "rotation": 90, "texture": "#0"},
				"south": {"uv": [12, 2, 15, 3], "texture": "#0"},
				"west": {"uv": [12, 2, 13, 3], "rotation": 270, "texture": "#0"},
				"up": {"uv": [12, 2, 15, 3], "texture": "#0"},
				"down": {"uv": [12, 3, 15, 2], "texture": "#0"}
			}
		},
		{
			"name": "yumi_pulling_1_6",
			"from": [0, 0, 3],
			"to": [4, 1, 6],
			"faces": {
				"north": {"uv": [4, 3, 0, 4], "texture": "#0"},
				"east": {"uv": [3, 3, 4, 6], "rotation": 90, "texture": "#0"},
				"south": {"uv": [0, 5, 4, 6], "texture": "#0"},
				"west": {"uv": [0, 3, 1, 6], "rotation": 270, "texture": "#0"},
				"up": {"uv": [0, 3, 4, 6], "texture": "#0"},
				"down": {"uv": [0, 6, 4, 3], "texture": "#0"}
			}
		},
		{
			"name": "yumi_pulling_1_7",
			"from": [13, 0, 3],
			"to": [15, 1, 7],
			"faces": {
				"north": {"uv": [15, 3, 13, 4], "texture": "#0"},
				"east": {"uv": [14, 3, 15, 7], "rotation": 90, "texture": "#0"},
				"south": {"uv": [13, 6, 15, 7], "texture": "#0"},
				"west": {"uv": [13, 3, 14, 7], "rotation": 270, "texture": "#0"},
				"up": {"uv": [13, 3, 15, 7], "texture": "#0"},
				"down": {"uv": [13, 7, 15, 3], "texture": "#0"}
			}
		},
		{
			"name": "yumi_pulling_1_8",
			"from": [1, 0, 6],
			"to": [4, 1, 8],
			"faces": {
				"north": {"uv": [4, 6, 1, 7], "texture": "#0"},
				"east": {"uv": [3, 6, 4, 8], "rotation": 90, "texture": "#0"},
				"south": {"uv": [1, 7, 4, 8], "texture": "#0"},
				"west": {"uv": [1, 6, 2, 8], "rotation": 270, "texture": "#0"},
				"up": {"uv": [1, 6, 4, 8], "texture": "#0"},
				"down": {"uv": [1, 8, 4, 6], "texture": "#0"}
			}
		},
		{
			"name": "yumi_pulling_1_9",
			"from": [0, 0, 7],
			"to": [1, 1, 12],
			"faces": {
				"north": {"uv": [1, 7, 0, 8], "texture": "#0"},
				"east": {"uv": [0, 7, 1, 12], "rotation": 90, "texture": "#0"},
				"south": {"uv": [0, 11, 1, 12], "texture": "#0"},
				"west": {"uv": [0, 7, 1, 12], "rotation": 270, "texture": "#0"},
				"up": {"uv": [0, 7, 1, 12], "texture": "#0"},
				"down": {"uv": [0, 12, 1, 7], "texture": "#0"}
			}
		},
		{
			"name": "yumi_pulling_1_10",
			"from": [5, 0, 7],
			"to": [6, 1, 10],
			"faces": {
				"north": {"uv": [6, 7, 5, 8], "texture": "#0"},
				"east": {"uv": [5, 7, 6, 10], "rotation": 90, "texture": "#0"},
				"south": {"uv": [5, 9, 6, 10], "texture": "#0"},
				"west": {"uv": [5, 7, 6, 10], "rotation": 270, "texture": "#0"},
				"up": {"uv": [5, 7, 6, 10], "texture": "#0"},
				"down": {"uv": [5, 10, 6, 7], "texture": "#0"}
			}
		},
		{
			"name": "yumi_pulling_1_11",
			"from": [12, 0, 7],
			"to": [14, 1, 11],
			"faces": {
				"north": {"uv": [14, 7, 12, 8], "texture": "#0"},
				"east": {"uv": [13, 7, 14, 11], "rotation": 90, "texture": "#0"},
				"south": {"uv": [12, 10, 14, 11], "texture": "#0"},
				"west": {"uv": [12, 7, 13, 11], "rotation": 270, "texture": "#0"},
				"up": {"uv": [12, 7, 14, 11], "texture": "#0"},
				"down": {"uv": [12, 11, 14, 7], "texture": "#0"}
			}
		},
		{
			"name": "yumi_pulling_1_12",
			"from": [1, 0, 8],
			"to": [2, 1, 16],
			"faces": {
				"north": {"uv": [2, 8, 1, 9], "texture": "#0"},
				"east": {"uv": [1, 8, 2, 16], "rotation": 90, "texture": "#0"},
				"south": {"uv": [1, 15, 2, 16], "texture": "#0"},
				"west": {"uv": [1, 8, 2, 16], "rotation": 270, "texture": "#0"},
				"up": {"uv": [1, 8, 2, 16], "texture": "#0"},
				"down": {"uv": [1, 16, 2, 8], "texture": "#0"}
			}
		},
		{
			"name": "yumi_pulling_1_13",
			"from": [6, 0, 8],
			"to": [7, 1, 11],
			"faces": {
				"north": {"uv": [7, 8, 6, 9], "texture": "#0"},
				"east": {"uv": [6, 8, 7, 11], "rotation": 90, "texture": "#0"},
				"south": {"uv": [6, 10, 7, 11], "texture": "#0"},
				"west": {"uv": [6, 8, 7, 11], "rotation": 270, "texture": "#0"},
				"up": {"uv": [6, 8, 7, 11], "texture": "#0"},
				"down": {"uv": [6, 11, 7, 8], "texture": "#0"}
			}
		},
		{
			"name": "yumi_pulling_1_14",
			"from": [7, 0, 9],
			"to": [8, 1, 12],
			"faces": {
				"north": {"uv": [8, 9, 7, 10], "texture": "#0"},
				"east": {"uv": [7, 9, 8, 12], "rotation": 90, "texture": "#0"},
				"south": {"uv": [7, 11, 8, 12], "texture": "#0"},
				"west": {"uv": [7, 9, 8, 12], "rotation": 270, "texture": "#0"},
				"up": {"uv": [7, 9, 8, 12], "texture": "#0"},
				"down": {"uv": [7, 12, 8, 9], "texture": "#0"}
			}
		},
		{
			"name": "yumi_pulling_1_15",
			"from": [8, 0, 10],
			"to": [9, 1, 13],
			"faces": {
				"north": {"uv": [9, 10, 8, 11], "texture": "#0"},
				"east": {"uv": [8, 10, 9, 13], "rotation": 90, "texture": "#0"},
				"south": {"uv": [8, 12, 9, 13], "texture": "#0"},
				"west": {"uv": [8, 10, 9, 13], "rotation": 270, "texture": "#0"},
				"up": {"uv": [8, 10, 9, 13], "texture": "#0"},
				"down": {"uv": [8, 13, 9, 10], "texture": "#0"}
			}
		},
		{
			"name": "yumi_pulling_1_16",
			"from": [9, 0, 11],
			"to": [10, 1, 16],
			"faces": {
				"north": {"uv": [10, 11, 9, 12], "texture": "#0"},
				"east": {"uv": [9, 11, 10, 16], "rotation": 90, "texture": "#0"},
				"south": {"uv": [9, 15, 10, 16], "texture": "#0"},
				"west": {"uv": [9, 11, 10, 16], "rotation": 270, "texture": "#0"},
				"up": {"uv": [9, 11, 10, 16], "texture": "#0"},
				"down": {"uv": [9, 16, 10, 11], "texture": "#0"}
			}
		},
		{
			"name": "yumi_pulling_1_17",
			"from": [12, 0, 11],
			"to": [13, 1, 14],
			"faces": {
				"north": {"uv": [13, 11, 12, 12], "texture": "#0"},
				"east": {"uv": [12, 11, 13, 14], "rotation": 90, "texture": "#0"},
				"south": {"uv": [12, 13, 13, 14], "texture": "#0"},
				"west": {"uv": [12, 11, 13, 14], "rotation": 270, "texture": "#0"},
				"up": {"uv": [12, 11, 13, 14], "texture": "#0"},
				"down": {"uv": [12, 14, 13, 11], "texture": "#0"}
			}
		},
		{
			"name": "yumi_pulling_1_18",
			"from": [10, 0, 12],
			"to": [12, 1, 15],
			"faces": {
				"north": {"uv": [12, 12, 10, 13], "texture": "#0"},
				"east": {"uv": [11, 12, 12, 15], "rotation": 90, "texture": "#0"},
				"south": {"uv": [10, 14, 12, 15], "texture": "#0"},
				"west": {"uv": [10, 12, 11, 15], "rotation": 270, "texture": "#0"},
				"up": {"uv": [10, 12, 12, 15], "texture": "#0"},
				"down": {"uv": [10, 15, 12, 12], "texture": "#0"}
			}
		},
		{
			"name": "yumi_pulling_1_19",
			"from": [2, 0, 13],
			"to": [3, 1, 16],
			"faces": {
				"north": {"uv": [3, 13, 2, 14], "texture": "#0"},
				"east": {"uv": [2, 13, 3, 16], "rotation": 90, "texture": "#0"},
				"south": {"uv": [2, 15, 3, 16], "texture": "#0"},
				"west": {"uv": [2, 13, 3, 16], "rotation": 270, "texture": "#0"},
				"up": {"uv": [2, 13, 3, 16], "texture": "#0"},
				"down": {"uv": [2, 16, 3, 13], "texture": "#0"}
			}
		},
		{
			"name": "yumi_pulling_1_20",
			"from": [3, 0, 14],
			"to": [7, 1, 16],
			"faces": {
				"north": {"uv": [7, 14, 3, 15], "texture": "#0"},
				"east": {"uv": [6, 14, 7, 16], "rotation": 90, "texture": "#0"},
				"south": {"uv": [3, 15, 7, 16], "texture": "#0"},
				"west": {"uv": [3, 14, 4, 16], "rotation": 270, "texture": "#0"},
				"up": {"uv": [3, 14, 7, 16], "texture": "#0"},
				"down": {"uv": [3, 16, 7, 14], "texture": "#0"}
			}
		},
		{
			"name": "yumi_pulling_1_21",
			"from": [0, 0, 15],
			"to": [1, 1, 16],
			"faces": {
				"north": {"uv": [1, 15, 0, 16], "texture": "#0"},
				"east": {"uv": [0, 15, 1, 16], "rotation": 90, "texture": "#0"},
				"south": {"uv": [0, 15, 1, 16], "texture": "#0"},
				"west": {"uv": [0, 15, 1, 16], "rotation": 270, "texture": "#0"},
				"up": {"uv": [0, 15, 1, 16], "texture": "#0"},
				"down": {"uv": [0, 16, 1, 15], "texture": "#0"}
			}
		},
		{
			"name": "yumi_pulling_1_22",
			"from": [7, 0, 15],
			"to": [9, 1, 16],
			"faces": {
				"north": {"uv": [9, 15, 7, 16], "texture": "#0"},
				"east": {"uv": [8, 15, 9, 16], "rotation": 90, "texture": "#0"},
				"south": {"uv": [7, 15, 9, 16], "texture": "#0"},
				"west": {"uv": [7, 15, 8, 16], "rotation": 270, "texture": "#0"},
				"up": {"uv": [7, 15, 9, 16], "texture": "#0"},
				"down": {"uv": [7, 16, 9, 15], "texture": "#0"}
			}
		},
		{
			"name": "yumi_pulling_1_23",
			"from": [10, 0, 15],
			"to": [11, 1, 16],
			"faces": {
				"north": {"uv": [11, 15, 10, 16], "texture": "#0"},
				"east": {"uv": [10, 15, 11, 16], "rotation": 90, "texture": "#0"},
				"south": {"uv": [10, 15, 11, 16], "texture": "#0"},
				"west": {"uv": [10, 15, 11, 16], "rotation": 270, "texture": "#0"},
				"up": {"uv": [10, 15, 11, 16], "texture": "#0"},
				"down": {"uv": [10, 16, 11, 15], "texture": "#0"}
			}
		}
	],
	"gui_light": "front",
	"display": {
		"thirdperson_righthand": {
			"rotation": [50, -8, 102],
			"translation": [-7.5, -0.25, 4.75],
			"scale": [1.1, 0.9, 1.1]
		},
		"thirdperson_lefthand": {
			"rotation": [50, -10, -80],
			"translation": [5.5, 0, 8],
			"scale": [1.1, 0.9, 1.1]
		},
		"firstperson_righthand": {
			"rotation": [63, -7, 90],
			"translation": [-1.75, 5, -1.5],
			"scale": [0.9, 0.9, 0.9]
		},
		"firstperson_lefthand": {
			"rotation": [63, -13.5, -84],
			"translation": [12, 3, -0.25],
			"scale": [0.9, 0.9, 0.9]
		},
		"ground": {
			"rotation": [90, 15, 0],
			"translation": [0, -0.5, 0],
			"scale": [0.5, 0.5, 0.5]
		},
		"gui": {
			"rotation": [90, 0, 0]
		},
		"head": {
			"rotation": [90, 90, 0],
			"translation": [-0.75, -12.75, 12.5]
		},
		"fixed": {
			"rotation": [90, 0, -180],
			"translation": [0, 0, -7.5]
		}
	},
	"groups": [
		{
			"name": "yumi_pulling_1",
			"origin": [8, 8, 8],
			"color": 0,
			"children": [0, 1, 2, 3, 4, 5, 6, 7, 8, 9, 10, 11, 12, 13, 14, 15, 16, 17, 18, 19, 20, 21, 22, 23]
		}
	]
}