{
   "parent":"item/handheld",
   "textures":{
      "layer0":"item/carved_pumpkin"
   },
   "overrides":[
      {
         "predicate":{
            "custom_model_data":0
         },
         "model":"block/carved_pumpkin"
      },
      {
         "predicate":{
            "custom_model_data":96500
         },
         "model":"yeboitt/hat_1"
      },
      {
         "predicate":{
            "custom_model_data":96501
         },
         "model":"yeboitt/hat_2"
      },
      {
         "predicate":{
            "custom_model_data":96502
         },
         "model":"yeboitt/hat_3"
      },
      {
         "predicate":{
            "custom_model_data":96503
         },
         "model":"yeboitt/hat_4"
      },
      {
         "predicate":{
            "custom_model_data":96504
         },
         "model":"yeboitt/beret"
      },
      {
         "predicate":{
            "custom_model_data":96505
         },
         "model":"yeboitt/nice_one"
      },
      {
         "predicate":{
            "custom_model_data":96506
         },
         "model":"yeboitt/top_hat"
      },
      {
         "predicate":{
            "custom_model_data":96507
         },
         "model":"yeboitt/flat_cap"
      },
      {
         "predicate":{
            "custom_model_data":96508
         },
         "model":"yeboitt/cavalier"
      },
      {
         "predicate":{
            "custom_model_data":96509
         },
         "model":"multiversity/cad_bane"
      },
      {
         "predicate":{
            "custom_model_data":96510
         },
         "model":"tristenlosey/adventure_time"
      },
      {
         "predicate":{
            "custom_model_data":96511
         },
         "model":"tristenlosey/bee_hat"
      },
      {
         "predicate":{
            "custom_model_data":96513
         },
         "model":"tristenlosey/brown_hat"
      },
      {
         "predicate":{
            "custom_model_data":96514
         },
         "model":"tristenlosey/cake_daddy"
      },
      {
         "predicate":{
            "custom_model_data":96515
         },
         "model":"tristenlosey/chicken_cap"
      },
      {
         "predicate":{
            "custom_model_data":96516
         },
         "model":"tristenlosey/cowpoke_hide"
      },
      {
         "predicate":{
            "custom_model_data":96517
         },
         "model":"tristenlosey/creeper_hide_hat"
      },
      {
         "predicate":{
            "custom_model_data":96518
         },
         "model":"tristenlosey/donkey_hide_hood"
      },
      {
         "predicate":{
            "custom_model_data":96519
         },
         "model":"tristenlosey/ender_dragon_hide_hat"
      },
      {
         "predicate":{
            "custom_model_data":96520
         },
         "model":"tristenlosey/enderman_hide_hat"
      },
      {
         "predicate":{
            "custom_model_data":96521
         },
         "model":"tristenlosey/fox_hide_hat"
      },
      {
         "predicate":{
            "custom_model_data":96522
         },
         "model":"tristenlosey/georgia_devil"
      },
      {
         "predicate":{
            "custom_model_data":96523
         },
         "model":"tristenlosey/goat_skin_hat"
      },
      {
         "predicate":{
            "custom_model_data":96524
         },
         "model":"tristenlosey/grandpas_hat"
      },
      {
         "predicate":{
            "custom_model_data":96525
         },
         "model":"tristenlosey/guardian_eye_mask"
      },
      {
         "predicate":{
            "custom_model_data":96526
         },
         "model":"tristenlosey/hoglin_hat"
      },
      {
         "predicate":{
            "custom_model_data":96527
         },
         "model":"tristenlosey/horse_skull_mask"
      },
      {
         "predicate":{
            "custom_model_data":96528
         },
         "model":"tristenlosey/iron_golem_mask"
      },
      {
         "predicate":{
            "custom_model_data":96529
         },
         "model":"tristenlosey/king_trisekiel"
      },
      {
         "predicate":{
            "custom_model_data":96530
         },
         "model":"tristenlosey/legendary_goat_hood"
      },
      {
         "predicate":{
            "custom_model_data":96531
         },
         "model":"tristenlosey/log_hood"
      },
      {
         "predicate":{
            "custom_model_data":96532
         },
         "model":"tristenlosey/mining_helmet"
      },
      {
         "predicate":{
            "custom_model_data":96533
         },
         "model":"tristenlosey/moobloom_hide"
      },
      {
         "predicate":{
            "custom_model_data":96534
         },
         "model":"tristenlosey/mooshroom_hide"
      },
      {
         "predicate":{
            "custom_model_data":96535
         },
         "model":"tristenlosey/mossy_cap"
      },
      {
         "predicate":{
            "custom_model_data":96536
         },
         "model":"tristenlosey/ocelot_hide_hood"
      },
      {
         "predicate":{
            "custom_model_data":96537
         },
         "model":"tristenlosey/phantom_hide"
      },
      {
         "predicate":{
            "custom_model_data":96538
         },
         "model":"tristenlosey/pillager_hat"
      },
      {
         "predicate":{
            "custom_model_data":96546
         },
         "model":"tristenlosey/plague_cleric"
      },
      {
         "predicate":{
            "custom_model_data":96547
         },
         "model":"tristenlosey/plague_doctor"
      },
      {
         "predicate":{
            "custom_model_data":96548
         },
         "model":"tristenlosey/platypus_cap"
      },
      {
         "predicate":{
            "custom_model_data":96549
         },
         "model":"tristenlosey/polar_bear_hood"
      },
      {
         "predicate":{
            "custom_model_data":96550
         },
         "model":"tristenlosey/pufferfish_hide"
      },
      {
         "predicate":{
            "custom_model_data":96551
         },
         "model":"tristenlosey/ravager_hat"
      },
      {
         "predicate":{
            "custom_model_data":96552
         },
         "model":"tristenlosey/salmon_scaled_hat"
      },
      {
         "predicate":{
            "custom_model_data":96553
         },
         "model":"tristenlosey/sculk_helsing"
      },
      {
         "predicate":{
            "custom_model_data":96554
         },
         "model":"tristenlosey/spectacles_f"
      },
      {
         "predicate":{
            "custom_model_data":96555
         },
         "model":"tristenlosey/spectacles_m"
      },
      {
         "predicate":{
            "custom_model_data":96556
         },
         "model":"tristenlosey/straw_hat"
      },
      {
         "predicate":{
            "custom_model_data":96557
         },
         "model":"tristenlosey/van_helsing"
      },
      {
         "predicate":{
            "custom_model_data":96558
         },
         "model":"tristenlosey/wither_skull_hat"
      },
      {
         "predicate":{
            "custom_model_data":96559
         },
         "model":"tristenlosey/zombie_horse_hood"
      },
      {
         "predicate":{
            "custom_model_data":96560
         },
         "model":"stp/carved/carved_melon/carved_melon"
      },
      {
         "predicate":{
            "custom_model_data":96561
         },
         "model":"item/overgrown/steampunk_goggles"
      },
      {
         "predicate":{
            "custom_model_data":96562
         },
         "model":"item/l0rn3/servo_skull"
      },
      {
         "predicate":{
            "custom_model_data":96563
         },
         "model":"item/l0rn3/iron_servitor"
      }
   ]
}