{
   "parent":"minecraft:item/handheld",
   "textures":{
      "layer0":"minecraft:item/netherite_sword"
   },
   "overrides":[
      {
         "predicate":{
            "custom_model_data":21400
         },
         "model":"item/custom/red_sword"
      },
      {
         "predicate":{
            "custom_model_data":21401
         },
         "model":"item/custom/amethyest_encrusted_sword"
      },
      {
         "predicate":{
            "custom_model_data":21402
         },
         "model":"item/grimdark/grimdark_netherite_sword"
      },
      {
         "predicate":{
            "custom_model_data":21403
         },
         "model":"item/grimdark/netherite_greatsword"
      },
      {
         "predicate":{
            "custom_model_data":21404
         },
         "model":"item/grimdark/netherite_cutlass"
      },
      {
         "predicate":{
            "custom_model_data":21405
         },
         "model":"item/grimdark/netherite_glaive"
      },
      {
         "predicate":{
            "custom_model_data":21406
         },
         "model":"item/grimdark/netherite_halberd"
      },
      {
         "predicate":{
            "custom_model_data":21407
         },
         "model":"item/grimdark/netherite_katana"
      },
      {
         "predicate":{
            "custom_model_data":21408
         },
         "model":"item/grimdark/netherite_odachi"
      },
      {
         "predicate":{
            "custom_model_data":21410
         },
         "model":"item/grimdark/netherite_spear"
      },
      {
         "predicate":{
            "custom_model_data":21411
         },
         "model":"item/grimdark/netherite_warfork"
      },
      {
         "predicate":{
            "custom_model_data":21412
         },
         "model":"item/grimdark/netherite_warhammer"
      },
      {
         "predicate":{
            "custom_model_data":21413
         },
         "model":"item/grimdark/netherite_broadsword"
      },
      {
         "predicate":{
            "custom_model_data":21414
         },
         "model":"item/grimdark/netherite_dagger"
      },
      {
         "predicate":{
            "custom_model_data":21415
         },
         "model":"item/moozaur/melon_sword"
      },
      {
         "predicate":{
            "custom_model_data":88807
         },
         "model":"item/overgrown/polymath_wrench"
      },
      {
         "predicate":{
            "custom_model_data":88808
         },
         "model":"item/letswin65ben/letswin65ben_sword"
      }
   ]
}