{
	"credit": "Made with Blockbench",
	"texture_size": [128, 128],
	"textures": {
		"0": "minecraft:item/l0rn3/iron_servitor"
	},
	"elements": [
		{
			"name": "body",
			"from": [-1, 20, 4.5],
			"to": [17, 32, 15.5],
			"rotation": {"angle": 0, "axis": "y", "origin": [8, 0, 10.5]},
			"faces": {
				"north": {"uv": [1.375, 6.375, 3.625, 7.875], "texture": "#0"},
				"east": {"uv": [0, 6.375, 1.375, 7.875], "texture": "#0"},
				"south": {"uv": [5, 6.375, 7.25, 7.875], "texture": "#0"},
				"west": {"uv": [3.625, 6.375, 5, 7.875], "texture": "#0"},
				"up": {"uv": [3.625, 6.375, 1.375, 5], "texture": "#0"},
				"down": {"uv": [5.875, 5, 3.625, 6.375], "texture": "#0"}
			}
		},
		{
			"name": "body",
			"from": [3, 15.5, 7],
			"to": [13, 21.5, 14],
			"rotation": {"angle": 0, "axis": "y", "origin": [8, 0, 10.5]},
			"faces": {
				"north": {"uv": [0.75, 9.5, 1.875, 10.125], "texture": "#0"},
				"east": {"uv": [0, 9.5, 0.75, 10.125], "texture": "#0"},
				"south": {"uv": [2.625, 9.5, 3.75, 10.125], "texture": "#0"},
				"west": {"uv": [1.875, 9.5, 2.625, 10.125], "texture": "#0"},
				"up": {"uv": [1.875, 9.5, 0.75, 8.75], "texture": "#0"},
				"down": {"uv": [3, 8.75, 1.875, 9.5], "texture": "#0"}
			}
		},
		{
			"name": "head",
			"from": [4, 24, 2],
			"to": [11, 32, 9],
			"rotation": {"angle": 0, "axis": "y", "origin": [8, 0, 10.5]},
			"faces": {
				"north": {"uv": [1, 1, 1.875, 2], "texture": "#0"},
				"east": {"uv": [0.125, 1, 1, 2], "texture": "#0"},
				"south": {"uv": [2.75, 1, 3.625, 2], "texture": "#0"},
				"west": {"uv": [1.875, 1, 2.75, 2], "texture": "#0"},
				"up": {"uv": [1.875, 1, 1, 0.125], "texture": "#0"},
				"down": {"uv": [2.75, 0.125, 1.875, 1], "texture": "#0"}
			}
		},
		{
			"name": "right_arm",
			"from": [17, 2, 7.5],
			"to": [21, 32, 13.5],
			"rotation": {"angle": 0, "axis": "y", "origin": [8, 0, 10.5]},
			"faces": {
				"north": {"uv": [8.25, 3.375, 8.75, 7.125], "texture": "#0"},
				"east": {"uv": [7.5, 3.375, 8.25, 7.125], "texture": "#0"},
				"south": {"uv": [9.5, 3.375, 10, 7.125], "texture": "#0"},
				"west": {"uv": [8.75, 3.375, 9.5, 7.125], "texture": "#0"},
				"up": {"uv": [8.75, 3.375, 8.25, 2.625], "texture": "#0"},
				"down": {"uv": [9.25, 2.625, 8.75, 3.375], "texture": "#0"}
			}
		},
		{
			"name": "left_arm",
			"from": [-5, 2, 7.5],
			"to": [-1, 32, 13.5],
			"rotation": {"angle": 0, "axis": "y", "origin": [8, 0, 10.5]},
			"faces": {
				"north": {"uv": [8.25, 8, 8.75, 11.75], "texture": "#0"},
				"east": {"uv": [7.5, 8, 8.25, 11.75], "texture": "#0"},
				"south": {"uv": [9.5, 8, 10, 11.75], "texture": "#0"},
				"west": {"uv": [8.75, 8, 9.5, 11.75], "texture": "#0"},
				"up": {"uv": [8.75, 8, 8.25, 7.25], "texture": "#0"},
				"down": {"uv": [9.25, 7.25, 8.75, 8], "texture": "#0"}
			}
		},
		{
			"name": "right_leg",
			"from": [9.5, 0, 7.5],
			"to": [15.5, 16, 12.5],
			"rotation": {"angle": 0, "axis": "y", "origin": [8, 0, 10.5]},
			"faces": {
				"north": {"uv": [5.25, 0.625, 6, 2.625], "texture": "#0"},
				"east": {"uv": [4.625, 0.625, 5.25, 2.625], "texture": "#0"},
				"south": {"uv": [6.625, 0.625, 7.375, 2.625], "texture": "#0"},
				"west": {"uv": [6, 0.625, 6.625, 2.625], "texture": "#0"},
				"up": {"uv": [6, 0.625, 5.25, 0], "texture": "#0"},
				"down": {"uv": [6.75, 0, 6, 0.625], "texture": "#0"}
			}
		},
		{
			"name": "left_leg",
			"from": [0.5, 0, 7.5],
			"to": [6.5, 16, 12.5],
			"rotation": {"angle": 0, "axis": "y", "origin": [8, 0, 10.5]},
			"faces": {
				"north": {"uv": [8.125, 0.625, 8.875, 2.625], "texture": "#0"},
				"east": {"uv": [7.5, 0.625, 8.125, 2.625], "texture": "#0"},
				"south": {"uv": [9.5, 0.625, 10.25, 2.625], "texture": "#0"},
				"west": {"uv": [8.875, 0.625, 9.5, 2.625], "texture": "#0"},
				"up": {"uv": [8.875, 0.625, 8.125, 0], "texture": "#0"},
				"down": {"uv": [9.625, 0, 8.875, 0.625], "texture": "#0"}
			}
		}
	],
	"display": {
		"thirdperson_righthand": {
			"scale": [0.31, 0.31, 0.31]
		},
		"thirdperson_lefthand": {
			"scale": [0.31, 0.31, 0.31]
		},
		"firstperson_righthand": {
			"scale": [0.31, 0.31, 0.31]
		},
		"firstperson_lefthand": {
			"scale": [0.31, 0.31, 0.31]
		},
		"ground": {
			"scale": [0.54, 0.54, 0.54]
		},
		"gui": {
			"rotation": [-1, 180, 0],
			"translation": [0, -3.5, 0],
			"scale": [0.46, 0.46, 0.46]
		},
		"head": {
			"translation": [0, -28.25, -4.25],
			"scale": [1.81, 1.81, 1.81]
		},
		"fixed": {
			"rotation": [-89, -3, 0],
			"translation": [0, -7.25, -21.75],
			"scale": [2.72, 2.72, 2.72]
		}
	},
	"groups": [
		{
			"name": "body",
			"origin": [0, 31, 0],
			"color": 0,
			"children": [0, 1]
		},
		{
			"name": "head",
			"origin": [8, 31, 8.5],
			"color": 0,
			"children": [2]
		},
		{
			"name": "right_arm",
			"origin": [0, 31, 0],
			"color": 0,
			"children": [3]
		},
		{
			"name": "left_arm",
			"origin": [0, 31, 0],
			"color": 0,
			"children": [4]
		},
		{
			"name": "right_leg",
			"origin": [4, 13, 0],
			"color": 0,
			"children": [5]
		},
		{
			"name": "left_leg",
			"origin": [-5, 13, 0],
			"color": 0,
			"children": [6]
		}
	]
}