{
	"credit": "Made with Blockbench",
	"texture_size": [32, 32],
	"textures": {
		"1": "minecraft:item/l0rn3/servo_skull"
	},
	"elements": [
		{
			"name": "head",
			"from": [-2.5, 6, -2.5],
			"to": [2.5, 11, 2.5],
			"faces": {
				"north": {"uv": [2.5, 2.5, 5, 5], "texture": "#1"},
				"east": {"uv": [0, 2.5, 2.5, 5], "texture": "#1"},
				"south": {"uv": [7.5, 2.5, 10, 5], "texture": "#1"},
				"west": {"uv": [5, 2.5, 7.5, 5], "texture": "#1"},
				"up": {"uv": [5, 2.5, 2.5, 0], "texture": "#1"},
				"down": {"uv": [7.5, 0, 5, 2.5], "texture": "#1"}
			}
		},
		{
			"name": "body",
			"from": [-1.5, 2, -1],
			"to": [1.5, 6, 1],
			"faces": {
				"north": {"uv": [1, 6, 2.5, 8], "texture": "#1"},
				"east": {"uv": [0, 6, 1, 8], "texture": "#1"},
				"south": {"uv": [3.5, 6, 5, 8], "texture": "#1"},
				"west": {"uv": [2.5, 6, 3.5, 8], "texture": "#1"},
				"up": {"uv": [2.5, 6, 1, 5], "texture": "#1"},
				"down": {"uv": [4, 5, 2.5, 6], "texture": "#1"}
			}
		},
		{
			"name": "body",
			"from": [-1.3, 1.2, -0.8],
			"to": [1.3, 5.8, 0.8],
			"faces": {
				"north": {"uv": [1, 9, 2.5, 11.5], "texture": "#1"},
				"east": {"uv": [0, 9, 1, 11.5], "texture": "#1"},
				"south": {"uv": [3.5, 9, 5, 11.5], "texture": "#1"},
				"west": {"uv": [2.5, 9, 3.5, 11.5], "texture": "#1"},
				"up": {"uv": [2.5, 9, 1, 8], "texture": "#1"},
				"down": {"uv": [4, 8, 2.5, 9], "texture": "#1"}
			}
		},
		{
			"name": "right_arm",
			"from": [1.5, 2, -1],
			"to": [2.5, 6, 1],
			"faces": {
				"north": {"uv": [12.5, 1, 13, 3], "texture": "#1"},
				"east": {"uv": [11.5, 1, 12.5, 3], "texture": "#1"},
				"south": {"uv": [14, 1, 14.5, 3], "texture": "#1"},
				"west": {"uv": [13, 1, 14, 3], "texture": "#1"},
				"up": {"uv": [13, 1, 12.5, 0], "texture": "#1"},
				"down": {"uv": [13.5, 0, 13, 1], "texture": "#1"}
			}
		},
		{
			"name": "left_arm",
			"from": [-2.5, 2, -1],
			"to": [-1.5, 6, 1],
			"faces": {
				"north": {"uv": [12.5, 4, 13, 6], "texture": "#1"},
				"east": {"uv": [11.5, 4, 12.5, 6], "texture": "#1"},
				"south": {"uv": [14, 4, 14.5, 6], "texture": "#1"},
				"west": {"uv": [13, 4, 14, 6], "texture": "#1"},
				"up": {"uv": [13, 4, 12.5, 3], "texture": "#1"},
				"down": {"uv": [13.5, 3, 13, 4], "texture": "#1"}
			}
		},
		{
			"name": "left_wing",
			"from": [-0.5, 0, 1],
			"to": [-0.5, 5, 9],
			"faces": {
				"north": {"uv": [12, 11, 12, 13.5], "texture": "#1"},
				"east": {"uv": [8, 11, 12, 13.5], "texture": "#1"},
				"south": {"uv": [16, 11, 16, 13.5], "texture": "#1"},
				"west": {"uv": [12, 11, 16, 13.5], "texture": "#1"},
				"up": {"uv": [12, 11, 12, 7], "texture": "#1"},
				"down": {"uv": [12, 7, 12, 11], "texture": "#1"}
			}
		},
		{
			"name": "right_wing",
			"from": [0.5, 0, 1],
			"to": [0.5, 5, 9],
			"faces": {
				"north": {"uv": [12, 11, 12, 13.5], "texture": "#1"},
				"east": {"uv": [8, 11, 12, 13.5], "texture": "#1"},
				"south": {"uv": [16, 11, 16, 13.5], "texture": "#1"},
				"west": {"uv": [12, 11, 16, 13.5], "texture": "#1"},
				"up": {"uv": [12, 11, 12, 7], "texture": "#1"},
				"down": {"uv": [12, 7, 12, 11], "texture": "#1"}
			}
		}
	],
	"display": {
		"thirdperson_righthand": {
			"translation": [8, -2, 6.75]
		},
		"thirdperson_lefthand": {
			"translation": [-7.25, -2, 5.75],
			"scale": [0.99, 1, 1]
		},
		"firstperson_righthand": {
			"translation": [13, -1.5, 2.75]
		},
		"firstperson_lefthand": {
			"translation": [0, -2.5, 0]
		},
		"ground": {
			"translation": [8, 4.5, 7.5]
		},
		"gui": {
			"rotation": [5, -177, -3],
			"translation": [-9.5, 1.75, 0],
			"scale": [1.27, 1.27, 1.27]
		},
		"head": {
			"translation": [0.5, 7.75, 25],
			"scale": [2.01, 2.01, 2.01]
		},
		"fixed": {
			"rotation": [-95, 0, -1],
			"translation": [20.25, 15.75, -57],
			"scale": [2.57, 2.57, 2.57]
		}
	},
	"groups": [
		{
			"name": "head",
			"origin": [0, 6, 0],
			"color": 0,
			"children": [0]
		},
		{
			"name": "body",
			"origin": [0, 6, 0],
			"color": 0,
			"children": [1, 2]
		},
		{
			"name": "right_arm",
			"origin": [1.75, 5.5, 0],
			"color": 0,
			"children": [3]
		},
		{
			"name": "left_arm",
			"origin": [-1.75, 5.5, 0],
			"color": 0,
			"children": [4]
		},
		{
			"name": "left_wing",
			"origin": [-0.5, 6, 1],
			"color": 0,
			"children": [5]
		},
		{
			"name": "right_wing",
			"origin": [0.5, 6, 1],
			"color": 0,
			"children": [6]
		}
	]
}